Track URI,Track Name,Album Name,Artist Name(s),Release Date,Duration (ms),Popularity,Explicit,Added By,Added At,Genres,Record Label,Danceability,Energy,Key,Loudness,Mode,Speechiness,Acousticness,Instrumentalness,Liveness,Valence,Tempo,Time Signature
spotify:track:07K4GcCDSTiXUF5ssyTRUM,"The Sweet Escape","The Sweet Escape","Gwen Stefani;Akon",2006-01-01,246466,78,false,,2026-01-21T16:07:08Z,"","Interscope",0.756,0.769,1,-3.502,1,0.0344,0.191,0,0.178,0.73,119.961,4
spotify:track:09CnYHiZ5jGT1wr1TXJ9Zt,"Thank You (Not So Bad)","Thank You (Not So Bad)","Dimitri Vegas & Like Mike;Tiësto;Dido;W&W;Dimitri Vegas;Like Mike",2023-12-01,140000,84,false,,2026-01-21T08:23:47Z,"big room,muzyka elektroniczna,edm,trance,house","Ministry of Sound Recordings",0.673,0.95,11,-5.149,1,0.0488,0.0229,0.0823,0.398,0.563,150.019,4
spotify:track:07nH4ifBxUB4lZcsf44Brn,"Blame (feat. John Newman)","Motion","Calvin Harris;John Newman",2014-10-31,212960,84,false,,2026-01-19T14:26:08Z,"edm","Columbia",0.414,0.857,0,-4.078,0,0.0808,0.0287,0.00574,0.343,0.348,128.024,4
spotify:track:3rfhI32Il2hVRKDkuGeeen,"Hey Baby (Drop It to the Floor) (feat. T-Pain)","Planet Pit (Deluxe Version)","Pitbull;T-Pain",2011-06-17,234453,83,false,,2026-01-19T14:00:59Z,"","Mr.305/Polo Grounds Music/J Records",0.595,0.912,10,-3.428,0,0.0884,0.0434,0,0.259,0.762,128.024,4
spotify:track:3tKZrYDtkte1E68aNozR75,"Little Hollywood","Sticker on My Suitcase","Alle Farben;Janieck",2019-06-14,182921,54,false,,2026-01-12T08:09:49Z,"","Columbia/B1 Recordings",0.756,0.713,7,-6.012,1,0.0376,0.462,0.000477,0.0487,0.674,121.998,4
spotify:track:3gvJeMSwp2UUnibGpmdIhh,"Ile Dać Mam","Ile Dać Mam","MODELKI;Vłodarski",2024-07-04,168838,60,true,,2026-01-06T16:01:37Z,"disco polo","Universal Music Polska Sp. z o.o.",0.641,0.922,7,-4.32,1,0.0807,0.218,0,0.156,0.658,155.209,4
spotify:track:2ANRG0a5L0tuc0uX1TIZAl,"Mamy Deszcz, Banknoty","PLUTON","Dawid, Artysta;Blaga",2024-07-19,173085,56,true,,2026-01-06T15:55:24Z,"","CZELNOŚĆ",0.81,0.616,11,-7.549,1,0.331,0.308,0,0.48,0.626,128.056,4
spotify:track:7Lz3Eidz8YjBbK7GHNIn3o,"CHA CHA","NAPISZ JAK BĘDZIESZ","Sobel;SHDØW;francis",2025-04-24,150545,64,false,,2026-01-06T15:54:33Z,"witch house","Universal Music Polska Sp. z o.o.",0.719,0.584,1,-12.63,1,0.0941,0.0319,0,0.315,0.575,110.01,4
spotify:track:3ld1FzyNgpZwGn4h9cOXrq,"Love Me Not (feat. Rex Orange County)","Love Me Not (feat. Rex Orange County)","Ravyn Lenae;Rex Orange County",2024-10-08,188198,83,false,,2026-01-06T15:50:48Z,"alternatywne r&b,indie soul,bedroom pop","Atlantic Records",0.796,0.698,0,-6.947,1,0.0312,0.148,0,0.129,0.794,114.014,4
spotify:track:20I6sIOMTCkB6w7ryavxtO,"Call Me Maybe","Kiss","Carly Rae Jepsen",2012-01-01,193400,85,false,,2026-01-05T15:14:48Z,"","Silent Records IGA",0.782,0.58,7,-6.548,1,0.0407,0.0114,0.00000228,0.108,0.66,120.021,4
spotify:track:2vQKyIH0oaQtxlDpPTr3qn,"Mówiła mi","Nowy rozdział","B.R.O",2017-04-21,203720,38,false,,2025-12-22T06:38:34Z,"","Step Records",0.631,0.701,2,-6.704,1,0.0613,0.502,0,0.204,0.783,85.77,4
spotify:track:77qp2lzKsMmOeyKbtnoSVI,"„Tak to leciało!”","TTHE GRIND","Otsochodzi;Taco Hemingway;lohleq",2024-04-04,157720,65,true,,2025-12-21T08:03:37Z,"","2020",0.875,0.665,9,-7.061,0,0.229,0.0205,0,0.0897,0.936,134.992,4
spotify:track:4vhYckF7yzomDdqoHb3dIl,"Kulig","Hugo Bucc 2","Kaz Bałagane;DMN",2018-01-01,165483,63,false,,2025-12-19T16:17:14Z,"","NARKOPOP",0.626,0.645,10,-7.668,0,0.0747,0.128,0.000956,0.144,0.163,174.018,4
spotify:track:7g05XsuwROZFkUDNyktZdm,"Puerto Bounce","Puerto Bounce","Żabson;Kizo;Vladimir Cauchemar;ZetHa",2021-05-31,184615,56,true,,2025-12-19T13:54:30Z,"francuski rap","INTERNAZIOMALE",0.851,0.738,11,-6.412,0,0.274,0.154,0.0000374,0.0706,0.225,86.667,5
spotify:track:3qCeq0rWK67SoBDgFd2sId,"Feliz Navidad","My Name Is José Feliciano","José Feliciano",2001,182306,48,false,,2025-12-19T06:40:25Z,"boże narodzenie,bolero,villancicos","RCA Records Label",0.514,0.818,2,-9.642,1,0.0451,0.406,0.00000193,0.299,0.967,148.733,4
spotify:track:4AkOOrrgrM4hBnZOx3QTtp,"METAMORPHOSIS - KUTE Remix","METAMORPHOSIS (KUTE Remix)","INTERWORLD;KUTE",2022-12-02,130153,46,true,,2025-12-18T07:55:32Z,"phonk,drift phonk,brazylijski phonk","KUTE",0.642,0.868,1,-4.353,1,0.0602,0.000855,0.3,0.386,0.325,120.098,4
spotify:track:6MlIIJwO4FxnOlrpOrS4hU,"METAMORPHOSIS - Sped Up","METAMORPHOSIS (Sped Up)","INTERWORLD",2022-06-24,110936,61,true,,2025-12-18T07:45:56Z,"phonk,drift phonk,brazylijski phonk","INTERWORLD",0.679,0.69,11,-10.582,0,0.0732,0.472,0.904,0.181,0.136,112.478,4
spotify:track:59qlBr4ikAsVpj1p8J5CPs,"METAMORPHOSIS 3 - Sped Up","METAMORPHOSIS 3 (Sped Up)","INTERWORLD;zxcursed;Sadfriendd",2023-05-10,109781,34,true,,2025-12-16T17:20:36Z,"phonk,drift phonk,brazylijski phonk","Interworld x zxcursed x Sadfriendd",0.651,0.913,11,-4.261,0,0.0912,0.0226,0.00000165,0.203,0.48,140.051,4
spotify:track:5QgCWoyb2ZEigJfJN7eAIe,"Sweet Blood","Sweet Blood","INTERWORLD;Elijah Ghost",2025-11-14,85810,25,true,,2025-12-16T16:29:09Z,"phonk,drift phonk,brazylijski phonk","INTERWORLD, Elijah Ghost",0.553,0.618,7,-11.131,1,0.254,0.419,0.00493,0.142,0.326,89.452,4
spotify:track:7zrFlFy5RVCd51CwRv1m62,"METAMORPHOSIS 2","METAMORPHOSIS 2","INTERWORLD",2022-11-11,137154,56,true,,2025-12-16T07:41:57Z,"phonk,drift phonk,brazylijski phonk","INTERWORLD",0.606,0.865,8,-8.126,1,0.0554,0.0628,0.461,0.12,0.405,105.01,4
spotify:track:3thB8qaxyKtLJ7ao1NpkRB,"RAPTURE","RAPTURE","INTERWORLD",2022-07-01,164577,66,true,,2025-12-12T16:36:31Z,"phonk,drift phonk,brazylijski phonk","INTERWORLD",0.72,0.679,0,-5.385,0,0.036,0.00693,0.846,0.1,0.29,105.005,4
spotify:track:7Ki2wz0F38lWnwBOLRkyIV,"BEZ NIKOGO OBOK","3347","Mata;OKI",2025-08-31,123428,64,true,,2025-12-12T16:27:36Z,"","3347",0.605,0.842,6,-6.367,1,0.348,0.101,0,0.0739,0.716,140.055,4
spotify:track:6dpH1qquecoX7w9gTRkdzz,"TAK TO LATA (feat. Tuszol)","TAK TO LATA (feat. Tuszol)","Bungee;Tuszol",2025-07-03,179142,62,false,,2025-12-12T04:06:39Z,"disco polo","Bungee Records Sp. z o.o.",0.75,0.896,11,-6.491,0,0.242,0.123,0.00000115,0.37,0.678,139.946,4
spotify:track:5o7TXypciBNWzWLE6Hdzuz,"Call My Name","A Million Lights (Deluxe Version)","Cheryl",2012-01-01,207975,62,false,,2025-12-09T06:06:22Z,"","Polydor Records",0.696,0.94,8,-3.498,1,0.064,0.00272,0.00000134,0.0987,0.7,128.005,4
spotify:track:6z22k6NHF9ZdoN6IVWFbe1,"ALL WE GOT","Thee Unknown","Ray Dalton",2024-09-20,136786,53,false,,2025-12-05T20:46:25Z,"","Epic Local",0.699,0.849,6,-5.583,1,0.0482,0.127,0,0.226,0.743,116.042,4
spotify:track:3vv9phIu6Y1vX3jcqaGz5Z,"Roses","Roses","The Chainsmokers;ROZES",2015-06-16,226738,84,false,,2025-12-05T19:32:52Z,"","Disruptor Records/Columbia",0.713,0.802,4,-7.055,1,0.0561,0.0435,0.00377,0.309,0.343,100.001,4
spotify:track:1i1fxkWeaMmKEB4T7zqbzK,"Don't Let Me Down","Don't Let Me Down","The Chainsmokers;Daya",2016-02-05,208373,86,false,,2025-12-05T18:59:50Z,"","Disruptor Records/Columbia",0.533,0.869,11,-5.093,1,0.173,0.156,0.00538,0.136,0.425,159.805,4
spotify:track:2eRq2jwsZtb0uGH4qUsvT1,"Tamam Tamam","Endstufe (Deluxe Edition)","Summer Cem",2018-07-27,147120,66,true,,2025-11-30T20:05:17Z,"niemiecki hip-hop","Banger Musik/WM Germany",0.886,0.642,6,-7.141,1,0.0995,0.141,0.00427,0.129,0.581,100.015,4
spotify:track:5gdYiLyMA2Q4sD4S8gCmVk,"COWABONGA","HOLLYWOOD SMILE","Żabson",2025-03-20,183018,59,true,,2025-11-30T17:56:09Z,"","INTERNAZIOMALE",0.771,0.775,8,-6.298,1,0.185,0.0527,0,0.156,0.217,146.977,4
spotify:track:5AhdjJudenQlp1IrNthII9,"LOLA","HOLLYWOOD SMILE","Żabson",2025-03-20,166567,60,true,,2025-11-30T17:47:18Z,"","INTERNAZIOMALE",0.69,0.601,10,-9.346,1,0.0555,0.005,0,0.308,0.153,146.002,4
spotify:track:4RP3afrf3AVFV1rTO0hFZh,"I'm All Yours","I'm All Yours","Jay Sean;Pitbull",2012-01-01,218573,50,false,,2025-11-28T14:06:12Z,"","Cash Money",0.662,0.891,0,-4.103,0,0.0378,0.0209,0,0.304,0.714,128.028,4
spotify:track:2hZTeA6c94dBoiuGcBv3R0,"I Feel Good","I Feel Good","Pitbull;Anthony Watts;DJ White Shadow",2021-08-20,172080,58,false,,2025-11-28T14:04:28Z,"art pop","Mr. 305 Records",0.825,0.809,6,-3.692,0,0.0753,0.09,0,0.0905,0.493,124.976,4
spotify:track:4t9MQg7E6vYKhuJqZfVq2H,"CARTIER","BOKS STOP","Bungee",2025-11-28,125714,53,true,,2025-11-28T13:56:48Z,"disco polo","Bungee Records Sp. z o.o.",0.967,0.84,8,-6.28,1,0.158,0.0999,0.00000399,0.067,0.825,125.96,4
spotify:track:3gHv7T9VFEvW84sAVqvUvI,"Bailando 2","Bailando 2","BROKIES;Bajorson;Dajczman;DiscoKarol;pirlo444",2025-11-18,161142,64,false,,2025-11-27T05:17:47Z,"disco polo","Bajorson, Brokies",0.746,0.852,0,-7.772,1,0.115,0.112,0,0.183,0.74,140.108,4
spotify:track:5mbEDRNFzwWFGSW3f7guHB,"BASS DOWN LOW","BASS DOWN LOW","Lupage",2024-04-19,166124,59,false,,2025-11-25T10:46:47Z,"hypertechno,techno","RCA Local",0.633,0.957,1,-3.696,1,0.241,0.00168,0.000739,0.134,0.599,160.072,4
spotify:track:1m0PGXh2fOuMIuWuy62wVJ,"Sing Me To Sleep","Tomorrow Starts Without Me","KIRK",2020-12-04,449262,23,false,,2025-11-25T10:43:30Z,"hard techno,techno,acid techno","SleepLess",0.72,0.943,4,-7.255,1,0.0688,0.00502,0.825,0.122,0.208,130.013,4
spotify:track:5dYPr8RiSTBKaTbH64LNoF,"Cyber Skank","Cyber Skank","KIRK",2025-07-04,348781,28,false,,2025-11-25T10:09:15Z,"hard techno,techno,acid techno","Comme dans les films",0.702,0.997,1,-3.893,1,0.0987,0.0345,0.058,0.159,0.661,155.013,4
spotify:track:7sgaYfG76FeGdXOgTd9MRp,"mmmaybach","mmmaybach","MIÜ;Donguralesko",2025-10-29,188653,60,true,,2025-11-24T09:21:09Z,"","MIÜ",0.871,0.67,1,-8.557,1,0.203,0.0401,0,0.0606,0.665,104.016,4
spotify:track:6JbJ5vPFWyeB3WvolAXFoP,"Borracho Y Loco","UNDERDOGS","IAmChino;Pitbull;Flo Rida",2025-08-29,164542,60,false,,2025-11-24T09:20:47Z,"reggaeton","Mr. 305 Records",0.438,0.919,10,-3.564,0,0.0514,0.00736,0.0000683,0.0772,0.933,125.999,4
spotify:track:364eTs3RlpoSNwvBySg0D5,"Azizam (feat. Ed Sheeran)","Azizam (feat. Ed Sheeran)","LATWOGANG;Ed Sheeran",2025-04-02,102187,55,false,,2025-11-24T09:20:37Z,"soft pop","Atlantic Records UK",0.366,0.72,1,-7.045,1,0.259,0.0221,0,0.177,0.444,191.575,3
spotify:track:5jOACvYdcvyYIKG1H8icqV,"Maybe I Just Have Anxiety","Maybe I Just Have Anxiety","UNKLFNKL;Katarina",2025-08-15,183444,58,false,,2025-11-24T08:39:23Z,"","Universal Music Romania",0.805,0.691,9,-5.312,1,0.0412,0.296,0.000232,0.152,0.328,130.051,4
spotify:track:5C8ySsx3AT121g24uYR823,"NO BAD DAYS (feat. Collett)","BEN","Macklemore;Collett",2023-03-03,173453,59,true,,2025-11-23T09:12:08Z,"","Bendo LLC",0.769,0.858,8,-6.01,1,0.15,0.117,0.0186,0.157,0.86,160.049,4
spotify:track:6UEfyhyfhYQsyipxOd95Ie,"The Ketchup Song (Aserejé) - Spanglish Version","Hijas del Tomate","Las Ketchup",2002,213973,70,false,,2025-11-23T06:58:54Z,"","Sony Music Publishing Spain",0.607,0.923,1,-6.777,1,0.0948,0.0193,0.0000011,0.0924,0.868,184.819,4
spotify:track:3runnm7eT71GCu8AwyeMtB,"Сладко","11","SEREBRO",2024-07-19,239413,66,false,,2025-11-12T04:54:04Z,"","MALFA",0.719,0.782,9,-4.841,0,0.0287,0.00474,0.000391,0.155,0.362,119.01,4
spotify:track:3GPNxZDz7VnzGwuJCxQAKY,"4 Minutes","4 Minutes","Danell Arma",2025-10-24,164747,61,false,,2025-11-12T04:52:16Z,"slap house","Lithuania HQ",0.814,0.754,7,-8.835,1,0.174,0.0042,0.0537,0.254,0.51,126.006,4
spotify:track:1uRu3xrwSFCn3SBtY1kFlc,"Nic Nie Czuję","Nic Nie Czuję","MODELKI;Vłodarski",2025-10-23,153383,50,false,,2025-11-06T18:27:12Z,"disco polo","Universal Music Polska Sp. z o.o.",0.615,0.784,0,-8.887,0,0.0518,0.0163,0,0.0749,0.306,133.115,4
spotify:track:3N582gksyaFCe7EkyjJIcd,"Shake It","Shake It","Sacha Harland",2024-09-27,144081,62,true,,2025-11-05T06:34:31Z,"","EXTATIC Records",0.648,0.916,9,-3.54,0,0.0464,0.000426,0.00896,0.203,0.918,147.064,4
spotify:track:3yWiRqGz8dQOSdGEEChu1V,"All Eyes On Me","All Eyes On Me","KIRK",2025-07-11,244661,55,false,,2025-11-05T06:30:10Z,"hard techno,techno,acid techno","All Ways Dance",0.598,0.985,8,-5.714,1,0.0933,0.00465,0.389,0.309,0.308,154.968,4
spotify:track:1eMUGMEWrvTXYWrPobq2dH,"Heute Nacht","Heute Nacht","Maddix",2022-10-14,204444,67,false,,2025-11-05T06:22:40Z,"big room,techno,hard techno,acid techno,hypertechno","Revealed Recordings",0.609,0.912,11,-6.593,0,0.0391,0.0196,0.478,0.133,0.0391,135.027,4
spotify:track:6L5xbckRDXIf5K1pwTaGkD,"Satisfaction - Hardwell & Maddix Remix","Satisfaction (Hardwell & Maddix Remix)","David Guetta;Benny Benassi;Hardwell;Maddix",2023-01-05,204436,69,false,,2025-11-05T06:17:07Z,"edm,electro house,big room,house progresywny,muzyka elektroniczna,techno,hard techno,acid techno,hypertechno","Spinnin' Records",0.715,0.893,11,-5.841,1,0.0633,0.0036,0.0595,0.192,0.143,135.014,4
spotify:track:6pcGwjDXQUcbbKO0Lamya6,"Bla Bla Bla (Flip)","Bla Bla Bla (Flip)","KIRK",2024-02-16,227216,59,false,,2025-11-05T04:21:20Z,"hard techno,techno,acid techno","All Ways Dance",0.728,0.998,1,-4.488,1,0.069,0.0583,0.0494,0.0649,0.478,150.046,4
spotify:track:5ksui6de0U50Rc6PikEBu1,"Filthy Rich","Filthy Rich","Sacha Harland",2024-06-07,147755,44,false,,2025-11-04T15:05:44Z,"","EXTATIC Records",0.618,0.998,5,-2.585,0,0.0449,0.00196,0.00512,0.106,0.797,146.989,4
spotify:track:2GcncPaqXotQIPokzRM5pP,"90s Bitch","90s Bitch","Maddix;The Rocketman",2023-12-08,196258,63,false,,2025-11-04T14:51:22Z,"big room,techno,hard techno,acid techno,hypertechno","EXTATIC Records",0.565,0.955,11,-7.753,0,0.0564,0.00355,0.849,0.303,0.625,154.988,4
spotify:track:4vDE5oIHdBzhQ0tp8VLMoH,"CD is dead","CD is dead","KIRK",2025-10-24,204403,59,true,,2025-11-04T14:46:48Z,"hard techno,techno,acid techno","All Ways Dance",0.707,0.999,1,-3.841,1,0.0929,0.0598,0.00211,0.0607,0.727,155.033,4
spotify:track:0Xj3MeniDBK33I1YZcqlqP,"Nie kłam że mnie kochasz","Nie kłam że mnie kochasz","Ewelina Flinta;Łukasz Zagrobelny",2008,186026,52,false,,2025-11-04T13:19:47Z,"","Jazzboy",0.617,0.719,11,-4.809,0,0.031,0.277,0,0.177,0.79,97.955,4
spotify:track:0JGTfiC4Z41GEEpMYLbWwO,"Gata Only (Remix)","Gata Only (Remix)","FloyyMenor;Ozuna;Anitta",2024-06-07,230513,79,true,,2025-11-04T11:48:34Z,"reggaeton chileno,reggaeton,trap latino,latynoskie rytmy,urbano latino,brazylijski pop,funk pop,brazylijski funk,funk carioca","FloyyMenor under exclusive license to UnitedMasters LLC",0.725,0.681,8,-5.277,0,0.0376,0.318,0,0.107,0.762,99.998,4
spotify:track:5B30jIcaGzKSRpQIxfKOXL,"Baśka","4","Wilki",2003,215400,54,false,,2025-11-03T12:52:22Z,"disco polo","Parlophone Poland",0.602,0.715,7,-5.895,1,0.0273,0.075,0.000303,0.548,0.706,100.973,4
spotify:track:5hhiggcD5DIQA4BhktoSuZ,"Ostatnia nocka","Yugopolis 2","Yugopolis;Maciej Maleńczuk",2011,190560,63,false,,2025-11-03T11:15:26Z,"disco polo","T1 - Teraz",0.58,0.736,0,-9.673,1,0.0287,0.397,0.0000679,0.206,0.939,160.05,4
spotify:track:27u2srwO1GRYlJKZiyO1lr,"To Co Nam było","To Co Nam było","Red Lips",2013-06-03,214528,55,false,,2025-11-03T09:18:57Z,"disco polo","Big Heart",0.731,0.739,6,-5.567,0,0.135,0.0602,0,0.172,0.924,105.983,4
spotify:track:558wN9WTjR9QNIrMZEkzKE,"Znak","(W)inna?","Ewa Farna",2013-10-21,224253,45,false,,2025-11-03T09:10:40Z,"","Magic Records",0.609,0.696,1,-6.498,0,0.0364,0.00554,0.00000273,0.0983,0.512,110.012,4
spotify:track:5sbRm3mruu5CzhqjISpNrL,"Ładna i cfana","Ludzie prości","Mesajah",2008,176666,48,false,,2025-11-03T08:49:15Z,"disco polo,reggae","MOmusic",0.915,0.749,0,-7.482,0,0.0879,0.225,0,0.118,0.814,104.932,4
spotify:track:5HUVtku7tQpQB8T1auBeAk,"Daj mi jedno słowo","Daj mi jedno słowo","Skolim",2025-05-26,168605,62,false,,2025-11-03T08:47:17Z,"disco polo","Skolim",0.832,0.744,11,-5.002,0,0.065,0.397,0,0.116,0.652,104.051,4
spotify:track:1F7O4MZUE2VZdJ9QbS0qB7,"RAP","TTHE GRIND","Otsochodzi;lohleq",2024-04-04,156387,61,true,,2025-10-31T08:40:24Z,"","2020",0.591,0.842,2,-4.723,1,0.0948,0.00544,0,0.114,0.503,155.262,4
spotify:track:3IXuxsI9ltJw3WpRzVtSPL,"Różowe Diamenty","Różowe Diamenty","Young Leosia;Deemz",2025-03-06,153402,53,true,,2025-10-31T08:32:54Z,"","BE Records",0.783,0.807,5,-4.54,0,0.166,0.444,0,0.1,0.933,96.981,4
spotify:track:2S6sxBlNqbxjsGMcSV8wqT,"Plan B","Plan B","Pezet;Mata;Kaz Bałagane;Pedro;Frenkie G",2025-10-17,192134,69,true,,2025-10-31T08:10:47Z,"","Pezet Entertainment",0.639,0.734,10,-5.671,0,0.309,0.115,0,0.156,0.797,177.875,4
spotify:track:18CkBZBY93sOLdBoVdPemM,"MÜRAKAMI","MÜRAKAMI","MIÜ",2024-06-04,183500,51,true,,2025-10-29T05:53:58Z,"","MIÜ",0.716,0.819,4,-7.622,0,0.109,0.113,0,0.581,0.712,95.976,4
spotify:track:6rCz0E0G6El6irdft7Zjgp,"Falochrony","Falochrony","Roxie;Mata",2024-08-23,169142,57,false,,2025-10-28T08:40:54Z,"","¸¸♬·¯·♩¸¸♪·¯·♫¸¸♫·¯·♪ / Roxie Węgiel",0.736,0.698,10,-7.316,0,0.0475,0.104,0.0000246,0.069,0.519,104.975,4
spotify:track:748InvlEYQiWTVFQN1okdX,"Call Me Baby - Luxons Remix","Call Me Baby (Luxons Remix)","pinkinthecup;Luxons",2025-02-14,98427,57,false,,2025-10-28T08:21:03Z,"disco polo","pink",0.841,0.916,6,-5.188,0,0.361,0.00382,0.000238,0.409,0.508,136.157,3
spotify:track:6SpeBDnkgYdkFYy5AEW2Oz,"Trochę Za Blisko","Trochę Za Blisko","MODELKI;Vłodarski",2024-10-03,149323,59,false,,2025-10-28T07:43:21Z,"disco polo","Universal Music Polska Sp. z o.o.",0.776,0.879,0,-5.868,1,0.0429,0.265,0.00000819,0.263,0.674,133.055,4
spotify:track:08gvD5pFucRIkh16bN5qRA,"Miss Dior","Miss Dior","MODELKI;Vłodarski",2025-04-03,123750,63,false,,2025-10-28T07:30:48Z,"disco polo","Universal Music Polska Sp. z o.o.",0.802,0.761,1,-5.208,0,0.0701,0.699,0,0.121,0.698,127.997,4
spotify:track:4dSyBNeeoWoqd3r363b3iG,"Disturbia","Disturbia","MODULATE",2025-05-16,180535,59,false,,2025-10-27T04:37:31Z,"","FUTURISM",0.723,0.874,11,-4.226,0,0.0775,0.00303,0.164,0.0552,0.266,140.05,4
spotify:track:7ANxJYxQckDHKiWrFYw3Tj,"Cola","MODA","PlanBe",2019-01-18,154576,52,false,,2025-10-26T18:52:28Z,"","QueQuality",0.802,0.822,6,-4.954,1,0.0429,0.288,0.00408,0.139,0.884,119.994,4
spotify:track:1YX8Cy21wjyrDO8mspQXNm,"Za tych co nie mogą","ROCKST4R","White 2115;Pedro;DKanee;Mercury",2025-01-24,217500,56,true,,2025-10-24T19:22:26Z,"","White 2115",0.718,0.855,11,-8.02,0,0.0866,0.347,0.000123,0.222,0.235,128.009,4
spotify:track:1U7ZU4sJsMDzHSA7n333BJ,"CASABLANCA","King Sento 2","Sentino;BNP",2025-06-08,217850,65,false,,2025-10-24T16:38:45Z,"","BNP.LABEL",0.591,0.515,0,-8.105,0,0.396,0.272,0,0.118,0.627,129.968,4
spotify:track:13NlR5756uehP0Ze3mGDVF,"Polsilver","Polsilver","PRO8L3M",2025-10-21,209546,47,true,,2025-10-24T16:35:08Z,"","2020",0.455,0.541,11,-8.153,0,0.241,0.183,0,0.221,0.157,80.33,4
spotify:track:1qGwUUBUYu9akvnqMjbMVn,"PUK PUK","PUK PUK","BROKIES;Dajczman;DiscoKarol;pirlo444;1olliee",2025-08-08,161412,62,true,,2025-10-24T16:07:06Z,"disco polo","DiscoKarol",0.903,0.529,2,-9.334,1,0.0863,0.0692,0,0.155,0.447,100.034,4
spotify:track:4OWBn64RFLynn4o4KMwkF1,"NAPALONE FANKI","V24","Eryk Moczko;MIÜ;Bedoes 2115",2025-02-21,187415,56,true,,2025-10-22T18:30:52Z,"","DRE$$CODE",0.596,0.836,6,-4.502,0,0.27,0.141,0,0.3,0.558,178.119,4
spotify:track:4WU8ZRMoonGLw00lXLOvpY,"dopóki się nie znüdzisz","dopóki się nie znüdzisz","MIÜ;Zalia;Koder;Leon Krześniak",2025-08-08,204827,70,false,,2025-10-20T07:01:10Z,"","MIÜ",0.753,0.572,10,-7.879,0,0.0478,0.398,0,0.236,0.553,115.995,4
spotify:track:18rxxU3lErSMcyoYIXR4k1,"WTF","WTF","SCRIPT",2025-08-01,193903,65,true,,2025-10-17T04:58:39Z,"melodyjne techno,tech house,melodyjny house","Three Six Zero Recordings",0.797,0.964,10,-5.315,0,0.0412,0.00683,0.118,0.094,0.964,130.004,4
spotify:track:71Cid4UeolaHRzdbmMDAVb,"Get A Way","To The Maxximum","Maxx",1994,226734,71,false,,2025-10-16T15:56:26Z,"eurodance,europop","High Fashion Digital",0.81,0.946,0,-8.461,1,0.0727,0.0584,0.0212,0.0453,0.749,133.014,4
spotify:track:1dDNz8h95Gsu0W4QdxVVln,"4 Minutes (feat. Justin Timberlake and Timbaland)","Hard Candy","Madonna",2008-04-19,245080,66,false,,2025-10-16T15:55:59Z,"","Warner Records",0.705,0.911,2,-4.873,1,0.0717,0.00592,0.00154,0.0603,0.803,113.032,4
spotify:track:7t3iKbFf34FK5syqppOlIx,"VHS","PRO8L3M","PRO8L3M",2016-06-02,202506,65,false,,2025-10-16T03:45:55Z,"","RHW Records",0.677,0.736,2,-4.953,1,0.37,0.341,0,0.293,0.423,123.54,4
spotify:track:5zYldgaovMcoVwXMPjrMHu,"Stay Happy - Remix","Stay Happy (Remix)","Tj;Tkandz;Noaah",2023-06-16,187755,2,true,,2025-10-13T19:49:16Z,"brytyjski drill,drill","Follow my instagram @tj.se6",0.589,0.607,5,-8.862,1,0.266,0.729,0,0.145,0.8,146.908,4
spotify:track:1JgknGBbrfmEHeOZH051SS,"ecstacy (slowed)","ecstacy (slowed)","SUICIDAL-IDOL",2023-06-06,119120,77,true,,2025-10-13T19:12:28Z,"hyperpop","AVR",0.551,0.677,2,-7.311,1,0.0665,0.0173,0,0.381,0.195,106.414,4
spotify:track:1jFjbuYdJ7U1RVzZ8GLnSx,"NAWETT JAK","NAWETT JAK","Otsochodzi;lohleq;@atutowy",2025-10-05,142000,53,true,,2025-10-13T19:11:20Z,"","2020",0.627,0.843,10,-5.579,0,0.0566,0.0978,0,0.253,0.701,140.247,4
spotify:track:43Kvy1mgg4T0khr913onlJ,"Radiation","Radiation","Majlo",2018-04-15,236329,36,false,,2025-10-13T07:18:19Z,"","910114 Records DK",0.904,0.724,5,-5.169,0,0.0495,0.0298,0.66,0.041,0.236,129.013,4
spotify:track:5WOnkFszDc0OY8PZw4gygY,"1998 (mam to we krwi)","Opowieści z Doliny Smoków","Bedoes 2115;Lanek",2019-11-29,232133,66,false,,2025-10-13T04:42:20Z,"","SBM Label",0.721,0.651,1,-7.962,1,0.409,0.322,0,0.259,0.228,148.747,4
spotify:track:1jJci4qxiYcOHhQR247rEU,"Kids","Oracular Spectacular","MGMT",2007-12-14,302840,85,false,,2025-10-10T03:27:31Z,"indie","Red Ink/Columbia",0.451,0.931,9,-3.871,1,0.0719,0.00076,0.0049,0.361,0.172,122.961,4
spotify:track:6Uk3pnkFa0eohjMEl95Iz8,"Cykady na Cykladach","Miłość jest cudowna (1975-2015)","Maanam",2015-10-16,178786,46,false,,2025-10-10T03:21:13Z,"","WM Poland/WMI",0.46,0.87,6,-4.278,0,0.331,0.0463,0.00132,0.218,0.894,178.117,4
spotify:track:1MfMmKR6bBR1S0yqOsi1mS,"Marchewkowe pole","Zamki na piasku (The Best)","Lady Pank",2004-01-29,232133,50,false,,2025-10-10T03:20:56Z,"disco polo","MTJ",0.608,0.596,2,-9.925,1,0.0576,0.217,0.445,0.0744,0.933,152.295,4
spotify:track:1UlkpIKiVchDMB03AN6LmT,"Wait So Long (Why Do I Have To)","Wait So Long (Why Do I Have To)","Swedish House Mafia",2025-06-20,199479,77,false,,2025-10-01T09:08:37Z,"edm","SUPERHUMAN MUSIC",0.643,0.791,9,-5.3,1,0.0357,0.00498,0.0000238,0.103,0.229,130,4
spotify:track:3Up6CTMfIfKpjg5CedjtWO,"To Skomplikowane","Lil Fagata","Fagata",2025-01-17,168695,25,true,,2025-09-24T04:13:47Z,"","Fagata",0.92,0.65,11,-7.907,1,0.304,0.0357,0.00000153,0.0951,0.418,137.969,4
spotify:track:6b81dy3WjbozXK6b7C1gu5,"Austin","What Happens Now?","Dasha",2024-02-16,171782,1,true,,2025-09-23T14:31:21Z,"","VERSION III",0.75,0.671,0,-6.753,1,0.0532,0.468,0.00000375,0.108,0.738,114.902,4
spotify:track:7gPbVDk8Es7AVHTLUFq6CU,"Ground Zero","Ground Zero Mixtape","PRO8L3M",2018-03-16,181600,64,false,,2025-09-23T10:51:47Z,"","RHW Records",0.691,0.723,1,-6.756,0,0.0871,0.0978,0.000485,0.0439,0.34,144.048,4
spotify:track:5orCpZpRAFglX3rtvw9kel,"miü miü","miü miü","MIÜ;Koder;6YNTHMANE",2025-07-25,153402,58,false,,2025-09-19T10:14:29Z,"phonk,brazylijski phonk","MIÜ",0.759,0.798,1,-4.03,1,0.157,0.101,0,0.109,0.686,97.021,4
spotify:track:0NisAzODdd7MxlXwJdBH9J,"Libre","Libre","Alvaro Soler;Monika Lewczuk",2016-12-02,231154,55,false,,2025-09-18T17:33:42Z,"","Airforce1",0.727,0.755,4,-4.926,0,0.133,0.6,0,0.273,0.884,81.521,4
spotify:track:7eBnyfgpicRCTgGvlwJoMS,"Santa Cruz","Santa Cruz","Ekipa;MODELKI;Qry;WERSOW;Mortal;Vłodarski;Świeży",2025-06-08,145403,63,false,,2025-09-14T15:54:31Z,"disco polo","Ekipa",0.803,0.755,11,-8.291,0,0.211,0.273,0,0.238,0.574,124.021,4
spotify:track:36YPFA4lT3K8Xtsmr2HtBH,"PALMA DE MALLORCA","2039: ZŁOTE PIASKI","Mata;Żabson",2025-08-14,140377,63,true,,2025-09-14T15:03:11Z,"","Muzyka Sp. z o.o.",0.777,0.681,8,-6.147,1,0.0523,0.0484,0,0.0764,0.439,106.023,4
spotify:track:5tCxCYuFA57AhVtHqxP7kr,"KAMIKAZE","2039: ZŁOTE PIASKI","Mata;Skolim;Khaid",2025-08-14,182850,70,true,,2025-09-14T14:49:42Z,"disco polo,afrobeats,afrobeat,afro pop,afro r&b,afropiano","Muzyka Sp. z o.o.",0.698,0.754,7,-5.382,0,0.2,0.371,0.000332,0.119,0.492,180.095,4
spotify:track:0WCiI0ddWiu5F2kSHgfw5S,"Take It Off","Animal (Expanded Edition)","Kesha",2010-01-01,215200,77,false,,2025-09-13T17:25:38Z,"","RCA Records Label",0.729,0.675,5,-5.292,0,0.0286,0.0000414,0.00126,0.0867,0.74,125.036,4
spotify:track:7HsewT08rJ9eF7Z5Unm1CZ,"If You Don't Know My Name","La vida viene y va","David Tavaré;Ruth",2008,226880,50,false,,2025-09-12T14:35:03Z,"elektroniczna muzyka klasyczna","Magic Records",0.622,0.885,11,-5.697,0,0.118,0.0405,0.0000448,0.104,0.802,127.128,4
spotify:track:6TNwWJWf8nRXHYmAl0EZKw,"NIE DAJ SIE ALE TO NIGHTCORE","WIXAPOL VOL. 3 WAKACYJNE WIXOLENIE","młody klakson;Doda",2022-12-22,141655,8,false,,2025-09-12T05:00:56Z,"disco polo","WIXAPOL",0.41,0.949,8,-4.744,1,0.0541,0.0492,0.039,0.0711,0.255,180.025,4
spotify:track:5kruxMsxFfAadntmuoDVTj,"Szare miraże","The Best Of Kora & Maanam Volume II","Maanam",1995-01-01,217360,54,false,,2025-09-12T04:03:07Z,"","Parlophone Poland",0.463,0.795,4,-9.582,0,0.0511,0.000585,0,0.0495,0.888,172.706,4
spotify:track:5UI846kakgl3TCjjnS2kdg,"All Around Me - Majed Remix","All Around Me (Majed Remix)","MAJED;Luna Orbit",2025-04-22,179600,66,false,,2025-09-11T04:25:12Z,"","broke",0.581,0.939,1,-3.447,1,0.102,0.00195,0.0649,0.169,0.142,149.964,4
spotify:track:52J5G1z4DN0EWeAVsW7Uob,"NOW IT'S GONE - ELY OAKS REMIX","NOW IT'S GONE (ELY OAKS REMIX)","IN PARALLEL;Ely Oaks",2024-11-22,114609,70,false,,2025-09-11T04:14:10Z,"brytyjski garage,hypertechno","Method 808, distributed by gamma.",0.611,0.955,1,-5.986,0,0.107,0.0468,0.395,0.14,0.437,145.829,4
spotify:track:1KIOYaZf5xtPeWPRqYkAMQ,"Who Wants To Be Alone","Who Wants To Be Alone","DBL",2024-05-10,214153,54,false,,2025-09-11T03:45:03Z,"","CHAPTER EIGHT",0.696,0.948,7,-3.375,1,0.0429,0.0771,0.0102,0.306,0.226,130.042,4
spotify:track:6Qr4ufjYXdEd0KNFd7sJxx,"Let's Go","Let's Go","Jaden Bojsen;David Guetta;Sami Brielle",2024-10-04,159577,75,true,,2025-09-11T03:34:11Z,"edm","Spinnin' Records",0.679,0.968,8,-4.947,0,0.0445,0.00439,0.138,0.067,0.642,129.051,4
spotify:track:4N1MFKjziFHH4IS3RYYUrU,"My Love","My Love","Route 94;Jess Glynne",2014-02-28,259933,80,false,,2025-09-09T15:40:19Z,"house","Rinse",0.813,0.616,8,-7.571,1,0.0495,0.000132,0.705,0.0658,0.744,119.977,4
spotify:track:3CmJChj2cVUoyF6Y0hu8GT,"NAJLEPSZA W TYM KLUBIE","2039: ZŁOTE PIASKI","GOMBAO 33;Mata;Wyguś;Tadeo;Szczepan",2025-08-14,142080,58,true,,2025-09-09T01:14:16Z,"","Muzyka Sp. z o.o.",0.734,0.865,1,-6.716,0,0.0372,0.00374,0.0000407,0.188,0.426,124.978,4
spotify:track:2PpruBYCo4H7WOBJ7Q2EwM,"Hey Ya!","Speakerboxxx/The Love Below","Outkast",2003,235213,86,true,,2025-09-08T04:18:02Z,"southern hip-hop,hip-hop","Arista",0.727,0.974,4,-2.261,0,0.0664,0.103,0.000532,0.174,0.965,79.526,4
spotify:track:5T7ZFtCcOgkpjxcuaeZbw0,"Best Song Ever","Midnight Memories (Deluxe)","One Direction",2013-11-25,200111,79,false,,2025-09-08T04:09:04Z,"","Syco Music",0.652,0.877,1,-2.986,1,0.0465,0.0227,0,0.0789,0.486,118.491,4
spotify:track:41Fflg7qHiVOD6dEPvsCzO,"Worth It (feat. Kid Ink)","Reflection (Deluxe)","Fifth Harmony;Kid Ink",2015-01-30,224573,79,false,,2025-09-07T14:04:52Z,"","Syco Music/Epic",0.884,0.765,8,-3.865,1,0.0882,0.063,0.00000704,0.118,0.594,99.987,4
spotify:track:7kUOx38wzHYwhHdOHs1r8N,"Mamy farta","Siniaki i cekiny ciąg dalszy","Margaret;Pezet",2024-11-15,189266,30,false,,2025-09-06T18:25:55Z,"","Sony Music Entertainment",0.656,0.664,1,-5.363,1,0.412,0.666,0,0.11,0.487,174.035,4
spotify:track:4mW3jXs0vwWVAXzrkWXx2Y,"Język ciała","Klubowe","Tymek;C0PIK;Bazgrov;Big Scythe",2019-03-22,201106,63,true,,2025-07-24T17:32:14Z,"","Renesans",0.72,0.722,1,-6.621,0,0.173,0.76,0,0.0706,0.687,127.972,4
spotify:track:2A1aS3mwuGuX2yk1bgxOvA,"Kisses (feat. bbyclose)","Kisses (feat. bbyclose)","BL3SS;CamrinWatsin;bbyclose",2024-03-22,138246,83,false,,2025-07-24T16:27:34Z,"","Atlantic Records UK",0.793,0.779,9,-4.609,0,0.0581,0.279,0.000311,0.314,0.687,142.002,4
spotify:track:5Z1HsKTp6rmCOYu54nfKji,"TO NIE MA ZNACZENIA","TRAP OR DIE","bambi;OKI;francis;Deemz",2025-02-06,176813,57,true,,2025-07-22T16:39:33Z,"","BE Records",0.566,0.785,1,-6.228,1,0.222,0.191,0,0.266,0.451,177.988,4
spotify:track:3G9nq3yDZC62oWs29WBBae,"Nowiny","Kinematografia","Paktofonika",2000-12-18,224146,55,true,,2025-07-20T20:15:45Z,"","Universal Music Polska Sp. z o.o.",0.78,0.662,6,-9.701,0,0.315,0.323,0.000236,0.11,0.726,90.109,4
spotify:track:2FAZskT9yRjp2Oow9szJD8,"The Days - NOTION Remix","The Days (NOTION Remix)","Chrystal;NOTION",2024-11-08,233229,87,false,,2025-07-20T07:34:11Z,"bassline,bass house,brytyjski garage,drum and bass","Polydor Records",0.62,0.843,6,-5.321,0,0.0844,0.0062,0.00000463,0.55,0.237,137.812,4
spotify:track:4zpNfuWJA3K4d9TS4qnOIB,"Espresso Macchiato","Espresso Macchiato","Tommy Cash",2024-12-07,173746,66,false,,2025-07-20T07:21:20Z,"","Epic",0.682,0.699,4,-6.168,0,0.045,0.0116,0.00000982,0.135,0.697,119.889,4
spotify:track:6j5uYREOooEuzSuxiVR1ns,"Wszystko Jedno","Doskonale Wszystko Jedno (Edycja Specjalna)","Video",2016-05-13,202213,59,false,,2025-07-17T14:30:54Z,"disco polo","Universal Music Polska Sp. z o.o.",0.784,0.576,10,-5.416,1,0.034,0.111,0.00000113,0.0963,0.958,135.038,4
spotify:track:0iIcuwia47B5bzjVpyUwyI,"Drive (From F1® The Movie)","Drive (From F1® The Movie)","Ed Sheeran;F1 The Album",2025-06-20,187396,68,false,,2025-07-14T16:31:54Z,"soft pop","Atlantic Records",0.588,0.88,3,-4.57,1,0.177,0.0212,0,0.139,0.785,163.982,4
spotify:track:02BcXEH1zJYbXSabPtNlKf,"Lose My Mind (feat. Doja Cat) [From F1® The Movie]","Lose My Mind (feat. Doja Cat) [From F1® The Movie]","Don Toliver;Doja Cat;F1 The Album",2025-04-30,209051,83,false,,2025-07-14T16:31:49Z,"","Atlantic Records",0.55,0.666,7,-6.196,1,0.0428,0.0593,0,0.122,0.239,109.959,4
spotify:track:2yWlGEgEfPot0lv3OAjuG3,"Just Keep Watching (From F1® The Movie)","Just Keep Watching (From F1® The Movie)","Tate McRae;F1 The Album",2025-05-30,142550,89,false,,2025-07-14T16:31:48Z,"","Atlantic Records",0.656,0.796,9,-5.856,0,0.113,0.0767,0,0.509,0.425,129.956,4
spotify:track:1Pmp486RrLRkaEkE3HFHXP,"Who's Laughing Now","Heaven & Hell","Ava Max",2020-09-18,180348,65,false,,2025-07-14T13:48:42Z,"","Atlantic Records",0.648,0.641,7,-5.521,1,0.0389,0.00565,0.00000363,0.109,0.505,184.021,4
spotify:track:5TX4QkyawyBAjNjwF2qBzG,"Tu Es Foutu - Radio Edit","Rendèz-vous (French Edition)","In-Grid",2003-09-24,218618,66,true,,2025-07-14T06:32:57Z,"elektroniczna muzyka klasyczna,electro swing","X-Energy",0.916,0.801,8,-6.279,0,0.053,0.000388,0.395,0.162,0.719,132.028,4
spotify:track:3zAKFFUsZQsQxtE7FNSUoe,"OMG!","F1 The Album","Tiësto;Sexyy Red",2025-06-27,152989,51,true,,2025-07-13T18:59:38Z,"edm,trance,big room,house","Atlantic Records",0.863,0.821,1,-5.538,1,0.1,0.0131,0.0000405,0.0773,0.821,127.999,4
spotify:track:3MBJxg2sT7CAdqYcdU8C5K,"I Like It (with Nate Smith)","I Like It (with Nate Smith)","Alesso;Nate Smith",2024-07-12,152349,71,false,,2025-07-11T15:42:29Z,"edm,country","10:22PM/Body Hi",0.658,0.817,11,-3.652,0,0.0373,0.000266,0.000101,0.259,0.629,129.075,4
spotify:track:4NZrZgrRoR4GwR7flWOXRI,"Go Fuck Yourself","First Steps","Two Feet",2016-07-29,129599,72,true,,2025-07-11T15:38:19Z,"","Majestic Casual Records",0.765,0.327,6,-8.029,1,0.277,0.571,0.0479,0.0787,0.292,74.931,4
spotify:track:0nBfCpqxSsWT4G8jXM0txf,"Can't Stop Playing (Makes Me High) [feat. Ane Brun] - Oliver Heldens & Gregor Salto Vocal Mix Edit","Can't Stop Playing (Remixes)","DR. KUCHO!;Gregor Salto;Ane Brun;Oliver Heldens",2005,159546,51,false,,2025-07-11T03:52:26Z,"future house,latynoski house,tribal house,house","Spinnin' Records",0.714,0.891,6,-4.902,1,0.0424,0.096,0.000109,0.135,0.789,125,4
spotify:track:1yAP4V81HSj6S8DguMPsXc,"Drums - Record Dance Edit","Drums (Record Dance Edit)","Sonic Mine;Heater & Crunch",2024-08-30,148421,57,false,,2025-07-10T06:25:28Z,"hypertechno","Record Music",0.674,0.985,5,-5.558,0,0.0543,0.00483,0.811,0.191,0.342,151.973,4
spotify:track:6JNJERZGJwDVgkmbohBw7u,"Self Control","Self Control","Laura Branigan",1984,246440,81,false,,2025-07-09T04:39:16Z,"","Rhino Atlantic",0.814,0.686,6,-12.172,0,0.0342,0.219,0.00382,0.155,0.778,106.679,4
spotify:track:3UBItNVbFQiVC5hBQlBvnr,"Your Woman","Women in Technology","White Town",1997-02-24,259893,76,false,,2025-07-09T03:44:13Z,"","Echo",0.815,0.605,5,-9.118,0,0.0368,0.033,0.684,0.114,0.795,102.642,4
spotify:track:5GLKX0I7nJjdf08sQJ2eAY,"Diamenty na zębach","Barwy","Arne;Ramzes",2023-04-03,195428,54,true,,2025-07-08T15:49:37Z,"","Ramzes Records",0.864,0.685,6,-8.116,0,0.223,0.0878,0,0.17,0.81,139.966,4
spotify:track:5OkBti9PdORBaYGC4lwOEQ,"Haagen Dans","Pełnia","Smolasty;Mr. Polska",2020-05-15,157714,24,true,,2025-07-08T15:47:39Z,"disco polo","WM Poland/WMI",0.721,0.696,4,-6.948,0,0.0904,0.214,0,0.444,0.563,105.053,4
spotify:track:17RtXoR745iqHuyeMJUaFq,"Pójdę W Tango","Ukoronowane Piosenki","Nowator;Jacek Stachursky",2024-02-07,172440,28,false,,2025-07-08T15:27:18Z,"disco polo","Camey Records",0.764,0.856,8,-4.572,1,0.0951,0.177,0,0.208,0.684,126.962,4
spotify:track:5ATrEqRQZYKimfqby6QiyB,"Snap!","Snap!","Fuentez;WANX",2018-07-10,202541,45,false,,2025-07-08T15:25:26Z,"","Fuentez",0.85,0.912,7,-9.2,0,0.0673,0.000837,0.716,0.944,0.663,128.051,4
spotify:track:5vkc7x8DJOu5wGme6Pixrf,"Jesteś Zajebista","Tak jak Czuję","Weekend",2010-09-03,238288,53,false,,2025-07-08T15:19:30Z,"disco polo,disco","Radosław Liszewski",0.823,0.863,9,-5.409,1,0.0374,0.0799,0,0.231,0.898,97.995,4
spotify:track:6h1fHQdtThh6oMilCatatH,"Gold","Spotlight","Antoine Clamaran",2009-12-02,201813,54,false,,2025-07-08T14:28:11Z,"tribal house,latynoski house,funky house,disco house","Pool E Music",0.679,0.86,9,-7.425,0,0.0482,0.00127,0.000973,0.564,0.654,127.982,4
spotify:track:0L6223jyrD2qFSxSmjpEMP,"We Are The People - ARTBAT Remix","We Are The People (ARTBAT Remix)","Empire Of The Sun;ARTBAT",2024-12-06,238080,5,false,,2025-07-07T03:29:54Z,"melodyjne techno,melodyjny house,techno,house progresywny","EMI Recorded Music Australia Pty Ltd",0.533,0.968,4,-4.726,0,0.0697,0.00465,0.333,0.518,0.317,124.963,4
spotify:track:6sgYrldk8IdtSERq4eGZj1,"Life Is Simple (Move Your Body) [Feat Salomé Das]","Life Is Simple (Move Your Body) [Feat Salomé Das]","Maesic;Marshall Jefferson;Salomé Das",2025-03-07,172314,76,false,,2025-07-06T21:23:20Z,"afro house,chicago house,acid house,house","Helix Records",0.755,0.707,3,-9.766,0,0.104,0.445,0.228,0.149,0.69,120.982,4
spotify:track:2jozk0z8f2VISmr83Leyqh,"Que Calor","Music is the Weapon","Major Lazer;J Balvin;El Alfa;Diplo",2020-10-23,169997,71,false,,2025-07-06T21:06:43Z,"moombahton,reggaeton,latynoskie rytmy,dembow,urbano latino","Mad Decent",0.793,0.885,8,-4.136,1,0.0732,0.0373,0.0075,0.248,0.492,126.037,4
spotify:track:4nOVDcu9Vv4owjeonZx5Qs,"Stolen Dance - Hypertechno","Stolen Dance (Hypertechno)","Macon",2024-01-26,188259,61,false,,2025-07-06T21:02:38Z,"hypertechno,techno","Expat Records",0.734,0.944,0,-5.931,0,0.0594,0.0943,0.135,0.132,0.53,153.014,4
spotify:track:3b3PCg9Qf1lS3U3tfWKZZ5,"Let's Get Loud","Let's Get Loud","Techno Mike",2024-07-19,131240,0,false,,2025-07-06T21:02:06Z,"hypertechno","HYPERWAVE",0.635,0.918,10,-3.41,0,0.104,0.000666,0.000744,0.314,0.891,160.014,4
spotify:track:2UEyo3ufg8DvO0zYMJWG7R,"MONTAGEM TOMADA","MONTAGEM TOMADA","MXZI",2025-03-21,71392,45,false,,2025-07-06T20:56:59Z,"phonk,brazylijski phonk,funk","Enarma Records",0.649,0.909,8,-2.523,1,0.045,0.000591,0.873,0.156,0.329,129.974,4
spotify:track:23eZSuMOfsr4tTWcC6DGcG,"I Wanna Go","I Wanna Go","Ely Oaks;LAVINIA",2025-06-26,126229,65,false,,2025-07-06T20:48:47Z,"hypertechno","JINX Music",0.607,0.953,3,-3.937,0,0.056,0.00988,0.521,0.0914,0.526,153.98,4
spotify:track:0nSFbMZNoOuuFT655Ghevf,"MONTAGEM TOMADA - Super Slowed","MONTAGEM TOMADA","MXZI",2025-03-21,95302,38,false,,2025-07-06T20:40:36Z,"phonk,brazylijski phonk,funk","Enarma Records",0.54,0.833,8,-4.115,1,0.11,0.0119,0.259,0.109,0.277,194.729,4
spotify:track:6Dm6dbBGa8FpEC73fCK7ZO,"Shake It To The Max (Done With Ya Ex)","Shake It To The Max (Done With Ya Ex)","MOLIY;Silent Addy;Gladdest",2025-05-15,93061,61,false,,2025-07-06T20:35:15Z,"alté,shatta","gamma.",0.882,0.608,0,-5.942,0,0.196,0.507,0,0.157,0.466,98.043,4
spotify:track:2TuVErkUG3BdQR0dsbtakg,"OMG! (From F1® The Movie)","OMG! (From F1® The Movie)","Tiësto;Sexyy Red;F1 The Album",2025-06-05,152989,63,true,,2025-07-06T20:16:47Z,"edm,trance,big room,house","Atlantic Records",0.863,0.821,1,-5.538,1,0.1,0.0131,0.0000405,0.0773,0.822,127.999,4
spotify:track:284xmzutJieeUWBFoObhdR,"The Days - NOTION Remix","The Days - NOTION Remix","Nikko;Jynxx",2025-01-30,223190,52,false,,2025-07-06T20:12:27Z,"","Trillex Music Group",0.638,0.842,0,-4.852,1,0.0332,0.000514,0.000381,0.151,0.26,141.744,4
spotify:track:7F9hv92QcagkY0yg1Pu1NM,"Cool Me Down - Extended","Cool Me Down (Remixes)","Margaret",2016-04-15,272967,15,false,,2025-07-02T19:25:44Z,"","Magic Records",0.626,0.483,2,-7.648,1,0.0996,0.00769,0.000884,0.17,0.498,182.109,4
spotify:track:1vvNmPOiUuyCbgWmtc6yfm,"My Way","My Way","Calvin Harris",2016-09-16,219159,77,false,,2025-07-01T04:14:53Z,"edm","Columbia",0.818,0.913,4,-3.06,0,0.0426,0.093,0.0000369,0.161,0.536,119.986,4
spotify:track:0xfMlIW8lS40qvpsUw1l0X,"Never Going Home","Never Going Home","Kungs",2021-05-21,169944,65,false,,2025-06-30T06:42:09Z,"","Universal Music Division Polydor France",0.836,0.846,0,-4.673,1,0.0392,0.0907,0.047,0.057,0.942,122.042,4
spotify:track:23L5CiUhw2jV1OIMwthR3S,"In the Name of Love","In the Name of Love","Martin Garrix;Bebe Rexha",2016-07-29,198815,82,false,,2025-06-30T06:38:23Z,"edm,house progresywny,muzyka elektroniczna","Epic Amsterdam",0.501,0.519,4,-5.88,0,0.0409,0.109,0,0.454,0.168,133.99,4
spotify:track:7ih7pYSRZgWCTXuOmrnXjX,"Dame Un Grrr","Dame Un Grrr","Fantomel;Kate Linn",2025-06-20,133220,68,false,,2025-06-30T06:20:50Z,"","Creator Records under exclusive license to Universal Music Romania",0.895,0.827,5,-3.921,0,0.0917,0.025,0.0108,0.264,0.895,117.941,4
spotify:track:46RBT9mCXUZEZa0CyA0thr,"GAZPROM","ROMANTIC PSYCHO","Quebonafide;Sokół;Czarny HIFI",2020-04-02,194826,52,false,,2025-06-29T20:19:50Z,"","QueQuality",0.708,0.815,10,-4.997,0,0.221,0.233,0,0.422,0.645,92.055,4
spotify:track:3fsukGRaCYqfoQ010VQGcC,"Dom Nad Wodą","Muzyka Komercyjna (Deluxe)","Pezet;Auer",2022-12-23,195704,65,true,,2025-06-29T19:56:19Z,"","2022 Pezet",0.47,0.637,9,-8.33,0,0.187,0.17,0.0000765,0.12,0.554,88.827,4
spotify:track:6kex4EBAj0WHXDKZMEJaaF,"Swalla (feat. Nicki Minaj & Ty Dolla $ign)","Swalla (feat. Nicki Minaj & Ty Dolla $ign)","Jason Derulo;Nicki Minaj;Ty Dolla $ign",2017-02-23,216408,72,true,,2025-06-29T19:53:11Z,"trap soul","Beluga Heights/Warner Records",0.689,0.789,1,-4.901,1,0.122,0.154,0,0.203,0.745,98.043,4
spotify:track:0YammaEkYSeo9vQYZ1OwS6,"Say My Name","7","David Guetta;Bebe Rexha;J Balvin",2018-09-14,198946,71,false,,2025-06-29T19:38:22Z,"edm,reggaeton,latynoskie rytmy","Parlophone (France)",0.703,0.66,10,-5.119,0,0.123,0.137,0,0.192,0.79,95.031,4
spotify:track:62feRreeM9ea7i2VHVSKrg,"Freaks","Freaks","Timmy Trumpet;Savage",2014-08-01,168750,19,false,,2025-06-25T14:33:42Z,"melbourne bounce,big room","Hussle Recordings",0.886,0.967,4,-0.776,1,0.142,0.0157,0.389,0.239,0.745,128.1,4
spotify:track:5Hroj5K7vLpIG4FNCRIjbP,"Best Day Of My Life","Oh, What A Life","American Authors",2014-01-01,194240,81,false,,2025-06-22T11:31:59Z,"","Island Records",0.673,0.902,2,-2.392,1,0.0346,0.0591,0.000227,0.0558,0.536,100.012,4
spotify:track:1oew3nFNY3vMacJAsvry0S,"Me And My Broken Heart","Let The Road","Rixton",2014-01-01,193733,76,false,,2025-06-22T11:28:04Z,"","Silent Records/Giant Little Man",0.545,0.783,5,-4.261,0,0.0345,0.00489,0,0.132,0.551,174.084,4
spotify:track:0MlKudbYsh9JbHYNbrojdq,"CASABLANCA","CASABLANCA","Sentino;BNP",2025-05-01,217850,65,false,,2025-06-20T12:20:01Z,"","BNP.LABEL",0.591,0.515,0,-8.105,0,0.396,0.272,0,0.118,0.627,129.968,4
spotify:track:4BgTgPsNeDz2KG4QsshjL9,"BLUEBERRY","PLEŚŃ","Guzior;Favst",2020-12-04,176000,63,true,,2025-06-19T16:09:29Z,"","QueQuality",0.717,0.725,6,-6.287,0,0.162,0.467,0,0.0987,0.645,119.926,4
spotify:track:10xV5l9nhLvFpR8mqzs0bL,"Numb","Numb","Marshmello;Khalid",2022-06-10,155588,72,false,,2025-06-18T17:42:51Z,"edm","Joytime Collective/RCA Records",0.912,0.774,0,-4.673,0,0.0455,0.121,0.0127,0.101,0.632,119.966,4
spotify:track:0dorKIz071s55Jy0zxb4aW,"Złote Tarasy","Złote Tarasy","Mr. Polska;Abel de Jong",2022-04-08,146269,55,false,,2025-06-12T04:54:55Z,"disco polo","MyMusic",0.878,0.604,7,-7.411,0,0.334,0.52,0,0.286,0.928,127.034,4
spotify:track:4S78rQHd6cSC8g2TfdNJTf,"Lloret de Mar","Lloret de Mar","Mata",2024-09-16,125732,61,true,,2025-06-12T04:17:35Z,"","¸¸♬·¯·♩¸¸♪·¯·♫¸¸♫·¯·♪",0.773,0.744,0,-6.478,0,0.058,0.431,0.000119,0.0836,0.348,104.997,4
spotify:track:1lr5prHQn7Q766Ix6eGRKK,"Freed from Desire (feat. Indiiana)","Freed from Desire (feat. Indiiana)","Drenchill;Indiiana",2018-11-09,161453,62,false,,2025-06-12T03:54:44Z,"slap house","NITRON music",0.787,0.759,2,-4.957,0,0.121,0.0665,0,0.0711,0.146,126.004,4
spotify:track:6s8nHXTJVqFjXE4yVZPDHR,"Troublemaker (feat. Flo Rida)","Right Place Right Time (Expanded Edition)","Olly Murs;Flo Rida",2012-11-26,185586,76,false,,2025-06-01T12:14:38Z,"","Epic",0.762,0.863,0,-3.689,0,0.0561,0.015,0,0.125,0.965,106.012,4
spotify:track:3850dYVgOFIXJh5U4BFEWH,"Hung Up","Confessions on a Dance Floor","Madonna",2005-11-11,337733,83,false,,2025-06-01T11:58:52Z,"","Warner Records",0.649,0.647,9,-7.695,0,0.0452,0.0039,0.161,0.0686,0.405,125.02,4
spotify:track:1OrQTsLlcOJRM27CAj0AGd,"Dni, których nie znamy","Marek Grechuta - 40 piosenek","Marek Grechuta",2010-12-15,295600,54,false,,2025-05-31T20:07:21Z,"","WM Poland/WMI",0.509,0.445,7,-12.501,1,0.0821,0.653,0,0.154,0.57,141.728,4
spotify:track:4ugeq72uzChJZAgvqwD9ub,"Chodź, pomaluj mój świat","Polska nostalgia 60+ Cz. 4","2 + 1",2015-05-22,144840,4,false,,2025-05-31T20:04:19Z,"","Polskie Radio",0.556,0.445,9,-6.87,0,0.0869,0.795,0,0.127,0.535,76.486,4
spotify:track:7ECBfG3O3Sxs3D3TGEU7ag,"Baranek","Tata Kazika","Kult",1993,259533,52,false,,2025-05-31T20:00:27Z,"","SP Records",0.327,0.689,7,-5.378,0,0.0387,0.09,0.00000186,0.516,0.711,86.522,1
spotify:track:1SN1vSPsr4V4tIUTR3s8YW,"Fast Car","Blue","Jonas Blue;Dakota",2018-11-09,212424,76,false,,2025-05-26T21:52:48Z,"tropical house","Positiva",0.672,0.578,9,-6.621,1,0.0569,0.469,0,0.312,0.548,113.945,4
spotify:track:746BlfyY0hVG65EtfaNvwo,"L.A.LOVE (la la) (feat. YG)","Double Dutchess","Fergie;YG",2017-09-22,211512,52,true,,2025-05-20T04:04:52Z,"hyphy","BMG Rights Management (US) LLC",0.509,0.482,7,-6.965,1,0.176,0.0186,0,0.238,0.301,101.042,4
spotify:track:7mTOeGfsxp8WXvVLL2B76c,"right here","right here","Lil Peep;Horse Head",2016-11-15,176906,72,true,,2025-05-18T06:39:20Z,"emo rap,cloud rap","Death Note Music, LLC",0.604,0.715,8,-7.118,0,0.0312,0.000425,0.00000778,0.116,0.212,110.026,4
spotify:track:5rYpwP1dHWGVMrSZbTmt3e,"Life is Beautiful","Come Over When You're Sober, Pt. 2","Lil Peep",2018-11-09,207586,70,true,,2025-05-18T06:17:50Z,"emo rap,cloud rap","Columbia",0.533,0.638,10,-9.411,1,0.0636,0.0385,0.000932,0.0758,0.324,135.056,4
spotify:track:6PwwtsjQCW9oK9tkxou4UO,"KIEDYŚ CIĘ ZNAJDĘ (REMIX)","TTHE GRIND (DELUXE)","Otsochodzi;OKI;Young Multi;Reni Jusis;lohleq;Kusha",2025-01-30,180923,57,true,,2025-05-15T03:37:11Z,"","2020",0.544,0.683,0,-6.287,1,0.0358,0.0314,0,0.118,0.125,129.695,4
spotify:track:1SDoIIjDCFjJuglM7qbIqf,"Jakie To Uczucie?","PRODUKT47","OKI;Nolyrics Beats",2022-06-09,162935,60,true,,2025-05-12T04:17:23Z,"","2020",0.819,0.633,0,-6.619,1,0.164,0.0696,0,0.163,0.794,109.072,4
spotify:track:0fDkJh1h4ZpRXr8lIIAGUr,"Just Dance - Hardstyle","Just Dance (Hardstyle)","puremind",2022-12-06,150427,61,false,,2025-05-10T19:58:16Z,"hardstyle","RECORDS",0.559,0.945,11,-4.226,1,0.0413,0.00666,0.000302,0.199,0.23,165.032,4
spotify:track:6WrI0LAC5M1Rw2MnX2ZvEg,"Don't Start Now","Don't Start Now","Dua Lipa",2019-10-31,183290,75,false,,2025-05-09T04:05:19Z,"pop","Warner Records",0.794,0.793,11,-4.521,0,0.0842,0.0125,0,0.0952,0.677,123.941,4
spotify:track:1Je1IMUlBXcx1Fz0WE7oPT,"Wannabe","Spice","Spice Girls",1996-01-01,173026,83,false,,2025-05-08T15:53:20Z,"","Virgin Records",0.768,0.864,11,-6.149,1,0.0324,0.101,0,0.162,0.891,110.009,4
spotify:track:1di1BEgJYzPvXUuinsYJGP,"Everybody (Backstreet's Back) - Radio Edit","Backstreet's Back","Backstreet Boys",1997-08-12,225360,81,false,,2025-05-08T15:29:22Z,"","Jive",0.731,0.853,10,-4.219,0,0.0363,0.0352,0,0.268,0.605,108.016,4
spotify:track:5DPtX89n73XGCbdvTCHdr0,"Na jednej z dzikich plaż","Na jednej z dzikich plaż","Loka",2024-02-14,215733,52,false,,2025-05-07T04:44:26Z,"disco polo","Loka",0.585,0.659,5,-7.555,1,0.0302,0.00719,0,0.109,0.466,126.009,4
spotify:track:7vFoFDWqTX0mHzLfrF1Cfy,"Cheerleader (Felix Jaehn Remix) - Radio Edit","Me 4 U","OMI;Felix Jaehn",2015-10-16,180565,84,false,,2025-05-07T03:44:34Z,"tropical house","Ultra Records, LLC",0.782,0.685,4,-6.237,1,0.0309,0.166,0.0000118,0.16,0.603,118.02,4
spotify:track:3FdHgoJbH3DXNtGLh56pFu,"Conga!","Primitive Love","Miami Sound Machine",1985-08-13,254000,70,false,,2025-05-06T03:49:31Z,"","Epic",0.789,0.656,2,-14.825,1,0.0474,0.168,0.0409,0.0311,0.865,122.237,4
spotify:track:0DmAvNCAK08oCi7miSZUIY,"Lasting Lover","Lasting Lover","Sigala;James Arthur",2020-09-04,218358,63,false,,2025-05-03T11:21:25Z,"soft pop","Ministry of Sound Recordings",0.676,0.786,1,-4.529,1,0.0478,0.197,0,0.0943,0.483,125.983,4
spotify:track:7aQjPecQdIuNd1sz3KCDhD,"Lovefool","First Band On The Moon (Remastered)","The Cardigans",1996-01-01,193953,85,false,,2025-05-03T11:19:24Z,"szwedzki pop","Universal Music AB",0.704,0.636,9,-6.029,1,0.0252,0.0344,0,0.35,0.89,111.845,4
spotify:track:1zi7xx7UVEFkmKfv06H8x0,"One Dance","Views","Drake;Wizkid;Kyla",2016-05-06,173986,92,false,,2025-05-02T09:49:47Z,"rap,afrobeats,afrobeat,afro pop,azonto,afroswing,afro r&b,afropiano","Cash Money Records/Young Money Ent./Universal Rec.",0.792,0.625,1,-5.609,1,0.0536,0.00776,0.0018,0.329,0.37,103.967,4
spotify:track:6x4tKaOzfNJpEJHySoiJcs,"Mambo No. 5 (a Little Bit of...)","A Little Bit of Mambo","Lou Bega",1999-07-19,220293,80,false,,2025-05-02T09:26:50Z,"","Sony Music/Vorsicht Musik",0.622,0.807,5,-6.752,0,0.408,0.103,0,0.306,0.892,174.06,4
spotify:track:7qiZfU4dY1lWllzX7mPBI3,"Shape of You","÷ (Deluxe)","Ed Sheeran",2017-03-03,233712,90,false,,2025-05-02T08:52:15Z,"soft pop","Atlantic Records UK",0.825,0.652,1,-3.183,0,0.0802,0.581,0,0.0931,0.931,95.977,4
spotify:track:6IIqWBHaHYbC8E16FrxLuX,"Sh-Boom","Complete Discography","The Chords",1954-12-02,147320,53,false,,2025-05-02T08:18:36Z,"doo-wop","Universal Digital Enterprises",0.672,0.471,5,-8.893,1,0.0485,0.782,0,0.125,0.884,136.562,4
spotify:track:2x7MyWybabEz6Y6wvHuwGE,"Just Dance","The Fame","Lady Gaga;Colby O'Donis",2008-01-01,241933,80,false,,2025-05-02T07:41:39Z,"art pop,pop","Interscope",0.822,0.739,1,-4.541,0,0.0311,0.0264,0.0000428,0.181,0.745,118.99,4
spotify:track:05wIrZSwuaVWhcv5FfqeH0,"Walking On Sunshine","Katrina & The Waves","Katrina & The Waves",1985,238733,79,false,,2025-05-02T07:35:14Z,"","Capitol Records",0.597,0.87,10,-11.97,1,0.0371,0.0119,0.166,0.0678,0.944,109.901,4
spotify:track:4ft6fLGpvWe0ldNvXE1N3m,"Tam słońce, gdzie my","Tak jak tutaj stoję","Wiktor Dyduła",2025-04-04,195093,53,false,,2025-05-02T06:50:15Z,"","Universal Music Polska Sp. z o.o.",0.758,0.786,5,-5.983,1,0.0407,0.53,0.0000726,0.111,0.781,128.037,4
spotify:track:3ThzTChpGTrx5avsgkd3GR,"Nie mówię tak, nie mówię nie","Tak jak tutaj stoję","Wiktor Dyduła;Kasia Sienkiewicz",2025-04-04,159018,49,false,,2025-05-02T04:34:11Z,"","Universal Music Polska Sp. z o.o.",0.523,0.879,2,-4.576,1,0.0633,0.0013,0.107,0.433,0.362,164.96,4
spotify:track:2nUpzFnUPY6Omv9XWa292d,"Genziara","Genziara","GENZIE",2024-03-10,140000,1,false,,2025-04-26T19:42:22Z,"","Ekipa",0.71,0.892,11,-6.054,0,0.0658,0.0676,0.0089,0.632,0.277,114.013,4
spotify:track:7ngRS53kqxLcEt9Pythc5d,"You Don't Own Me","Lesley Gore Sings Of Mixed-Up Hearts","Lesley Gore",1963-11-01,150000,71,false,,2025-04-26T17:44:55Z,"","Mercury Records",0.473,0.434,2,-10.02,1,0.0257,0.701,0,0.628,0.711,94.814,3
spotify:track:0pWq0bkLrbjobpojIjfUBG,"SIRI","77747mixtape","OKI;Gedz;Magiera",2020-09-25,184226,55,true,,2025-04-26T08:04:49Z,"","2020",0.743,0.708,11,-4.499,1,0.3,0.0859,0,0.171,0.472,141.966,4
spotify:track:5fWG4JDot8nHCte7gUdMUS,"Pepas - David Guetta Remix - Radio Edit","Pepas (David Guetta Remix - Radio Edit)","Farruko;David Guetta",2021-09-21,171784,61,true,,2025-04-18T15:23:01Z,"reggaeton,trap latino,edm","Sony Music Latin",0.632,0.952,7,-4.85,1,0.0527,0.0122,0.0119,0.265,0.098,126.967,4
spotify:track:54HoJi9KbLiFk1sGUQT5NJ,"Wschód (lubię zapierdalać)","Opowieści z Doliny Smoków","Bedoes 2115;Lanek;Kosa;White 2115",2019-11-29,248986,64,false,,2025-04-18T04:30:44Z,"witch house","SBM Label",0.612,0.683,1,-8.514,1,0.21,0.257,0.0000121,0.626,0.47,143.098,4
spotify:track:7EQGXaVSyEDsCWKmUcfpLk,"Die Young","Warrior (Expanded Edition)","Kesha",2012-11-30,211920,82,false,,2025-04-17T14:34:41Z,"","Kemosabe Records/RCA Records",0.711,0.7,1,-4.805,0,0.046,0.00498,0.000125,0.215,0.801,128.001,4
spotify:track:1bgKMxPQU7JIZEhNsM1vFs,"Words (feat. Zara Larsson)","Words (feat. Zara Larsson)","Alesso;Zara Larsson",2022-04-22,142677,75,false,,2025-04-17T13:55:36Z,"edm","10:22PM",0.739,0.586,10,-5.079,0,0.0472,0.0245,0.000252,0.308,0.444,124.026,4
spotify:track:16g4ZLTaLb3CIPypMEod31,"Swimming (feat. Trippie Redd & Lil Xan)","Baby Goth","Baby Goth;Trippie Redd;Lil Xan",2019-02-15,198760,35,true,,2025-04-16T03:26:10Z,"melodyjny rap,cloud rap","Republic Records",0.69,0.627,7,-8.859,1,0.0407,0.187,0,0.0885,0.434,135.98,4
spotify:track:5Z9KJZvQzH6PFmb8SNkxuk,"INDUSTRY BABY (feat. Jack Harlow)","MONTERO","Lil Nas X;Jack Harlow",2021-09-17,212352,77,true,,2025-04-16T03:12:26Z,"","Columbia",0.741,0.691,10,-7.395,0,0.0672,0.0221,0,0.0476,0.892,150.087,4
spotify:track:4kTina9NiDbq9uFNQnRyOZ,"Block & Delete (Edit)","Block & Delete (Edit)","Emz;Sam Binga;BAKEY",2024-01-26,175500,0,false,,2025-04-15T04:50:39Z,"drum and bass,brytyjski garage,bassline,jungle,drumstep,breakbeat,footwork,brytyjski funk","Pineapple Records",0.79,0.831,11,-2.696,0,0.231,0.00229,0.0000478,0.409,0.588,159.922,4
spotify:track:1IGFRqxATPG49icmnuGiEv,"OBOK","Ziomalski Mixtape","Żabson;Vladimir Cauchemar",2021-02-01,182080,49,true,,2025-04-14T04:25:02Z,"francuski rap","INTERNAZIOMALE",0.813,0.692,6,-5.974,0,0.0609,0.526,0,0.111,0.508,122.981,3
spotify:track:5uZP077wFVrGChxkfQe7jK,"Hi Fi Superstar - Radio Edit","Hi Fi Superstar (Radio Edit)","Wet Fingers;DJ Adamus;Mafia Mike",2008,206976,47,false,,2025-04-13T11:43:50Z,"disco polo","001-Records",0.7,0.918,4,-5.465,1,0.109,0.0229,0.227,0.0459,0.413,127.955,4
spotify:track:0qt5f5EL92o8Snzopsv0en,"Geronimo","Bombs Away","Sheppard",2015-01-12,218227,74,false,,2025-04-13T08:14:58Z,"","Decca (UMO)",0.706,0.78,7,-6.267,1,0.0795,0.451,0.00141,0.115,0.451,142.029,4
spotify:track:7H6ev70Weq6DdpZyyTmUXk,"Say My Name","The Writing's On The Wall","Destiny's Child",1999-07-27,271333,82,false,,2025-04-12T10:59:05Z,"","Columbia",0.713,0.678,5,-3.525,0,0.102,0.273,0,0.149,0.734,138.009,4
spotify:track:0krmBjyMcJZhwkm2mqepgb,"Perfekt","High Quality","Wac Toja",2017-04-28,209967,56,false,,2025-04-12T08:52:25Z,"","QueQuality",0.579,0.612,7,-9.026,0,0.342,0.0475,0,0.199,0.268,140.139,4
spotify:track:4cluDES4hQEUhmXj6TXkSo,"What Makes You Beautiful","Up All Night","One Direction",2012-05-25,199986,87,false,,2025-04-11T04:27:17Z,"","Syco Music UK",0.726,0.787,4,-2.494,1,0.0737,0.009,0,0.0596,0.888,124.99,4
spotify:track:6FE2iI43OZnszFLuLtvvmg,"Classic","MKTO","MKTO",2012,175426,81,false,,2025-04-10T03:27:42Z,"","Columbia/M2V",0.72,0.791,1,-4.689,1,0.124,0.0384,0,0.157,0.756,102.071,4
spotify:track:0aBKFfdyOD1Ttvgv0cfjjJ,"More - RedOne Jimmy Joker Remix","More","USHER",2010-11-22,219986,72,false,,2025-04-09T13:28:32Z,"r&b","LaFace Records",0.551,0.893,7,-2.628,1,0.0543,0.00166,0,0.348,0.794,125.083,4
spotify:track:0Ph6L4l8dYUuXFmb71Ajnd,"Livin' la Vida Loca","Ricky Martin","Ricky Martin",1999,243160,80,false,,2025-04-09T13:07:13Z,"latynoski pop","C2Records/Columbia",0.425,0.954,1,-3.756,0,0.0476,0.00414,0,0.0555,0.933,178.043,4
spotify:track:4OUtE5ZzHZu4hYfC67mHK6,"Placebo","Kosh","Adi Nowak;DZIARMA",2018-09-28,216923,41,true,,2025-04-09T12:35:16Z,"","Asfalt Records",0.831,0.476,1,-9.247,1,0.349,0.183,0,0.0698,0.486,78.028,4
spotify:track:1pl6TiCoKfRGkQ2Miyvy9f,"KIEROWNIK","KIEROWNIK","Kizo;clearmind",2025-02-05,172549,62,true,,2025-04-09T03:11:25Z,"","spacerange",0.583,0.523,1,-6.801,1,0.21,0.0402,0,0.245,0.486,77.698,4
spotify:track:773ryYtshMNAyz6iDtZgLI,"Schodki","100 dni do matury","Mata",2020-01-17,235773,63,false,,2025-04-08T03:22:24Z,"","SBM Label",0.571,0.667,11,-8.365,0,0.0509,0.0389,0.0136,0.166,0.438,78.031,4
spotify:track:0lf8E0G2AJgYXtANq8mQ5m,"Naaajak","Naaajak","Malik Montana;Diho",2016-12-09,217000,52,true,,2025-04-05T09:03:30Z,"","GM2L",0.793,0.586,11,-6.291,0,0.105,0.0109,0,0.345,0.348,141.473,4
spotify:track:6djlRvx69CBXQAoXKqk082,"Gentleman","Best of 10s","PSY",2021-02-26,194546,68,false,,2025-04-05T08:49:07Z,"k-pop","UME - Global Clearing House",0.882,0.736,3,-2.892,0,0.116,0.00222,0,0.0515,0.582,125.995,4
spotify:track:4t3UJWEJRaqWizcIdYAPZC,"Będzie Lepiej","MIYO","Miyo;Tymek;Mafia Mike;Jonatan",2021-11-19,185084,57,false,,2025-04-05T08:28:05Z,"","MIYO",0.763,0.799,1,-6.034,1,0.0471,0.322,0.00105,0.146,0.773,117.97,4
spotify:track:73WDSL8BjtH1hZQS1GIKvg,"Blok D","Chudy chłopak","Kali;Magiera",2019-06-07,190906,59,false,,2025-04-04T05:47:19Z,"","Ganja Mafia Label",0.628,0.766,2,-7.049,1,0.249,0.0975,0,0.356,0.477,175.912,4
spotify:track:30ZvmP2OKDWeiXpkc6bSVF,"Biały i młody","Aby śmierć miała znaczenie","Bedoes 2115;Kubi Producent",2017-02-17,234800,56,false,,2025-04-04T05:43:25Z,"","SBM Label",0.714,0.664,1,-8.807,1,0.283,0.178,0,0.105,0.236,132.107,4
spotify:track:5eUkTEvnm7e4bBI99aTOP8,"Proste fakty","Hotel Maffija 2 (3 000 000 Deluxe)","SB Maffija;Bedoes 2115;White 2115;kuqe 2115;Flexxy 2115;Blacha 2115;Kubi Producent",2022-09-12,218827,55,true,,2025-04-02T18:44:45Z,"","SBM Label",0.72,0.705,9,-5.569,1,0.189,0.289,0,0.12,0.784,144.051,4
spotify:track:4TFKJpEEwdRCYkNoANmuqt,"Amerykańskie Teledyski","OIO","OKI;Young Igi;Otsochodzi;OIO;Kubi Producent",2021-05-06,196200,56,true,,2025-04-02T06:16:07Z,"","2020",0.689,0.654,10,-5.758,0,0.37,0.303,0,0.113,0.718,180.019,4
spotify:track:4laCtGHEZEupZ7uEDQH2Ae,"300 BANIEK","TTHE GRIND (DELUXE)","Otsochodzi;OKI;lohleq",2025-01-30,157500,61,true,,2025-04-02T05:46:28Z,"","2020",0.522,0.762,4,-6.42,0,0.17,0.0496,0,0.417,0.846,150.261,4
spotify:track:5T8t1yJwAf6Dr6fIFGPjro,"Walk","Love + War","Kwabs",2015-09-04,214149,67,false,,2025-04-01T05:06:00Z,"","Atlantic Records UK",0.615,0.814,9,-3.903,0,0.0677,0.17,0,0.218,0.577,144.005,4
spotify:track:2kWowW0k4oFymhkr7LmvzO,"Come with Me Now","Lunatic","KONGOS",2014-01-27,211960,70,false,,2025-04-01T04:54:07Z,"","Epic",0.654,0.726,10,-3.803,0,0.0401,0.0311,0.0000635,0.0618,0.728,103.987,4
spotify:track:4LRRAbSdBvbxbnFpmN62ko,"Losing Control - Radio Edit","Losing Control","The Nycer;Deeci",2010-01-01,191817,0,false,,2025-04-01T04:43:28Z,"coupé decalé","Njoy Records",0.897,0.87,2,-4.956,1,0.0889,0.109,0.000212,0.407,0.719,128.088,4
spotify:track:0HyI0Nqzx4VObuB6mrJFKQ,"jumper","2.0","chillwagon",2020-12-22,179306,53,true,,2025-03-31T09:16:47Z,"","spacerange",0.745,0.762,7,-3.716,1,0.229,0.0186,0,0.0946,0.513,123.936,4
spotify:track:4t9QTp7MClntMBhGeHhmqX,"Bestia","Konfetti","Young Igi;Worek",2018-10-19,197885,62,true,,2025-03-31T09:14:00Z,"","Universal Music Polska Sp. z o.o.",0.645,0.441,7,-10.026,1,0.246,0.594,0,0.109,0.404,94.055,4
spotify:track:0yIynXAdQTdgFc2ZwzFSCk,"Inimaniminimanimo","Trappist","Young Igi",2017-11-11,195173,0,true,,2025-03-31T05:26:57Z,"","Soliton - Krzysztof Karwasz",0.78,0.772,6,-5.699,1,0.0652,0.309,0,0.0614,0.39,121.945,4
spotify:track:1FkoVC85Ds3mFoK0fVqEqP,"Self Esteem","Smash","The Offspring",1994-04-08,257826,80,false,,2025-03-30T18:21:25Z,"punk,skate punk","Epitaph",0.488,0.862,0,-7.595,1,0.0476,0.0204,0,0.359,0.706,104.56,4
spotify:track:13QjwdjKiFrKzYznJu6iiP,"bauch beine po","Schlau aber blond","Shirin David",2025-02-13,133932,65,true,,2025-03-27T11:32:59Z,"niemiecki hip-hop,niemiecki pop","Juicy Money Records",0.953,0.75,4,-6.09,0,0.111,0.025,0.00135,0.0696,0.854,123.949,4
spotify:track:2gam98EZKrF9XuOkU13ApN,"Promiscuous","Loose","Nelly Furtado;Timbaland",2006-01-01,242293,89,false,,2025-03-27T11:17:48Z,"","Mosley / Geffen",0.808,0.97,10,-6.098,0,0.0504,0.0573,0.0000617,0.154,0.868,114.328,4
spotify:track:0aRqMHYpwPKFiX9NHSlagD,"Nie mam czasu na wakacje","Ostatni Ziomal","Żabson;Waima;Pedro;francis",2023-03-30,187613,51,true,,2025-03-25T07:52:29Z,"","INTERNAZIOMALE",0.874,0.794,9,-6.093,0,0.259,0.34,0.00516,0.0534,0.65,135.956,4
spotify:track:4qjIIJiyq3IWhMHPHt1o2F,"Hotel Maffija 3","Hotel Maffija 3","SB Maffija;Kinny Zimmer;White 2115;Solar;Tomb;Janusz Walczuk;Lanek;Jacuś;po prostu Kajtek;Bryan",2023-08-11,297253,48,false,,2025-03-24T22:00:04Z,"","SBM Label",0.765,0.619,11,-6.078,1,0.413,0.256,0,0.199,0.805,130.857,4
spotify:track:55VzNhbcf0Gxf6qRCUAV01,"Little Bad Girl (feat. Taio Cruz & Ludacris)","Nothing but the Beat (Ultimate Edition)","David Guetta;Ludacris;Taio Cruz",2012-12-07,192275,65,true,,2025-03-22T12:42:06Z,"edm,southern hip-hop","Parlophone (France)",0.668,0.829,11,-2.748,0,0.0334,0.00572,0,0.358,0.648,127,4
spotify:track:0lwyzp7GppQxv0Eu6wRkUo,"Satisfaction","Satisfaction","David Guetta;Benny Benassi",2022-08-12,155676,72,false,,2025-03-22T09:45:59Z,"edm,electro house","Spinnin' Records",0.752,0.935,11,-6.263,1,0.203,0.0742,0.0352,0.081,0.31,126.022,4
spotify:track:6s3GEN8wK0OMzzzZbXj0fu,"Hymn for the Weekend - Seeb Remix","Hymn for the Weekend (Seeb Remix)","Coldplay;Seeb",2016-03-25,212647,70,false,,2025-03-21T20:11:46Z,"","Parlophone UK",0.565,0.849,0,-3.516,0,0.0517,0.00868,0.00000468,0.12,0.427,102.034,4
spotify:track:0KoiMHhqKLoL4xM54rcWYY,"Taki Taki (feat. Selena Gomez, Ozuna & Cardi B)","Carte Blanche","DJ Snake;Selena Gomez;Ozuna;Cardi B",2019-07-25,212500,76,true,,2025-03-21T18:05:51Z,"reggaeton,trap latino,latynoskie rytmy,urbano latino","DJ Snake Music Productions Limited",0.843,0.802,1,-4.167,0,0.228,0.158,0.000005,0.0642,0.618,95.881,4
spotify:track:4x5BlKXMHMJldeCOovotcN,"V.I.P.","1","Shaun Baker;Maloy",2011-06-29,205000,47,false,,2025-03-21T18:00:12Z,"","Magic Records",0.737,0.806,7,-5.316,0,0.0374,0.0401,0.00214,0.243,0.735,125.05,4
spotify:track:56bWt3rcAE7GWl8Nxd1cUC,"Kolorowa sukienka - Radio Edit","Kolorowa sukienka (Radio Edit)","Long & Junior",2015-03-18,221818,50,false,,2025-03-21T17:33:31Z,"disco polo,disco","Long & Junior",0.6,0.838,11,-5.264,1,0.106,0.00555,0,0.074,0.663,131.997,4
spotify:track:76pyWH7ZLr6q4kJZS3MmEE,"Live Is Life","Tonight At The Opera (Live)","Opus",2010-04-16,299373,60,false,,2025-03-21T17:17:19Z,"","Opuspocus Records",0.378,0.875,9,-7.123,0,0.254,0.0458,0,0.953,0.636,95.915,4
spotify:track:7MepfG4Z8Yl5GyKhEcKm15,"Buena","Dada (Platynowa Edycja)","Blue Cafe",2011-01-01,238773,50,false,,2025-03-21T17:07:54Z,"","Universal Music Polska Sp. z o.o.",0.858,0.694,5,-3.709,0,0.049,0.227,0,0.386,0.678,105.977,4
spotify:track:6g3K6MSmRR3ktIjyJgG3v9,"Ai No Corrida - Original Radio Edit","Ai No Corrida","Uniting Nations;Laura More",2011-04-05,190520,45,false,,2025-03-21T16:35:07Z,"","Gut Records",0.632,0.977,11,-3.975,0,0.142,0.00365,0.00000946,0.335,0.683,128.061,4
spotify:track:66WnR5Qn3EPZTyBI9pqwlz,"In My Mind - Axwell Mix","In My Mind","Ivan Gough;Feenixpawl;Georgi Kay;Axwell",2012-01-30,400741,48,false,,2025-03-21T16:14:15Z,"edm","Axtone Records",0.668,0.896,7,-5.188,0,0.0883,0.0396,0.00215,0.293,0.301,127.99,4
spotify:track:24z7Kd42Crj9CDxDToezOW,"Wyglądasz Idealnie","Król Latino","Skolim",2024-10-09,190445,55,false,,2025-03-21T16:12:53Z,"disco polo","Skolim",0.858,0.76,11,-3.854,0,0.125,0.157,0,0.0926,0.816,97.046,4
spotify:track:3G0yz3DZn3lfraledmBCT0,"P.I.M.P.","Get Rich Or Die Tryin'","50 Cent",2003-02-06,249480,81,true,,2025-03-21T16:12:04Z,"oldskulowy hip-hop,east coast hip-hop","Shady Records",0.712,0.772,10,-3.024,0,0.346,0.0521,0.00000435,0.0368,0.848,84.722,4
spotify:track:3LPLRNr58Z9Pn0clnEtkXb,"Anxiety","Alligator Bites Never Heal (Extended)","Doechii",2025-03-14,249302,77,true,,2025-03-21T15:18:45Z,"","Top Dawg Entertainment/Capitol Records",0.807,0.596,0,-6.818,1,0.0394,0.321,0.000294,0.105,0.881,129.013,4
spotify:track:2kj7OFRtWj9bkm8jqnT2EY,"Głucha noc","20/20 Evergreen","Peja;Slums Attack;Medi Top Glon;Mientha",2013-10-26,308586,56,true,,2025-03-21T13:46:30Z,"","RPS Enterteyment",0.799,0.459,0,-7.809,1,0.35,0.224,0,0.0881,0.768,92.921,4
spotify:track:5luOvrlnzfvJQdQjrScVj4,"Live Is Life (Digitally Remastered) - Single Version","Live Is Life","Opus",2011-02-11,249500,72,false,,2025-03-21T13:34:14Z,"","Opuspocus Records",0.633,0.952,9,-4.274,0,0.0338,0.0532,0.00000173,0.989,0.765,95.423,4
spotify:track:1koe87P9GUj9jzitVVvi0Q,"Bogini","Dla fanek euforii","Quebonafide",2017-06-14,262146,62,false,,2025-03-21T07:19:50Z,"","QueQuality",0.526,0.733,11,-8.663,1,0.152,0.181,0.0000519,0.119,0.216,106.426,4
spotify:track:2p3QvyvrdHGntOeBwQNJQP,"She's Crazy but She's Mine","She's Crazy but She's Mine","Alex Sparrow",2015-10-02,219520,70,false,,2025-03-19T14:28:54Z,"","NO RISK NO FUN PRODUCTION",0.686,0.755,0,-2.559,0,0.0318,0.00721,0.000116,0.24,0.854,120.02,4
spotify:track:5MwaWb596YNPVa4Xd279iY,"Algo Suena en Mi","Violetta","Lodovica Comello;Candelaria Molfese;Facundo Gambandé;Rodrigo Velilla",2012-01-01,134480,49,false,,2025-03-19T14:24:39Z,"","Walt Disney Records",0.781,0.941,0,-3.765,1,0.0345,0.0191,0.000547,0.0955,0.784,128.039,4
spotify:track:6tS3XVuOyu10897O3ae7bi,"California Gurls","Teenage Dream: The Complete Confection","Katy Perry;Snoop Dogg",2012-03-12,234653,77,false,,2025-03-19T12:10:31Z,"pop,g-funk,west coast hip-hop,gangster rap,oldskulowy hip-hop,hip-hop,rap","Capitol Records",0.791,0.755,0,-3.729,1,0.0568,0.00452,0,0.163,0.426,125.014,4
spotify:track:4E5P1XyAFtrjpiIxkydly4,"Replay","Replay","Iyaz",2009-08-18,182306,85,false,,2025-03-19T12:10:26Z,"","Time Is Money/Beluga Heights/Reprise",0.706,0.751,9,-6.323,1,0.0708,0.173,0,0.168,0.195,91.031,4
spotify:track:4wH4dJgrsxONID6KS2tDQM,"Maneater","Loose","Nelly Furtado",2006-01-01,258893,86,false,,2025-03-19T12:06:52Z,"","Mosley / Geffen",0.796,0.778,6,-4.81,1,0.0397,0.0258,0.000386,0.121,0.789,132.724,4
spotify:track:0Hf4aIJpsN4Os2f0y0VqWl,"Feel This Moment (feat. Christina Aguilera)","Global Warming: Meltdown (Deluxe Version)","Pitbull;Christina Aguilera",2012,229500,84,false,,2025-03-19T12:06:20Z,"","Mr.305/Polo Grounds Music/RCA Records",0.673,0.758,7,-3.632,1,0.158,0.039,0,0.341,0.542,135.956,4
spotify:track:3X7PdDlYOf6kEom5h9Fm9Z,"More Than Friends","Party Never Ends, Pt. 1 (Deluxe Edition)","INNA;Daddy Yankee",2013-12-20,237795,57,false,,2025-03-19T12:04:55Z,"europop,reggaeton,latynoskie rytmy","Roton",0.799,0.787,11,-5.02,1,0.0489,0.0241,0.00053,0.408,0.962,128.033,4
spotify:track:0eqH0ALoDQevq59YcQ53KE,"Hollaback Girl","Love. Angel. Music. Baby.","Gwen Stefani",2004-11-12,199853,74,true,,2025-03-19T12:04:33Z,"","Interscope",0.926,0.916,10,-2.221,0,0.0929,0.35,0.00000601,0.0234,0.904,110.009,4
spotify:track:6naxalmIoLFWR0siv8dnQQ,"Oops!...I Did It Again","Oops!... I Did It Again","Britney Spears",2000-05-16,211160,84,false,,2025-03-19T11:20:21Z,"pop","Jive",0.751,0.834,1,-5.444,0,0.0437,0.3,0.0000177,0.355,0.894,95.053,4
spotify:track:45hOioMDJktr86iKDHC8gr,"Girlfriend","The Best Damn Thing (Expanded Edition)","Avril Lavigne",2007-04-17,216600,81,true,,2025-03-19T11:00:22Z,"","RCA Records Label",0.56,0.959,7,-2.433,1,0.102,0.000722,0.000221,0.209,0.669,163.983,4
spotify:track:0n82eMFT3925mhEdQvXZYa,"Co jest ze mną","Dla fanek euforii","Quebonafide;Gedz",2017-06-14,171428,42,false,,2025-03-17T06:33:56Z,"","QueQuality",0.409,0.824,0,-6.499,0,0.772,0.594,0,0.122,0.316,140.454,1
spotify:track:1MBINKJrTx9VApRSoQMR8b,"nóż motylkowy","Deathcore","Chivas;White 2115",2024-01-25,176000,50,true,,2025-03-17T06:27:32Z,"","GUGU",0.615,0.718,5,-6.087,0,0.133,0.25,0,0.0786,0.513,160.052,4
spotify:track:6PJvRJ1Vdi4gyotVK5eST4,"Czarna Perła","Hotel Maffija 3","SB Maffija;Szpaku;Białas;Fukaj;po prostu Kajtek;White 2115;27.Fuckdemons;Chivas;Kubi Producent",2023-08-11,184173,58,true,,2025-03-16T21:15:28Z,"","SBM Label",0.679,0.603,1,-7.625,1,0.184,0.183,0,0.343,0.607,143.912,4
spotify:track:1d718gwJbujwNO9x9BzNfc,"KOCHASZ?","KOCHASZ?","Sobel;francis;Deemz",2024-12-26,152386,60,false,,2025-03-16T14:03:48Z,"","Universal Music Polska Sp. z o.o.",0.616,0.741,6,-7.095,1,0.0355,0.0903,0,0.117,0.556,120.082,4
spotify:track:0298TR48npXuchmJraLrzF,"Juntos Somos Mas","Violetta","Mercedes Lambre;Lodovica Comello;Candelaria Molfese;Facundo Gambandé;Jorge Blanco;Nick Garnier;Rodrigo Velilla",2012-01-01,177346,50,false,,2025-03-12T15:32:47Z,"","Walt Disney Records",0.737,0.677,0,-5.684,1,0.0724,0.104,0,0.062,0.579,130.06,4
spotify:track:3nNkVXamKZA6E2xSiHT84A,"Voy por Ti","Violetta","Jorge Blanco",2012-01-01,146146,56,false,,2025-03-12T15:14:54Z,"","Walt Disney Records",0.762,0.785,7,-6.13,1,0.0341,0.000896,0.00000836,0.083,0.961,129.987,4
spotify:track:3sqG3O7mutRYRwfdlJiWSV,"Ser Mejor","Violetta/Violetta - Cantar Es Lo Que Soy (Ekskluzywna Edycja Kolekcjonerska)","Martina Stoessel;Jorge Blanco;Pablo Espinosa;Mercedes Lambre;Lodovica Comello;Candelaria Molfese;Samuel Nascmiento;Facundo Gambandé;Alba Rico;Simone Lijoi",2013-01-01,208120,25,false,,2025-03-12T15:10:19Z,"","Walt Disney Records",0.408,0.547,8,-8.256,1,0.0753,0.0537,0,0.0781,0.292,98.002,4
spotify:track:4odiyU3myG29Ld0wurMfE8,"She Doesn't Mind","Tomahawk Technique","Sean Paul",2012-01-24,227786,80,false,,2025-03-10T19:59:37Z,"dancehall","VP Records",0.718,0.776,7,-5.208,0,0.0693,0.000624,0.0000053,0.207,0.622,120.015,4
spotify:track:07Agqdd4SD83JRgN19OjdW,"Magenta","Muzyka współczesna","Pezet;Auer",2019-09-27,200333,2,false,,2025-03-10T12:44:15Z,"","Pezet",0.742,0.842,2,-6.421,1,0.225,0.519,0.00000728,0.124,0.564,132.996,4
spotify:track:11Z7oHnQzt8iwfkQwHZ70I,"Piękny Świat","DOPEHOUSE MIXTAPE","Gibbs;Kiełas",2022-08-25,233425,63,false,,2025-03-03T08:16:21Z,"","DOPEHOUSE",0.509,0.765,4,-9.142,0,0.0763,0.0703,0.000504,0.164,0.274,90.356,4
spotify:track:4FFtEKAxztwM0PyVODSNXf,"Raz, Dwa, Trzy","Lil Fagata","Fagata",2025-01-17,128955,34,true,,2025-03-03T05:41:59Z,"","Fagata",0.79,0.641,6,-9.073,0,0.461,0.101,0.00000432,0.1,0.445,134.188,4
spotify:track:08RLc2ggnNITPxZ9lCGMQW,"@ (trailer)","@ (trailer)","chillwagon",2019-06-17,255201,60,false,,2025-03-02T23:43:42Z,"","spacerange",0.821,0.727,3,-6.899,0,0.184,0.29,0,0.271,0.822,127.946,4
spotify:track:4mtRuEoVJotiMVrPrDENeu,"Rainman","FIT","Tymek;TEDE;Trill Pem",2020-03-19,225982,0,true,,2025-03-02T23:27:39Z,"","Odrodzenie",0.802,0.652,8,-5.142,1,0.356,0.18,0,0.266,0.452,154.035,4
spotify:track:7DTxB5toTNxuVOJIdP6lg2,"Anioły i Demony","FIT","Tymek;Big Scythe;Deys",2020-03-19,210810,0,true,,2025-03-02T22:52:08Z,"","Odrodzenie",0.772,0.671,4,-5.333,0,0.179,0.288,0,0.133,0.652,111.005,4
spotify:track:3T49zcFvZaEgJK8bAOJwCb,"Osobowości Dwie","Osobowości Dwie","Fagata",2024-02-14,120206,25,true,,2025-02-28T19:44:44Z,"","Fagata",0.66,0.361,11,-14.274,0,0.487,0.103,0.0000518,0.146,0.342,145.022,4
spotify:track:53xYDihMDv010QBPN8kM7I,"Lady Gaga (zejdź w dół)","ROCKST4R","White 2115;1olliee",2025-01-24,164271,52,true,,2025-02-28T18:38:00Z,"","White 2115",0.828,0.761,11,-6.974,1,0.177,0.134,0,0.253,0.7,102.991,4
spotify:track:4KW66ZVoSyUN0TJXdL9mLc,"California","Rockstar","White 2115",2018-08-31,192760,66,true,,2025-02-28T18:37:45Z,"","SBM Label",0.682,0.675,2,-8.29,1,0.0486,0.251,0.00000391,0.257,0.617,134.976,4
spotify:track:7lvMaMHN18A6lfnnFc2NPj,"1 na 100","ROCKST4R","White 2115;Mata;Pedro;Brojustchill",2025-01-24,187000,50,true,,2025-02-28T18:37:32Z,"","White 2115",0.523,0.631,2,-8.214,1,0.106,0.177,0.000201,0.137,0.529,127.655,4
spotify:track:2oq45s3fJdRUsY2u9eMAw8,"Big Time Rush","BTR","Big Time Rush",2011-04-18,197560,55,false,,2025-02-26T12:59:13Z,"","Nickelodeon/Columbia",0.609,0.885,11,-2.943,0,0.0527,0.0316,0,0.283,0.85,121.066,4
spotify:track:0fWOMvjgnyenpnLolfB5UJ,"Varsovie","Varsovie","Brodka",2012-04-26,209013,45,false,,2025-02-25T11:40:13Z,"","Kayax Production & Publishing",0.655,0.814,6,-6.349,0,0.0494,0.0642,0.00000379,0.0838,0.282,120.029,4
spotify:track:4mbYAXxvtRHjLZT92MTT8k,"Sexualizer (feat. Flash Arnold)","Sexualizer EP","Perturbator;Flash Arnold",2013-06-01,298710,46,false,,2025-02-20T17:39:01Z,"synthwave,darkwave,vaporwave","Blood Music",0.534,0.801,6,-5.544,1,0.0309,0.022,0.8,0.0943,0.201,135.023,4
spotify:track:3nUALxhRvs33UP3qvLcZ7Q,"In the Void","Final Light","Perturbator;Johannes Persson;Final Light",2022-06-24,538071,22,false,,2025-02-20T16:50:13Z,"synthwave,darkwave,vaporwave,industrial metal,industrial","SIVIANA, RED CRK AB",0.262,0.689,4,-5.174,1,0.043,0.000306,0.006,0.11,0.0385,125.913,4
spotify:track:67dA1a6OCUtLHgq9qdQ216,"Humans Are Such Easy Prey","Dangerous Days","Perturbator",2014-06-17,262720,51,false,,2025-02-20T13:24:19Z,"synthwave,darkwave,vaporwave","Blood Music",0.448,0.893,1,-2.568,1,0.0367,0.0002,0.893,0.0706,0.033,120.988,4
spotify:track:20ztml2STRF7Sq1UaBB6ox,"Future Club","Dangerous Days","Perturbator",2014-06-17,289186,54,false,,2025-02-20T13:13:27Z,"synthwave,darkwave,vaporwave","Blood Music",0.448,0.955,5,-2.945,0,0.0441,0.00108,0.837,0.371,0.39,99.994,4
spotify:track:6osaMSJh9NguagEDQcZaKx,"Loco Contigo (feat. J. Balvin & Tyga)","Carte Blanche","DJ Snake;J Balvin;Tyga",2019-07-25,185194,76,false,,2025-02-11T13:29:07Z,"reggaeton,latynoskie rytmy","DJ Snake Music Productions Limited",0.827,0.757,6,-2.985,0,0.0564,0.283,0.00000156,0.102,0.374,95.983,4
spotify:track:0MOcPxbxih9umJqyibBw7V,"Bądź duży","RMF Polskie Przeboje","Natalia Nykiel",2015-08-28,240573,35,false,,2025-02-11T09:46:05Z,"","Magic Records",0.818,0.607,8,-9.613,1,0.122,0.253,0.0000482,0.0486,0.413,117.961,4
spotify:track:1rfofaqEpACxVEHIZBJe6W,"Havana (feat. Young Thug)","Camila","Camila Cabello;Young Thug",2018-01-12,217308,83,false,,2025-02-09T13:31:50Z,"rap,melodyjny rap,trap","Syco Music/Epic",0.765,0.523,2,-4.333,1,0.03,0.184,0.0000356,0.132,0.394,104.988,4
spotify:track:2ga4Pc9QNm2FX0MkoYnhdQ,"Sebiksy","Kryzys Wieku Wczesnego","Kacperczyk;Julia Wieniawa",2021-11-26,185320,57,false,,2025-02-09T10:31:57Z,"","SBM Label",0.65,0.701,7,-5.292,1,0.26,0.319,0,0.14,0.356,160.089,4
spotify:track:1TDl7SvVKAVuOwUq4aPKCr,"Układanka","Plansze","Jan-Rapowanie;Nocny;Holak",2019-03-15,186504,57,false,,2025-02-09T10:29:20Z,"","SBM Label",0.822,0.579,11,-11.721,0,0.389,0.691,0,0.31,0.567,111.102,4
spotify:track:2cm6RJemeOITG5MualyhAU,"PRZEKAZ MYŚLI","PRZEKAZ MYŚLI","Żabson;Sir Mich",2024-12-05,152932,52,true,,2025-02-09T08:36:20Z,"disco polo","INTERNAZIOMALE",0.808,0.721,11,-5.899,0,0.0701,0.00244,0.000693,0.153,0.716,89.985,4
spotify:track:7niKvvcvyBcVqADldDftBj,"Lawenda","Hotel Maffija 2","SB Maffija;White 2115;Białas;Kinny Zimmer;Pedro;francis;Bedoes 2115",2022-01-28,214253,60,true,,2025-02-09T08:31:54Z,"","SBM Label",0.638,0.543,9,-8.076,1,0.0515,0.656,0,0.118,0.587,74.956,4
spotify:track:00E8i8t3cOgfttaENvj5Mz,"30 km/h","V8T","Kali;Filip Flawless",2018-04-27,236906,60,false,,2025-02-09T08:16:14Z,"","Ganja Mafia Label",0.82,0.553,9,-7.503,0,0.212,0.176,0,0.146,0.467,132.041,4
spotify:track:6xwh6VANNyDYW0sXfA4dhA,"Iluzja","Iluzja","Kacper HTA;Gibbs",2019-05-31,220000,58,true,,2025-02-09T08:16:13Z,"","GHETTO MUSIC",0.678,0.378,4,-11.522,1,0.282,0.475,0.0000463,0.143,0.303,119.962,3
spotify:track:3TMoiFqTYT962kT6oFnUVB,"Mogę Dziś Umierać","Młody Książę","White 2115",2019-10-25,171253,61,true,,2025-02-09T07:33:43Z,"","SBM Label",0.839,0.611,3,-8.994,1,0.0984,0.136,0.00000401,0.114,0.565,127.98,4
spotify:track:58zsLZPvfflaiIbNWoA22O,"Human","Human (Deluxe)","Rag'n'Bone Man",2017-02-10,200192,80,false,,2025-02-08T09:00:58Z,"","Best Laid Plans/Columbia",0.602,0.707,9,-4.097,1,0.302,0.393,0,0.165,0.554,75.087,4
spotify:track:0DiDStADDVh3SvAsoJAFMk,"Only Human","Happiness Begins","Jonas Brothers",2019-06-07,183000,72,false,,2025-02-08T08:44:53Z,"","Jonas Brothers Recording",0.795,0.496,0,-5.883,1,0.0721,0.107,0,0.0645,0.873,94.01,4
spotify:track:5uEYRdEIh9Bo4fpjDd4Na9,"Goosebumps - Remix","Goosebumps (Remix)","Travis Scott;HVME",2021-01-15,162802,75,true,,2025-02-06T11:18:52Z,"rap,slap house","Cactus Jack/Epic",0.841,0.593,1,-7.846,1,0.0379,0.418,0,0.124,0.808,124.917,4
spotify:track:7zp9FOU4cjFdGN1zdWTvcB,"TAKE IT OFF","TAKE IT OFF","FISHER;Aatig",2023-06-23,194604,70,true,,2025-02-06T09:22:10Z,"tech house,house","Big Beat Records/Atlantic",0.884,0.707,1,-6.607,1,0.202,0.000502,0.258,0.363,0.582,127.013,4
spotify:track:09bXpqLbPGZum6I4lDcnMX,"Malibu Barbie","club2020","club2020;OKI;Otsochodzi;Taco Hemingway;Young Leosia;Dwa Sławy;Gruby Mielzky",2023-03-09,189295,53,true,,2025-02-05T07:51:41Z,"","2020",0.636,0.688,5,-7.573,1,0.096,0.185,0,0.328,0.743,141.869,4
spotify:track:5NQbUaeTEOGdD6hHcre0dZ,"679 (feat. Remy Boyz)","679 (feat. Remy Boyz)","Fetty Wap;Remy Boyz",2015-06-29,196693,82,true,,2025-02-04T11:06:10Z,"","300 Entertainment/RGF Productions",0.618,0.717,7,-5.738,1,0.318,0.00256,0,0.625,0.603,190.05,4
spotify:track:3sa06xVNmLLYIxdNNmVQN8,"Where Did You Go? (feat. MNEK)","Where Did You Go (feat. MNEK)","Jax Jones;MNEK",2022-02-04,177689,69,false,,2025-02-04T08:27:00Z,"","Polydor Records",0.763,0.782,7,-4.541,0,0.0346,0.182,0.00000708,0.293,0.502,127.034,4
spotify:track:0GWGZA5mxo9nHuSyrj70uo,"When Love Takes Over (feat. Kelly Rowland)","One More Love","David Guetta;Kelly Rowland",2010-11-22,191000,78,false,,2025-02-04T08:25:37Z,"edm","Parlophone (France)",0.675,0.862,11,-4.614,1,0.0253,0.0165,0.000427,0.169,0.498,129.967,4
spotify:track:1WRS3Ir5MlLASf7mQKO0xV,"The Man (feat. $teven Cannon)","TOTAL XANARCHY","Lil Xan;$teven Cannon",2018-04-06,178333,2,true,,2025-02-04T08:22:39Z,"cloud rap","Columbia",0.782,0.668,1,-3.236,1,0.0707,0.000349,0.0874,0.111,0.485,139.978,4
spotify:track:42Ow7PS3YtCWplolUUigDo,"Right Now","Unapologetic (Deluxe)","Rihanna;David Guetta",2012-12-11,181626,62,true,,2025-02-04T08:14:33Z,"edm","Def Jam Recordings",0.668,0.639,3,-5.208,0,0.0885,0.049,0,0.0675,0.26,130.007,4
spotify:track:1mNSomylino1Hoaw3MzCC8,"Tri Poloski","Tri Poloski","Davay",2016-08-25,125124,61,false,,2025-02-02T21:34:21Z,"","Davay",0.711,0.967,1,-8.206,1,0.0943,0.0254,0.0000365,0.0676,0.966,164.994,4
spotify:track:4pRmXzB5gkQXkfEOLfwJQx,"FALA","PLEŚŃ","Guzior;Oskar83",2020-12-04,256000,64,true,,2025-02-02T11:59:13Z,"","QueQuality",0.796,0.667,4,-5.512,0,0.279,0.356,0,0.146,0.139,119.958,4
spotify:track:45wl4Wfcfbzs0QVdP6EcjN,"Rapapara","Perpetuum Debile","Łydka Grubasa",2013-02-08,241301,3,true,,2025-02-01T16:49:00Z,"disco polo","Maciej Charytoniak under exclusive license to Video Brothers Music Sp. z o.o.",0.704,0.899,0,-4.452,1,0.0339,0.0672,0,0.138,0.578,124.992,4
spotify:track:26bju2IkYGvdIYVfaeEfYz,"Symetryczno-Liryczna","Folkhorod","Enej",2012-10-01,198453,59,false,,2025-02-01T15:42:03Z,"disco polo","Kojro Management",0.552,0.934,2,-3.969,0,0.0677,0.181,0,0.0894,0.931,170.037,4
spotify:track:318KZH2O4R003o3hL1aDqS,"Gdy nie ma dzieci","Ostateczny krach systemu korporacji","Kult",1998,177293,55,false,,2025-02-01T15:38:17Z,"","SP Records",0.678,0.768,9,-9.209,1,0.0843,0.666,0,0.141,0.923,112.405,4
spotify:track:2kcQMkj0nztimTpqWlVrof,"Boso","Boso","Zakopower",2011-05-16,223384,50,false,,2025-02-01T15:15:36Z,"disco polo","Kayax Production & Publishing",0.719,0.657,2,-7.649,0,0.0304,0.565,0.00000254,0.343,0.717,130.025,4
spotify:track:40tVex0wO2mzBWlDO6wcj7,"Chłopaki nie płaczą","Chłopaki nie płaczą","T.Love",1997,197893,47,false,,2025-02-01T15:09:28Z,"","Parlophone Poland",0.341,0.784,2,-5.356,1,0.0583,0.0107,0.000189,0.228,0.875,137.441,4
spotify:track:0KvWatgAJoo6FcPEztFyk5,"Pokolenie","C.D.","Kombii",2004-01-01,257333,55,false,,2025-02-01T15:02:51Z,"disco polo","Universal Music Polska Sp. z o.o.",0.644,0.937,1,-2.91,1,0.0348,0.226,0.0000543,0.094,0.736,114.024,4
spotify:track:5lrEixpMSYtiaunebw6s5H,"Konik Na Biegunach","Biała Droga","Urszula",2021-10-08,182085,47,false,,2025-02-01T14:35:12Z,"disco polo","Vega Studio UK LTD under exclusive license to Magic Records",0.65,0.891,4,-4.457,1,0.0358,0.0287,0,0.191,0.918,132.587,4
spotify:track:5KFJdJkBvdBjJJXc08w11y,"Opowieść","Opowieść (Remastered: Berlin 2014)","Edyta Bartosiewicz",2018-02-16,324800,48,false,,2025-02-01T14:34:37Z,"","EBA Records",0.633,0.458,2,-8.236,1,0.0279,0.19,0,0.144,0.309,119.036,4
spotify:track:4mT09JxALjAoUpMplfd8nQ,"Nie nie nie","Model 01","T.Love",2001,238080,56,false,,2025-02-01T13:57:10Z,"","Parlophone Poland",0.755,0.832,4,-7.47,0,0.0309,0.00576,0.00696,0.0572,0.871,115.977,4
spotify:track:6nGeLlakfzlBcFdZXteDq7,"Love Story","Mini World","Indila",2014-01-01,316280,81,false,,2025-02-01T10:59:40Z,"francuski pop","Universal Music Division Polydor France",0.375,0.255,10,-12.279,0,0.0377,0.815,0,0.0845,0.331,95.978,3
spotify:track:5D8Z0KkFce9ir2yak7uj5C,"Tell Me Why - Maddix Remix","Tell Me Why (Maddix Remix)","Supermode;Maddix",2023-02-10,191200,65,false,,2025-02-01T08:44:21Z,"hypertechno,big room,techno,hard techno,acid techno","Axtone Records",0.611,0.906,9,-8.194,1,0.0638,0.0175,0.603,0.39,0.476,149.989,4
spotify:track:6LTAv2W4zYWM5rSKdgHWZS,"Vayamos compañeros - Radio Edit","Frenetica","Marquess",2007-06-29,181253,56,false,,2025-01-31T15:32:22Z,"","WM Germany",0.781,0.88,11,-4.818,0,0.0311,0.0557,0,0.201,0.953,118.014,4
spotify:track:235KuFvQtXflT17aujqbz9,"XO (Only If You Say Yes)","ROMANCE : UNTOLD -daydream-","ENHYPEN",2024-11-11,188332,60,false,,2025-01-31T10:42:13Z,"k-pop","BELIFT LAB",0.662,0.761,8,-6.885,1,0.0532,0.112,0,0.21,0.471,96.95,4
spotify:track:4lwTKer57RtonkWsEi2pVn,"Daydream","ROMANCE : UNTOLD -daydream-","ENHYPEN",2024-11-11,120594,67,false,,2025-01-31T10:35:25Z,"k-pop","BELIFT LAB",0.946,0.683,11,-8.867,0,0.28,0.00479,0.000212,0.265,0.655,104.978,4
spotify:track:2YmfV4lAjrAQvuggKCUX6m,"Sweet Venom","ORANGE BLOOD","ENHYPEN",2023-11-17,148753,72,false,,2025-01-31T10:34:55Z,"k-pop","BELIFT LAB",0.84,0.673,10,-3.685,1,0.0427,0.0426,0,0.0971,0.911,115.004,4
spotify:track:4UwTWjL9Twe11zDQTuQ2Lz,"Confessions (feat. HEESEUNG & JAKE of ENHYPEN x Paul Russell)","Confessions (feat. HEESEUNG & JAKE of ENHYPEN x Paul Russell)","Flo Rida;ENHYPEN;Paul Russell",2025-01-10,158490,0,false,,2025-01-31T10:32:56Z,"k-pop","Artist Partner Group, Inc.",0.788,0.678,2,-4.332,1,0.0535,0.047,0,0.0721,0.859,105.986,4
spotify:track:1wcr8DjnN59Awev8nnKpQ4,"Drunk-Dazed","BORDER : CARNIVAL","ENHYPEN",2021-04-26,193260,77,false,,2025-01-31T10:32:45Z,"k-pop","BELIFT LAB",0.599,0.869,5,-5.174,0,0.0618,0.000707,0,0.0911,0.453,132.889,4
spotify:track:3ivdlmTbUSv5JN9W8Tk9V1,"Brought The Heat Back","ROMANCE : UNTOLD","ENHYPEN",2024-07-12,176424,74,false,,2025-01-31T10:27:15Z,"k-pop","BELIFT LAB",0.775,0.871,11,-3.58,0,0.0436,0.0109,0,0.552,0.896,121.952,4
spotify:track:5Odq8ohlgIbQKMZivbWkEo,"Left and Right (Feat. Jung Kook of BTS)","CHARLIE","Charlie Puth;Jung Kook;BTS",2022-10-06,154486,76,false,,2025-01-30T12:11:11Z,"soft pop,k-pop","Atlantic Records",0.881,0.592,2,-4.898,1,0.0324,0.619,0.0000132,0.0901,0.719,101.058,4
spotify:track:5QDLhrAOJJdNAmCTJ8xMyW,"Dynamite","BE","BTS",2020-11-20,199053,82,false,,2025-01-30T10:31:24Z,"k-pop","BIGHIT MUSIC",0.746,0.765,6,-4.41,0,0.0993,0.0112,0,0.0936,0.737,114.044,4
spotify:track:3p9xEviY99OWxa7Z5yGcue,"Desire - Play & Win Radio Edit","Declaratie De Dragoste (Vol. 5)","Morris",2009,212915,68,false,,2025-01-29T15:01:34Z,"europop","Roton Music",0.842,0.927,10,-6.019,0,0.157,0.126,0.00721,0.111,0.897,130.012,4
spotify:track:4qN8jx5g3h1oKz95qr3bF0,"Jestem Twoją Bajką","Akademia Pana Kleksa","Kleks;sanah",2023-12-01,174557,52,false,,2025-01-29T14:55:33Z,"","OPEN MIND ONE",0.579,0.45,6,-7.496,1,0.108,0.129,0,0.166,0.216,79.725,4
spotify:track:5StvAhgmgCOpCPHHNfS8bx,"Watch Out For This (Bumaye)","Free the Universe","Major Lazer;Busy Signal;FS Green;The Flexican",2013-04-15,269146,67,false,,2025-01-29T14:50:26Z,"moombahton,dancehall,reggae,lovers rock,ragga,riddim,soca,roots reggae","Major Lazer Records",0.817,0.754,10,-4.128,0,0.156,0.0193,0.00000669,0.0585,0.86,107.999,4
spotify:track:5WNa0eaGNwQ1ZXTHVlULpd,"Deep End - SIDEPIECE Remix","Deep End (SIDEPIECE Remix)","John Summit;SIDEPIECE",2020-10-16,196686,4,false,,2025-01-27T15:07:06Z,"house,tech house,edm","Defected Records",0.773,0.652,11,-9.187,0,0.0807,0.143,0.024,0.44,0.453,126.007,4
spotify:track:0nOFRbiftNe7TTPtpobeXt,"Freaky Like Me","Contraband","Madcon;Ameerah",2010-10-29,189773,60,false,,2025-01-27T13:17:08Z,"norweski hip-hop","Cosmos",0.602,0.752,8,-4.48,1,0.064,0.00969,0,0.158,0.562,86.011,4
spotify:track:7y3c1oJMY1CwwtOZ84Qovu,"Hallucination","Hallucination","Regard;Olly Alexander (Years & Years)",2022-02-18,174794,60,true,,2025-01-27T11:56:38Z,"","Ministry of Sound Recordings",0.687,0.788,6,-5.142,0,0.0352,0.0121,0,0.358,0.669,123.02,4
spotify:track:66W1rVTnEv86dIkFhoiElg,"Secrets","Secrets","Regard;RAYE",2020-04-24,176766,67,true,,2025-01-27T11:25:17Z,"","Ministry of Sound Recordings",0.848,0.768,6,-5.386,0,0.0373,0.0412,0.000785,0.195,0.777,118.961,4
spotify:track:48RrDBpOSSl1aLVCalGl5C,"The Monster","The Marshall Mathers LP2","Eminem;Rihanna",2013-11-05,250188,85,true,,2025-01-27T06:29:20Z,"rap,hip-hop","Eminem Catalog PS",0.781,0.853,1,-3.68,0,0.0714,0.0526,0,0.12,0.626,110.046,4
spotify:track:2unqiEdHtabnsbv6TJ7gCW,"Lose Control","MEDUZA","MEDUZA;Becky Hill;Goodboys",2023-10-13,168387,68,false,,2025-01-27T06:19:06Z,"","Universal-Island Records Ltd.",0.598,0.527,10,-8.659,0,0.0415,0.129,0,0.14,0.53,123.943,4
spotify:track:1J3rvvPqfplUP3w1y9y8In,"kupić jej gaz czy torebkę?","młody say10","Chivas",2022-09-22,147374,56,true,,2025-01-27T06:17:52Z,"","GUGU",0.641,0.746,5,-8.065,0,0.227,0.358,0,0.0745,0.793,159.89,4
spotify:track:6ho0GyrWZN3mhi9zVRW7xi,"Losing It","Losing It","FISHER",2018-07-13,248035,75,false,,2025-01-27T06:17:23Z,"tech house,house","Fisher - Follow the FISH, LLC",0.76,0.964,2,-5.844,1,0.0577,0.00181,0.703,0.0975,0.643,125.003,4
spotify:track:6aFUMn7oUmcHKFnx1WPcJt,"Poker Face","Poker Face","Lupage;Joe Kox",2023-11-17,157804,62,false,,2025-01-26T09:12:39Z,"hypertechno,techno","Epic Local",0.839,0.995,11,-4.007,1,0.194,0.121,0.0221,0.2,0.842,147.992,4
spotify:track:0VGAT55tq7LHLfxtePPfpp,"Shake That","Shake That","Gang Speed;Treetalk",2022-07-29,179801,61,true,,2025-01-26T09:00:09Z,"afro house","Zeitgeist",0.821,0.709,11,-7.084,1,0.0793,0.0459,0.0000669,0.334,0.485,109.989,4
spotify:track:72jbDTw1piOOj770jWNeaG,"Paris","Memories...Do Not Open","The Chainsmokers",2017-04-07,221506,82,false,,2025-01-26T08:59:33Z,"","Disruptor Records/Columbia",0.653,0.658,2,-6.428,1,0.0304,0.0215,0.00000166,0.0939,0.219,99.99,4
spotify:track:4DJORZgsbqnEJ4f4B9TBGV,"You Don't Know Me (feat. RAYE)","Snacks","Jax Jones;RAYE",2019-07-12,212573,72,true,,2025-01-26T08:59:25Z,"","Polydor Records",0.879,0.666,11,-6.082,0,0.145,0.164,0,0.319,0.671,123.975,4
spotify:track:6zZhlOWizcEG1T7zsTdI6N,"IDGAF","Come Over When You're Sober, Pt. 2","Lil Peep",2018-11-09,214293,59,true,,2025-01-26T08:59:18Z,"emo rap,cloud rap","Columbia",0.615,0.66,9,-5.55,0,0.032,0.0298,0,0.106,0.185,115.037,4
spotify:track:2hgzdQdnfWwtdpZbhZlV72,"Ain't Your Mama","Ain't Your Mama","Jennifer Lopez",2016-04-07,218234,71,false,,2025-01-26T08:56:17Z,"","Epic/Nuyorican Productions",0.757,0.678,8,-5.529,0,0.233,0.0472,0.00000914,0.0654,0.82,120.075,4
spotify:track:3zkyus0njMCL6phZmNNEeN,"LET GO","LET GO","Central Cee",2022-12-15,174246,76,true,,2025-01-24T10:28:08Z,"brytyjski drill,drill,brytyjski grime","Central Cee",0.747,0.413,2,-11.197,0,0.488,0.848,0,0.17,0.481,146.05,4
spotify:track:782lNGn2rEHVn8JomdtRA7,"Barbra Streisand - Radio Edit","Barbra Streisand","Duck Sauce;A-Trak;Armand Van Helden",2010-10-18,193052,66,false,,2025-01-24T09:17:49Z,"disco house","Duck Sauce",0.753,0.87,1,-3.975,1,0.103,0.00124,0.0856,0.222,0.557,127.95,4
spotify:track:4scpF6J5uMBvoh6sFB7EL1,"No Type","SremmLife","Rae Sremmurd",2015-01-06,200080,74,true,,2025-01-23T09:46:22Z,"","Mike WiLL Made-It",0.888,0.486,6,-7.803,1,0.16,0.0158,0.00000411,0.0925,0.232,125.079,4
spotify:track:1Ser4X0TKttOvo8bgdytTP,"Come Get Her","SremmLife","Rae Sremmurd",2015-01-06,212946,77,true,,2025-01-23T09:38:21Z,"","Mike WiLL Made-It",0.689,0.564,2,-6.226,1,0.14,0.19,0,0.0721,0.122,185.03,4
spotify:track:0Awb4PY5bbp5bHiIQSNgmR,"JESTEM POJ384NY","JESTEM POJ384NY","Mata",2022-08-11,178856,59,true,,2025-01-23T09:28:15Z,"","SBM Label",0.681,0.872,8,-4.682,1,0.0425,0.103,0,0.353,0.756,140.041,4
spotify:track:5SDOB8Zdt8XNt0b0GzgPpg,"Szmata","Młody Matczak","Mata",2021-10-01,165653,60,true,,2025-01-23T09:23:54Z,"","SBM Label",0.801,0.531,9,-8.023,1,0.177,0.205,0.000036,0.0902,0.376,83.939,4
spotify:track:2LOZsS3lP96UvyExooKHcO,"Szafir","Młody Matczak","Mata;Trooh Hippi",2021-10-01,196600,61,true,,2025-01-21T19:15:57Z,"","SBM Label",0.772,0.607,1,-8.016,1,0.105,0.375,0.0000561,0.164,0.814,139.963,4
spotify:track:7q2axmQBSD88VaASEJ9oX4,"1 na 100","1 na 100","White 2115;Mata;Pedro;Brojustchill",2024-07-11,187000,53,true,,2025-01-21T19:01:07Z,"","White 2115",0.543,0.638,11,-8.21,0,0.109,0.181,0.000231,0.149,0.551,126.941,4
spotify:track:4Xch29YoOYG3qsJoXXGaRy,"Last night","Last night","Hilary Incognito;FourNine;p3",2024-06-14,123428,56,false,,2025-01-21T18:57:28Z,"brytyjski drill","Hilary Incognito",0.773,0.64,1,-10.044,1,0.259,0.628,0.00627,0.292,0.389,140.089,4
spotify:track:28hqNGfxgIuYTcdLi8LJwl,"PO CO?","PO CO?","Kinny Zimmer;Kaptur",2024-10-02,183750,59,false,,2025-01-21T18:35:55Z,"","SBM Label",0.758,0.684,2,-8.214,0,0.0503,0.252,0.0248,0.114,0.409,128.013,4
spotify:track:5fx3jdl6y9qzcjBVEO4ckF,"Biblioteka Trap","100 dni do matury","Mata",2020-01-17,215680,57,false,,2025-01-21T18:30:52Z,"","SBM Label",0.58,0.721,1,-7.371,1,0.161,0.0938,0.00000482,0.103,0.151,73.683,4
spotify:track:7KA4W4McWYRpgf0fWsJZWB,"See You Again (feat. Kali Uchis)","Flower Boy","Tyler, The Creator;Kali Uchis",2017-07-21,180386,91,true,,2025-01-21T18:29:14Z,"","Columbia",0.558,0.559,6,-9.222,1,0.0959,0.371,0.00000749,0.109,0.62,78.558,4
spotify:track:0sftzYE0YgPHXrvJyUyGjB,"Deep In Your Love","Deep In Your Love","Alok;Bebe Rexha",2024-01-12,144500,66,false,,2025-01-21T09:34:21Z,"brazylijski bass,muzyka elektroniczna,slap house,electro house","Columbia/B1 Recordings",0.588,0.88,7,-5.15,1,0.0354,0.0243,0.0000689,0.0667,0.523,130.085,4
spotify:track:6gWGSfzjmrSSA9OWzHRPQV,"Yeah Yeah Yeah - Radio Edit","Yeah Yeah Yeah","Jax Jones",2015-06-19,219602,52,false,,2025-01-21T08:48:10Z,"","Polydor Records",0.692,0.699,1,-5.217,1,0.0317,0.114,0.101,0.158,0.71,121.996,4
spotify:track:3avOJ1f2enV2nY312xeB9B,"I Might","I Might","Lil Xan;YBN Nahmir;$teven Cannon;Almighty Jay",2019-03-09,196936,26,true,,2025-01-20T06:58:42Z,"cloud rap","Xanarchy Music",0.674,0.803,10,-6.464,0,0.152,0.0791,0.000495,0.405,0.547,159.963,4
spotify:track:3fGR6LEFndJtAc42oLxBpS,"Like Me","Like Me","Lil Xan",2019-07-25,176404,29,true,,2025-01-20T06:58:29Z,"cloud rap","Xanarchy music",0.563,0.427,8,-11.473,1,0.146,0.0209,0.00000948,0.0845,0.106,164.032,4
spotify:track:1JcoHF2SGeprZKZfLjN21K,"MASHETE","EL REY DEL MORBO","Dani Flow;Lil Xan;Cachirula;Uzielito Mix",2025-01-15,139591,41,true,,2025-01-20T06:40:40Z,"reggaeton mexa,electro corridos,dembow belico,reggaeton,cloud rap,guaracha,neoperreo","Dani Flow",0.859,0.768,10,-5.594,0,0.342,0.232,0,0.237,0.84,97.865,4
spotify:track:36HxMzx0ME1CIGBdgIp1mg,"My Girlfriend","My Girlfriend","Lil Xan",2020-05-13,172137,27,true,,2025-01-20T06:36:33Z,"cloud rap","Xanarchy Militia Music",0.783,0.61,0,-6.454,1,0.0455,0.124,0.000316,0.0941,0.47,145.057,4
spotify:track:48mT0UnkDbUChRUEQBxHM9,"Shine Hard (feat. Rae Sremmurd)","TOTAL XANARCHY","Lil Xan;Rae Sremmurd",2018-04-06,237946,3,true,,2025-01-19T10:19:39Z,"cloud rap","Columbia",0.721,0.85,4,-2.86,0,0.0353,0.0336,0,0.168,0.234,130.011,4
spotify:track:1u1MZYVRxy4hDtq47MDFWy,"No Love","Xanarchy","Lil Xan",2017-08-16,112900,30,true,,2025-01-19T08:49:32Z,"cloud rap","Independent",0.662,0.728,10,-7.41,0,0.0515,0.00177,0.000718,0.646,0.26,129.901,4
spotify:track:0sCun8FjjYKtwrlBSFhV7y,"My Gasoline","Global Awakening","Maddix;Fēlēs",2024-12-13,236999,0,true,,2025-01-17T07:36:05Z,"big room,techno,hard techno,acid techno,hypertechno","EXTATIC Records",0.651,0.984,7,-7.574,1,0.0621,0.0546,0.688,0.325,0.463,139.977,4
spotify:track:0qtQPmrqQq09KKDqxNltgM,"S&M (With Chacel) - HYPERTECHNO Edit","S&M (With Chacel) [HYPERTECHNO Edit]","Macon;Chacel",2023-06-02,178614,62,false,,2025-01-17T07:17:23Z,"hypertechno,techno","Intercord",0.722,0.607,10,-5.416,0,0.287,0.0441,0.00252,0.204,0.611,141.88,4
spotify:track:1wsr7jSHPn3ozDWJUG4UXG,"Kids","Kids","Old Jim;Zombic",2023-10-13,129412,64,false,,2025-01-17T07:10:42Z,"hypertechno","Beat Dealer Records",0.619,0.975,10,-5.642,1,0.0614,0.0013,0.0172,0.147,0.142,144.945,4
spotify:track:0iB5f04XdJ2tcfhoVkeLV8,"LET'S GET FKD UP","LET'S GET FKD UP (feat. Tribbs)","Alok;Mondello'G;CERES;Tribbs",2023-11-17,121500,77,true,,2025-01-17T06:45:48Z,"brazylijski bass,muzyka elektroniczna,slap house,electro house,hypertechno,techno","Columbia/B1 Recordings",0.65,0.946,10,-5.454,1,0.0421,0.00191,0.127,0.149,0.425,160.027,4
spotify:track:1cQld05IcUDw3RCFt7uymW,"Be The One","Be The One","Eli Brown",2023-03-31,169852,69,false,,2025-01-17T06:37:28Z,"techno,tech house","Polydor Records",0.651,0.932,0,-5.074,1,0.0419,0.0053,0.156,0.104,0.578,135.98,4
spotify:track:49i1exiswOfRldfwqd6pzE,"Sexy Chick","Sexy Chick","SP3CTRUM;MOHA",2023-09-28,167642,69,false,,2025-01-17T06:31:27Z,"hypertechno,melbourne bounce,techno","Bounce & Bass",0.761,0.876,4,-4.887,0,0.103,0.171,0.00000736,0.281,0.237,144.02,4
spotify:track:41T043SzZ8VPpQgvg301ZS,"The Rhythm of the Night","The Rhythm of the Night","Neptunica;Corona",2022-09-02,153204,65,false,,2025-01-17T06:31:23Z,"hypertechno,eurodance","Kontor Records",0.59,0.897,0,-4.257,0,0.0567,0.00104,0.0098,0.192,0.339,139.871,4
spotify:track:27Xvm20KQ8qMzVvaz32I98,"LECĘ BO CHCĘ","LECĘ BO CHCĘ","Deemz;bambi;Kizo;Young Leosia;Waima",2024-04-30,153931,53,true,,2025-01-17T06:11:26Z,"","WM Poland/WMI",0.448,0.644,1,-6.541,1,0.181,0.178,0,0.371,0.299,145.359,4
spotify:track:4Wb881SBlm8sav2i5xyuZF,"LATAWCE","in real life","bambi;SecretiveSuicide",2023-11-16,162932,46,true,,2025-01-17T05:59:41Z,"","BE Records",0.811,0.944,9,-6.263,0,0.149,0.424,0,0.14,0.533,129.995,4
spotify:track:3AjSfp5FDvwtMU9XBsbS8j,"Push Up - Main Edit","Push Up (Main Edit)","Creeds",2023-03-31,139300,77,false,,2025-01-15T21:02:13Z,"techno,hypertechno,hard techno,tekno","Columbia/B1 Recordings",0.767,0.83,7,-8.78,1,0.206,0.209,0.836,0.0582,0.187,75.023,4
spotify:track:0Dr8PT0OuEfNeGotnmbid2,"Priorytety","Kinematografia","Paktofonika",2000-12-18,312760,56,false,,2025-01-15T14:24:09Z,"","Universal Music Polska Sp. z o.o.",0.74,0.566,1,-8.33,1,0.221,0.71,0.00399,0.369,0.635,88.769,4
spotify:track:3F9ByoUqu31xU0I3G5xfVg,"Meet Me Halfway","THE E.N.D. (THE ENERGY NEVER DIES) [Deluxe Version]","Black Eyed Peas",2009-01-01,284373,83,false,,2025-01-15T14:23:35Z,"","Interscope",0.798,0.629,11,-6.857,0,0.0735,0.00474,0.0000229,0.324,0.4,130.002,4
spotify:track:6H2LrVIZQnhNvPakAMrgDp,"Jakbym zjadł mentosy i popił je colą","Pokolenie Końca Świata","Kacperczyk",2023-06-23,168351,53,false,,2025-01-15T10:06:23Z,"","SBM Label",0.784,0.715,4,-5.576,0,0.21,0.276,0,0.117,0.695,130.04,4
spotify:track:3yOlyBJuViE2YSGn3nVE1K,"My Oh My (feat. DaBaby)","Romance","Camila Cabello;DaBaby",2019-12-06,171375,75,false,,2025-01-15T07:13:31Z,"","Syco Music/Epic",0.724,0.491,8,-6.024,1,0.0296,0.018,0.0000129,0.0887,0.383,105.046,4
spotify:track:1moFkZDqcjQNeXtyoanLHv,"Blah Blah Blah","Balance","Armin van Buuren",2019-10-25,183518,70,false,,2025-01-15T07:09:20Z,"trance,progresywny trance,house progresywny,muzyka elektroniczna,edm","Armada Music Albums",0.381,0.963,5,-3.911,0,0.0678,0.00892,0.00382,0.294,0.165,138,4
spotify:track:30cSNer6TV8x2utjULVeQ5,"SOS","A Girl Like Me","Rihanna",2006-04-10,238920,82,false,,2025-01-15T07:01:37Z,"","Def Jam Recordings",0.677,0.671,7,-4.905,1,0.0361,0.004,0.0000507,0.413,0.527,137.046,4
spotify:track:4588ZH7944EUrbDvdkr2sA,"Złamane serce jest OK","Dziewczyna Pop","Daria Zawiałow",2023-10-20,195649,59,false,,2025-01-14T11:07:22Z,"","Sony Music Entertainment",0.604,0.949,4,-4.888,0,0.0391,0.00548,0.000269,0.0896,0.521,104.014,4
spotify:track:48vIfHaK7by6x0T6ucpODL,"make you mine","make you mine","Madison Beer",2024-02-09,221709,76,false,,2025-01-14T09:08:46Z,"","Epic/Sing It Loud",0.533,0.642,6,-6.315,0,0.0403,0.221,0.00697,0.238,0.488,123.128,4
spotify:track:68rRbbwmXydDOqhArVTFTX,"Sorry For Party Rocking","Sorry For Party Rocking","LMFAO",2011-01-01,203973,64,true,,2025-01-13T06:08:03Z,"","Will I Am / A&M",0.601,0.875,5,-4.351,1,0.165,0.0021,0,0.413,0.555,133.991,4
spotify:track:3kgt8Ys78I6GBZlQrWqZiA,"Nachts wach","Nachts wach","Miksu / Macloud;makko",2022-07-08,178973,65,true,,2025-01-10T15:43:31Z,"niemiecki hip-hop,niemieckie indie,niemiecki indie pop","Futura",0.719,0.685,6,-7.083,0,0.257,0.569,0,0.263,0.632,136.172,4
spotify:track:2SSFvQBwsxeazzo7z5l9gD,"Delirious (Boneless) (feat. Kid Ink)","Neon Future I","Steve Aoki;Chris Lake;Tujamo;Kid Ink",2014-09-29,223413,61,false,,2025-01-10T15:43:09Z,"electro house,edm,tech house,house,bass house","Ultra Records, LLC",0.706,0.912,8,-4.44,0,0.0565,0.0195,0,0.232,0.925,128.004,4
spotify:track:7sJNeWTXkZCEC7OnFMpGWL,"Bamba (feat. Aitch & BIA)","Majestic","Luciano;Aitch;BIA",2022-09-29,203560,66,true,,2025-01-10T15:31:39Z,"niemiecki hip-hop,grime,brytyjski grime,brytyjski drill,drill","URBAN",0.795,0.785,10,-6.264,1,0.331,0.121,0,0.115,0.791,138.057,4
spotify:track:5tDbyeaCvxjNCBcupQucGo,"#BrooklynBloodPop!","#BrooklynBloodPop!","SyKo",2020-07-27,145612,73,true,,2025-01-09T07:24:44Z,"hyperpop","25/7 Records LLC.",0.671,0.53,1,-13.835,0,0.185,0.0163,0,0.337,0.577,132.008,4
spotify:track:2FiJGvN3fiXMwms9IftNV0,"LiEBE AUF DER RÜCKBANK","DORFDiSKO ZWEi","FiNCH;Tream",2023-06-01,188520,68,false,,2025-01-09T07:09:33Z,"schlagerparty","Walk This Way Records",0.687,0.74,8,-6.062,1,0.152,0.241,0,0.251,0.647,154.821,4
spotify:track:23SqoExnmW4BTJEYzMJze8,"Blaues Licht","Zukunft 1 & 2","RAF Camora;Bonez MC",2021-10-01,144263,65,true,,2025-01-09T06:20:17Z,"niemiecki hip-hop","Indipendenza",0.819,0.828,8,-4.906,0,0.108,0.39,0.00611,0.258,0.693,144.953,4
spotify:track:63HwAAXuSV2tzIUPoHOwZa,"Atmosphere","Atmosphere","FISHER;Kita Alexander",2023-08-11,182857,74,false,,2025-01-07T20:21:28Z,"tech house,house","Catch & Release",0.762,0.895,8,-4.562,1,0.0734,0.00623,0.142,0.204,0.757,125.985,4
spotify:track:6TQ9SK0JoLalpPZEHOn5s8,"Around The World - Techno Remix","Around The World (Techno Remix)","Fyex",2023-10-20,122908,2,false,,2025-01-07T20:06:25Z,"phonk,brazylijski phonk,hypertechno","Fyex",0.752,0.63,10,-7.304,0,0.0759,0.332,0.348,0.252,0.359,147.045,4
spotify:track:6wLqNGHQIja6xqT0cfrzBB,"On & On","Feel Again","Armin van Buuren;Punctual;Alika",2023-03-30,170578,66,false,,2025-01-07T19:56:03Z,"trance,progresywny trance,house progresywny,muzyka elektroniczna,edm","Armada Music Albums",0.681,0.933,0,-2.855,1,0.104,0.0221,0.00504,0.266,0.46,128.036,4
spotify:track:2ksyzVfU0WJoBpu8otr4pz,"METAMORPHOSIS","METAMORPHOSIS","INTERWORLD",2021-11-25,142839,77,true,,2025-01-07T19:07:33Z,"phonk,drift phonk,brazylijski phonk","INTERWORLD",0.593,0.641,7,-12.727,0,0.0992,0.426,0.901,0.122,0.147,175.014,4
spotify:track:1usq8LPUPjpF1TxLXTOJ82,"Woda Księżycowa","Sen, którego nigdy nie miałem","Kubi Producent;bambi;Fukaj;stickxr",2024-12-06,191304,57,true,,2025-01-07T12:12:03Z,"","Sony Music Entertainment",0.573,0.753,5,-8.008,0,0.373,0.0194,0,0.549,0.46,138,4
spotify:track:38GSwzJGcEnENqcrZ8dADJ,"MADONNA","MADONNA","bambi;francis",2024-09-05,159463,50,true,,2025-01-07T12:08:33Z,"","BE Records",0.623,0.648,0,-6.303,0,0.0501,0.0131,0,0.663,0.306,148.891,4
spotify:track:4lJ88RKrUiW4UP1IAu3Dhj,"CZEMU NIE ŚPISZ?","CZEMU NIE ŚPISZ?","bambi;FUJU;francis;Def Jam World Tour",2024-10-10,172388,53,false,,2025-01-07T07:31:05Z,"","Universal Music Polska Sp. z o.o.",0.735,0.74,8,-8.854,1,0.149,0.279,0,0.154,0.404,134.004,4
spotify:track:6mlGXuG5FmzcePHsMn6rIA,"Baby's On Fire","Ten$ion","Die Antwoord",2012-01-31,236840,67,true,,2025-01-05T18:22:11Z,"","Craft Recordings",0.829,0.844,4,-4.329,0,0.0967,0.0521,0.00148,0.171,0.762,130.037,4
spotify:track:2XNOe0ywrt9xocoVIbFCHv,"AVA","Where Am I?","Natalie Jane",2023-11-17,159346,55,true,,2025-01-05T18:21:32Z,"","10K Projects/Capitol Records",0.6,0.471,3,-5.564,0,0.0356,0.209,0,0.083,0.229,86.982,4
spotify:track:559mLg44MrcA7JzYGbpXfL,"Vielleicht Vielleicht","Vielleicht Vielleicht","MilleniumKid;JBS",2023-10-20,142598,67,false,,2025-01-05T18:21:20Z,"niemieckie indie,neue deutsche welle,niemiecki indie pop","Warner Music Central Europe",0.566,0.736,11,-9.422,0,0.0449,0.0207,0,0.276,0.314,140.005,4
spotify:track:267DliVFe67u89luc9v6UD,"Get Shaky","Get Shaky","KXXMA;TurboKevin",2022-09-30,237194,61,false,,2025-01-05T18:20:03Z,"hypertechno,techno","Vertigo Berlin",0.711,0.468,5,-17.63,1,0.15,0.0129,0.0562,0.714,0.556,169.974,4
spotify:track:4pH3ZfOYekw7xcROweHa66,"F.E.E.L.","F.E.E.L.","Lucky Luke",2017-09-18,204716,35,false,,2025-01-05T12:54:22Z,"slap house","Lithuania HQ",0.854,0.798,1,-5.557,0,0.159,0.223,0.0452,0.0828,0.055,125.023,4
spotify:track:073ILU1C3APNRGF66VhtyA,"Liar","Romance","Camila Cabello",2019-12-06,208425,64,false,,2025-01-04T13:48:49Z,"","Syco Music/Epic",0.74,0.498,11,-6.684,0,0.0456,0.0169,0.00282,0.319,0.652,98.016,4
spotify:track:78gYVBxKOD7v6PBbxX9svv,"Jakbym Miał W Ręku Klamkę","nauczyłem się przeklinać","Chivas",2021-05-21,167200,57,true,,2024-12-20T07:06:22Z,"","GUGU",0.722,0.64,5,-7.409,0,0.0686,0.67,0.000742,0.143,0.609,122.953,4
spotify:track:2LEF1A8DOZ9wRYikWgVlZ8,"Good Feeling","Wild Ones","Flo Rida",2012-06-22,248133,83,false,,2024-12-19T22:15:26Z,"","Poe Boy/Atlantic",0.706,0.89,1,-4.444,0,0.0688,0.0588,0.00286,0.306,0.684,128.011,4
spotify:track:42O31gY8N28p4DAk7YYkeM,"Get Shaky (Macon's Remix)","Get Shaky (Macon's Remix)","The Ian Carey Project;Macon",2023-04-14,150204,67,false,,2024-12-19T12:11:48Z,"hypertechno,techno","Spinnin' Records",0.709,0.774,5,-6.279,0,0.166,0.0821,0.683,0.0797,0.427,146.993,4
spotify:track:4jPy3l0RUwlUI9T5XHBW2m,"Mood (feat. iann dior)","El Dorado","24kGoldn;iann dior",2021-03-26,140525,80,true,,2024-12-18T18:56:39Z,"melodyjny rap","Records/Columbia",0.701,0.716,7,-3.671,0,0.0361,0.174,0,0.324,0.732,91.007,4
spotify:track:2tnVG71enUj33Ic2nFN6kZ,"Ride It","Ride It","Regard",2019-07-26,157605,78,false,,2024-12-18T18:54:50Z,"","Ministry of Sound Recordings",0.88,0.751,7,-4.258,0,0.0874,0.177,0.0000643,0.106,0.884,117.948,4
spotify:track:4OssqCixV2Xsxd43wMIQyS,"CARNIVAL","VULTURES 1","¥$;Kanye West;Ty Dolla $ign",2024-02-09,264324,8,true,,2024-12-18T09:53:14Z,"rap,trap soul","Ye",0.594,0.811,1,-5.746,1,0.159,0.189,0,0.339,0.311,148.144,4
spotify:track:5YWu6dt50Nieq8qi572RF8,"9 bis 9","9 bis 9","SIRA;Bausa;badchieff",2023-05-05,131549,66,false,,2024-12-18T09:22:42Z,"niemiecki hip-hop,niemieckie indie","Four Music/SIRA",0.763,0.561,4,-8.648,0,0.0615,0.346,0.0109,0.0821,0.372,128.07,4
spotify:track:6IXr50xGiGbcRFEMlKW9yB,"Song 2","Song 2","D-Devils;Rumix;Highbreeze",2023-11-03,144857,67,false,,2024-12-16T22:59:48Z,"elektroniczna muzyka klasyczna,muzyka elektroniczna","Unlimited Friends x Remixed",0.605,0.904,5,-6.255,1,0.0577,0.00765,0.0246,0.116,0.204,140.036,4
spotify:track:5YaskwnGDZFDRipaqzbwQx,"Your Love (9PM)","Your Love (9PM)","ATB;Topic;A7S",2021-01-15,150052,74,false,,2024-12-16T20:54:15Z,"trance","Intercord",0.669,0.784,7,-5.603,1,0.112,0.194,0.00000628,0.115,0.517,125.993,4
spotify:track:1XFHbzTikXks9CsMq4v8Q3,"Not So Bad (feat. Emie)","Not So Bad (feat. Emie)","Yves V;Ilkay Sencan;Emie",2020-01-03,153696,60,false,,2024-12-16T19:54:19Z,"slap house","Spinnin' Records",0.74,0.674,11,-4.374,1,0.0476,0.00903,0.238,0.154,0.231,126.017,4
spotify:track:6HjdL6nsBMykh2ehTv1kbb,"Like A Prayer (feat. Charla K)","Like A Prayer (feat. Charla K)","Galwaro;LIZOT;Gabry Ponte;Charla K",2020-10-02,164160,59,false,,2024-12-16T17:50:57Z,"melbourne bounce,slap house,hypertechno,italo dance","NITRON music",0.573,0.855,5,-4.447,1,0.0413,0.00207,0.0000203,0.39,0.15,125.001,4
spotify:track:6WiGRFQfx2qw49MA7OeDYK,"Purple Hat","Purple Hat","SOFI TUKKER",2019-09-06,178369,69,false,,2024-12-16T17:47:07Z,"","Ultra Records, LLC",0.777,0.744,9,-7.42,1,0.205,0.335,0.00743,0.088,0.654,94.023,4
spotify:track:6d4o00VKYnYb1DgvZr2xuV,"Lay All Your Love On Me","Lay All Your Love On Me","Lietru;YAMAS;LAVINIA",2023-11-10,149250,65,false,,2024-12-16T17:43:08Z,"hypertechno,techno","Zeitgeist",0.655,0.9,7,-4.306,1,0.147,0.0168,0.0245,0.363,0.334,159.938,4
spotify:track:3FNy4yzOhHhFBeA5p4ofoq,"Young, Wild & Free (feat. Bruno Mars)","Young, Wild & Free (feat. Bruno Mars)","Snoop Dogg;Wiz Khalifa;Bruno Mars",2011-10-21,207346,76,false,,2024-12-15T15:19:57Z,"g-funk,west coast hip-hop,gangster rap,oldskulowy hip-hop,hip-hop,rap","Rostrum/Atlantic",0.553,0.652,0,-6.685,1,0.206,0.0897,0,0.111,0.551,94.505,4
spotify:track:503OTo2dSqe7qk76rgsbep,"Still D.R.E.","2001","Dr. Dre;Snoop Dogg",1999-11-16,270586,85,true,,2024-12-14T17:53:34Z,"oldskulowy hip-hop,g-funk,gangster rap,west coast hip-hop,hip-hop,rap","Aftermath",0.816,0.775,11,-3.323,1,0.234,0.16,0.00031,0.0543,0.527,93.431,4
spotify:track:1635wWSdp29PO3GxYhy991,"Bel Mercy","Bel Mercy","Jengi",2022-12-02,169606,64,false,,2024-12-14T16:17:18Z,"","FFRR",0.949,0.736,1,-6.17,1,0.0992,0.401,0.736,0.137,0.708,127.016,4
spotify:track:59IA01UnxFiJhxWXpG24mM,"Disco Cone (Take It High) [ft. WENZL]","Disco Cone (Take It High) [ft. WENZL]","ENISA;WENZL",2024-01-26,131367,57,false,,2024-12-14T15:27:16Z,"","Atlantic Records",0.788,0.864,8,-7.436,0,0.096,0.159,0.00000389,0.0702,0.792,127.997,4
spotify:track:7EVk9tRb6beJLTHrg6AkY9,"Tuesday","Tuesday (feat. Danelle Sandoval)","Burak Yeter;Danelle Sandoval",2016-09-02,241874,77,false,,2024-12-14T15:26:45Z,"","SBA Production",0.841,0.639,9,-6.052,0,0.0688,0.0156,0.0654,0.0545,0.675,99.002,4
spotify:track:6pb5DtlAeG95dNQLHiArRU,"Rock My Body","Rock My Body (with INNA & Sash!)","R3HAB;INNA;Sash!",2023-04-28,137419,72,false,,2024-12-14T12:19:36Z,"slap house,edm,europop,eurodance","Spinnin' Records",0.662,0.821,2,-4.103,0,0.13,0.202,0,0.522,0.47,124.077,4
spotify:track:6VRhkROS2SZHGlp0pxndbJ,"Bangarang (feat. Sirah)","Bangarang EP","Skrillex;Sirah",2011-12-27,215253,73,true,,2024-12-14T12:18:17Z,"dubstep,edm,electro,muzyka elektroniczna","Big Beat Records/Atlantic",0.716,0.972,7,-2.302,1,0.196,0.0145,0.0000322,0.317,0.576,110.026,4
spotify:track:5RDUCbvwPZdmjFbhZ5EY4N,"Piece Of Your Heart","MEDUZA","MEDUZA;Goodboys",2023-10-13,152913,69,false,,2024-12-14T12:18:03Z,"","Universal-Island Records Ltd.",0.677,0.744,10,-6.806,0,0.0296,0.0405,0.000153,0.074,0.631,124.077,4
spotify:track:1Et7xION4jRByhPZnRS1UE,"Reżyseria: Kubrick","Café Belga","Taco Hemingway;Rumak",2018-07-13,211813,44,true,,2024-12-14T12:09:46Z,"","Taco Corp",0.673,0.498,1,-5.559,0,0.379,0.454,0,0.319,0.338,182.01,4
spotify:track:6TfBA04WJ3X1d1wXhaCFVT,"You're Gonna Go Far, Kid","Rise And Fall, Rage And Grace","The Offspring",2008-06-17,177826,83,true,,2024-12-13T22:29:10Z,"punk,skate punk","Concord Records",0.55,0.917,0,-3.159,1,0.0638,0.00428,0,0.197,0.601,126.115,4
spotify:track:6cmm1LMvZdB5zsCwX5BjqE,"Down","All Or Nothing","Jay Sean;Lil Wayne",2009-01-01,212506,83,false,,2024-12-13T22:25:05Z,"rap,hip-hop","Cash Money",0.727,0.68,2,-4.498,1,0.0286,0.0101,0,0.0821,0.728,132.012,4
spotify:track:44xO8889yUQHn70P73NILS,"Believe Me","Believe Me","Navos",2021-01-22,188260,65,false,,2024-12-13T20:24:11Z,"","Universal-Island Records Ltd.",0.629,0.876,5,-5.572,0,0.0408,0.129,0.00000139,0.29,0.645,124.999,4
spotify:track:0SGojwNP2zUrgDyeoBQxYO,"The Big Bang","The Big Bang","Rock Mafia",2010-10-29,160200,65,false,,2024-12-13T20:17:59Z,"","RMR",0.902,0.816,0,-3.077,0,0.0312,0.124,0.00000894,0.18,0.894,96.01,4
spotify:track:1HOlb9rdNOmy9b1Fakicjo,"#SELFIE","#SELFIE","The Chainsmokers",2014-01-01,183750,65,false,,2024-12-13T20:11:57Z,"","Dim Mak Inc",0.789,0.916,0,-3.262,1,0.249,0.0135,0.00000809,0.077,0.658,127.956,4
spotify:track:1dGjNaPbx96cRZ22BBGcAU,"DELILAH","ONE","MIKOLAS;Mark Neve",2024-03-22,141027,55,false,,2024-12-13T20:08:43Z,"","Vivienne Records",0.625,0.787,1,-5.236,0,0.401,0.131,0,0.107,0.607,134.152,4
spotify:track:0yqrhHrcWLMjBylHReDN5u,"Legends Are Made","Babel","Sam Tinnesz",2017-08-25,169758,41,false,,2024-12-13T20:06:46Z,"","Tinman Entertainment",0.553,0.89,0,-4.879,1,0.0413,0.123,0,0.139,0.674,87.871,4
spotify:track:4ntwMws17qmbQUI1NemGqd,"Seven Nation Army","Seven Nation Army","DJ Fluke;Jaki Nelson",2021-01-22,156309,17,false,,2024-12-13T19:59:53Z,"electro house","Dancing Dead",0.689,0.832,4,-4.248,0,0.0443,0.00694,0.11,0.0885,0.276,125.97,4
spotify:track:6v9tjIDuN0anXNoPMytvbQ,"MURDER IN MY MIND","A MILLION WAYS TO MURDER","Kordhell",2023-10-27,145000,66,true,,2024-12-13T19:54:38Z,"phonk,drift phonk","Kordhell",0.712,0.972,10,-0.514,1,0.112,0.00547,0.0000706,0.128,0.568,119.966,4
spotify:track:0Gp23ds4JDUwan98IfNNL5,"Bittersweet Symphony","REVIVE","GAMPER & DADONI;Emily Roberts",2024-11-22,194618,71,false,,2024-12-13T19:51:07Z,"tropical house","Big Top Amsterdam",0.676,0.582,9,-7.58,1,0.128,0.221,0.00628,0.515,0.447,124.012,4
spotify:track:6lK2xptPzLPmvpE29U4mDH,"Sarà perché ti amo","...E Penso A Te","Ricchi E Poveri",1981,184546,71,false,,2024-12-13T19:48:12Z,"italo disco","Sony Music Catalog",0.913,0.697,4,-10.066,1,0.0496,0.213,0.00000131,0.281,0.97,120.698,4
spotify:track:1hmI7H4W0ChPH6vfa9i2CQ,"Prada (feat. D-Block Europe) - Valexus Remix","Prada (feat. D-Block Europe) [Valexus Remix]","cassö;RAYE;Valexus;D-Block Europe",2023-09-08,135125,67,true,,2024-12-13T19:45:47Z,"hypertechno,techno,grime,brytyjski drill","Ministry of Sound Recordings",0.67,0.748,1,-11.441,1,0.123,0.0236,0.00874,0.106,0.557,153.938,4
spotify:track:5rjP15JGMxW6zdPD7nIfbI,"Spirits","Hope","The Strumbellas",2016-04-22,203653,3,false,,2024-12-13T19:40:35Z,"folk-pop","Vertigo Berlin",0.554,0.687,0,-4.493,1,0.0261,0.159,0,0.113,0.783,80.481,4
spotify:track:0zZnBbRW4Dt4cJKVtUQFwF,"Balada - Ao Vivo","Gusttavo Lima e Você (Ao Vivo)","Gusttavo Lima",2011-09-20,201840,75,false,,2024-12-13T19:34:02Z,"sertanejo,sertanejo universitário,arrocha,agronejo,piseiro,forró","Sony Music Entertainment",0.675,0.958,11,-4.208,0,0.0611,0.17,0,0.965,0.813,128.001,4
spotify:track:3LI5sEv27CBupQoAg1VN2D,"Wicked Wonderland","Dekknavn & Konsept","Tungevaag",2015-01-29,217270,37,false,,2024-12-13T19:33:46Z,"big room","RCA Records Label",0.699,0.812,6,-5.772,0,0.135,0.00461,0.0161,0.397,0.749,127.916,4
spotify:track:5JdLUE9D743ob2RtgmVpVx,"Makeba","Zanaka","Jain",2016-10-21,249533,67,false,,2024-12-13T19:28:28Z,"francuski pop","Columbia",0.824,0.656,2,-9.432,1,0.0704,0.388,0.506,0.253,0.418,116.068,4
spotify:track:02cflDeFB9gGB8ukUlhN98,"Hit the Road Jack","Hit the Road Jack","Throttle",2017-02-06,197073,53,false,,2024-12-13T19:00:53Z,"future house","Spinnin' Records",0.768,0.886,11,-2.738,0,0.152,0.107,0.000222,0.121,0.58,123.052,4
spotify:track:6A25J9As7towpxovYryAWr,"Such a Whore (Stellular Remix)","Such a Whore (Stellular Remix)","JVLA",2020-06-03,147638,2,true,,2024-12-13T18:59:44Z,"","Студия СОЮЗ/Танцевальный рай",0.624,0.614,2,-4.165,1,0.0448,0.00391,0.0278,0.187,0.139,168.87,4
spotify:track:0zREtnLmVnt8KUJZZbSdla,"Wavin' Flag","Troubadour","K'NAAN",2009,220520,60,false,,2024-12-13T18:28:47Z,"","Interscope Records*",0.625,0.699,0,-6.416,1,0.0729,0.13,0,0.238,0.717,75.974,4
spotify:track:0OPyDgTRuIdCJ9B4bYSths,"Hotel Room Service","Pitbull Starring In Rebelution","Pitbull",2009-08-31,237600,73,false,,2024-12-13T17:53:32Z,"","Mr.305/Polo Grounds Music/J Records",0.85,0.631,1,-8.401,1,0.227,0.00684,0.000406,0.0679,0.738,126.002,4
spotify:track:0ByMNEPAPpOR5H69DVrTNy,"Don't Stop The Music","Good Girl Gone Bad: Reloaded","Rihanna",2008-06-02,267080,87,false,,2024-12-13T17:51:30Z,"","Def Jam Recordings",0.834,0.669,6,-5.582,0,0.0637,0.0341,0.0000718,0.0535,0.547,122.669,4
spotify:track:1qZMPmpD1jDcOA7gZ6TCde,"One (Your Name) - Radio Edit","One (Your Name)","Swedish House Mafia;Pharrell Williams",2010-01-01,163246,70,false,,2024-12-13T17:38:37Z,"edm","Virgin",0.733,0.673,9,-6.572,0,0.0333,0.0132,0.0049,0.16,0.636,125.061,4
spotify:track:7a53HqqArd4b9NF4XAmlbI,"Kings & Queens","Heaven & Hell","Ava Max",2020-09-18,162398,83,false,,2024-12-13T17:35:37Z,"","Atlantic Records",0.637,0.69,1,-4.057,0,0.0405,0.00786,0,0.124,0.457,129.857,4
spotify:track:4slBllHFZYlpg3IjeX5CBl,"How Deep Is Your Love","96 Months","Calvin Harris;Disciples",2024-08-08,212495,81,false,,2024-12-13T17:27:27Z,"edm,house","Columbia",0.733,0.87,4,-4.345,0,0.0651,0.041,0.00109,0.396,0.332,122.022,4
spotify:track:1dP519dbEob8H6wiouRdaY,"Family Affair (Dance For Me)","Family Affair (Dance For Me)","David Guetta",2022-07-15,158391,70,false,,2024-12-13T17:19:52Z,"edm","FFRR",0.869,0.726,11,-5.654,0,0.0459,0.0784,0,0.107,0.343,124.023,4
spotify:track:7k86dxnpA1ST408ivqWlmT,"Artysta z ASP","Kryzys Wieku Wczesnego","Kacperczyk",2021-11-26,156960,47,true,,2024-12-13T10:25:46Z,"","SBM Label",0.779,0.681,0,-4.734,1,0.0588,0.0319,0,0.241,0.711,126.028,4
spotify:track:0CAfXk7DXMnon4gLudAp7J,"Low (feat. T-Pain)","Mail on Sunday","Flo Rida;T-Pain",2008-03-17,231400,87,false,,2024-12-13T10:19:55Z,"","Poe Boy/Atlantic",0.918,0.609,10,-5.64,0,0.0791,0.0928,0,0.139,0.304,128.008,4
spotify:track:1Wh2SwNbe3OQCoskPc3fD8,"Tam słońce, gdzie my","Tam słońce, gdzie my","Wiktor Dyduła",2024-06-13,195093,57,false,,2024-12-11T18:39:42Z,"","Universal Music Polska Sp. z o.o.",0.757,0.787,5,-5.984,1,0.0404,0.527,0.0000768,0.111,0.784,128.035,4
spotify:track:3a4hbzdiwoXYVa0n9XRyDK,"HIPNOZA","HIPNOZA","NIKOŚ",2023-12-30,194471,56,false,,2024-12-11T05:48:42Z,"","broke",0.744,0.514,10,-9.918,0,0.334,0.226,0,0.103,0.795,170.109,3
spotify:track:5Zn9aTSjYCI0tza56ylPPn,"Bad Bunny","Hotel Maffija 3","SB Maffija;Jacuś;bambi;Flory",2023-08-11,152106,46,false,,2024-12-11T05:44:28Z,"","SBM Label",0.756,0.868,5,-8.587,0,0.153,0.0803,0,0.0981,0.772,128.005,4
spotify:track:6TBxVHcy4JOBlEKUzAnxaT,"Oh, Natalie","Oh, Natalie","UNKLFNKL",2024-11-01,121397,34,false,,2024-12-11T05:36:34Z,"","Universal Music Romania",0.847,0.901,7,-2.992,0,0.08,0.192,0,0.192,0.522,108.001,4
spotify:track:6WbDwAoc5xr0kFflHZW0A4,"Blonde Chaya - Sped Up","Blonde Chaya (Sped Up)","Amaru;Gringo Bamba",2023-09-08,181052,62,false,,2024-12-10T19:16:05Z,"","Intercord",0.708,0.804,7,-6.763,1,0.142,0.297,0.0000911,0.111,0.827,170.944,4
spotify:track:5zdbSrKdmK9qDTkqzidcN7,"You Spin Me Round (Like A Record) - Radio Edit","You Spin Me Round (Like A Record)","Marc Korn",2020-12-04,176744,64,false,,2024-12-10T16:37:46Z,"slap house","Dance Magic Records",0.691,0.946,7,-2.811,0,0.0437,0.00708,0.0736,0.301,0.387,128.94,4
spotify:track:1svpo8ORIHy4BdgicdyUjx,"Spot a Fake","Spot a Fake","Ava Max",2024-09-20,167621,58,false,,2024-12-09T14:19:34Z,"","Atlantic Records",0.63,0.896,3,-3.61,0,0.0706,0.00878,0,0.0393,0.849,142.879,4
spotify:track:7g3HQ4npoO3Zrp9Zia0J0E,"Ego - Radio Edit","Une seule vie","Willy William",2016-03-18,207213,66,false,,2024-12-09T06:06:56Z,"","Scorpio Music",0.787,0.778,10,-5.428,0,0.0456,0.374,0.000815,0.359,0.477,99.994,4
spotify:track:6lknMmJZALXxx7emwwZWLX,"Frozen","Frozen","Madonna;Sickick",2021-12-03,120157,69,false,,2024-12-08T21:26:10Z,"","Artist Partner Group Inc. / Warner Records",0.706,0.633,1,-9.584,1,0.0419,0.267,0.0192,0.175,0.375,110.005,4
spotify:track:5RIVoVdkDLEygELLCniZFr,"Watch Me (Whip / Nae Nae)","Watch Me (Whip / Nae Nae)","Silentó",2015-05-04,185142,69,false,,2024-12-08T21:12:45Z,"","Capitol Records (US1A)",0.821,0.759,8,-8.541,1,0.121,0.247,0,0.321,0.962,140.01,4
spotify:track:2cSdAkzAf2T4j4aLvx4LLz,"Baby Girl","Baby Girl","Disco Lines",2022-06-15,111074,68,false,,2024-12-08T12:40:43Z,"stutter house","Sony Music Entertainment",0.73,0.907,2,-3.72,1,0.0606,0.0921,0.114,0.23,0.249,120.968,4
spotify:track:20Y4EAmSXru3foatDg4OqN,"LET'S GO","LET'S GO","Jaden Bojsen;Sami Brielle",2024-07-05,193091,74,true,,2024-12-08T12:12:31Z,"","ALT:Vision Records",0.8,0.715,1,-6.79,0,0.0861,0.016,0.545,0.122,0.597,128.997,4
spotify:track:5o0osRx8kYJTOqlOSggr9Z,"Carry You Home","You'll Be Alright, Kid (Chapter 1)","Alex Warren",2024-09-27,166880,65,false,,2024-12-08T12:10:28Z,"","Atlantic Records",0.525,0.66,10,-7.094,1,0.111,0.468,0.0000033,0.128,0.458,123.787,4
spotify:track:48QhfLPxxz89evMnY6YphR,"Tacata - Radio Edit","Ritmo De La Calle","Tacabro",2013-01-01,210000,0,false,,2024-12-08T12:04:17Z,"","+Mas Label / DanceandLove",0.817,0.853,4,-5.915,1,0.12,0.00868,0,0.35,0.605,126.951,4
spotify:track:0knsBJ21cqAbgjdr2i0R9b,"The Bad Touch 2k20","The Bad Touch 2k20","DJ Gollum;Empyre One",2020-07-24,160844,63,true,,2024-12-08T11:53:24Z,"hardstyle,nightcore","Global Airbeatz, a division of zooland Music GmbH",0.773,0.842,3,-4.001,1,0.0805,0.15,0.00000361,0.175,0.629,128.035,4
spotify:track:4kcMDgaU8xb4otoDv5c4kD,"Drive","SAFE","Gibbs;Opał;Jonatan;4Money",2023-10-24,202758,65,false,,2024-12-06T08:26:24Z,"horrorcore","DOPEHOUSE",0.803,0.627,7,-8.07,1,0.328,0.365,0,0.12,0.427,86.992,4
spotify:track:0GYx8Q9iS05CRe9kyzwAIL,"Still Into You","Still Into You","CYRIL;maryjo",2024-10-25,151875,76,false,,2024-12-06T07:44:43Z,"","Spinnin' Records",0.955,0.571,0,-7.045,1,0.254,0.0147,0.0000103,0.0986,0.681,128.066,4
spotify:track:5Qw74vxmtJzAEYjy1wfVCk,"Dzięki, że jesteś","Dzięki, że jesteś","Lanberry;Tribbs",2023-10-05,150834,56,false,,2024-12-06T07:12:39Z,"","WM Poland/WMI",0.661,0.775,0,-5.647,1,0.0508,0.0666,0,0.198,0.694,128.001,3
spotify:track:06EtCEDJ762K9frHeSkJS5,"I FOUND YOU","I FOUND YOU","Switch Disco;Charlotte Haining;Felix",2024-09-13,173409,53,false,,2024-12-06T06:47:57Z,"liquid funk,drum and bass,eurodance,hard house","Relentless Records",0.675,0.74,3,-5.27,0,0.069,0.0189,0,0.428,0.453,126.962,4
spotify:track:48lxT5qJF0yYyf2z4wB4xW,"Pedro","Pedro","Jaxomy;Agatino Romero;Raffaella Carrà",2024-03-29,144562,75,false,,2024-12-06T06:47:51Z,"","Columbia/B1 Recordings/Ultra Records",0.788,0.936,9,-6.294,1,0.301,0.0229,0.0000013,0.311,0.844,151.019,4
spotify:track:3XhllIfCF2T1RaJwbBWSdi,"Róż","Róż","Jonatan;Bletka;Gibbs",2024-07-10,171694,59,false,,2024-12-06T06:40:01Z,"disco polo","Jonatan",0.738,0.572,2,-7.773,0,0.163,0.571,0,0.643,0.457,121.08,4
spotify:track:6NOlVkuAFtqTiBInHuqlrs,"All My Life","Paradise","Purple Disco Machine;The Magician",2024-09-20,202935,61,false,,2024-12-06T06:37:10Z,"disco house,nu disco,funky house,house","Columbia Local",0.711,0.784,7,-5.791,1,0.0435,0.0304,0.00377,0.31,0.674,125.018,4
spotify:track:5CJ3DQPUmrtI2lqRjPk4K6,"FLY","FLY","Quavo;Lenny Kravitz",2024-08-09,157173,70,true,,2024-12-06T06:30:32Z,"","Quality Control Music/Motown Records",0.624,0.816,7,-2.606,1,0.0334,0.0102,0.0000133,0.194,0.635,159.974,4
spotify:track:73rh3AJNXQl8iMWgWRrQTR,"Lioness","Lioness","Swedish House Mafia;Niki & The Dove",2024-06-07,172515,70,false,,2024-12-05T22:31:54Z,"edm","Swedish House Mafia",0.515,0.667,9,-5.188,1,0.199,0.0246,0.0015,0.107,0.192,127.948,4
spotify:track:0peRfvtx1Je91FxQtii5DJ,"Chyba że z Tobą","Chyba że z Tobą","MODELKI;Vłodarski",2024-04-04,131250,63,false,,2024-12-05T12:10:13Z,"disco polo","Universal Music Polska Sp. z o.o.",0.739,0.575,11,-10.244,0,0.0396,0.633,0.0361,0.122,0.663,128.056,4
spotify:track:52A0oY4u5ufxrHC85JGf4x,"Why Why Why","Shawn","Shawn Mendes",2024-08-08,169041,6,true,,2024-12-05T11:29:54Z,"","Shawn Mendes LP4-5 PS/ Island",0.576,0.735,7,-6.75,1,0.091,0.00662,0.00000268,0.475,0.455,104.992,4
spotify:track:6NMtzpDQBTOfJwMzgMX0zl,"SKELETONS","ASTROWORLD","Travis Scott",2018-08-03,145588,76,true,,2024-12-05T09:27:30Z,"rap","Cactus Jack / Epic",0.46,0.686,0,-5.948,0,0.0367,0.00146,0,0.375,0.252,148.054,4
spotify:track:5VG6MONs7BkKKjO65vZYMm,"I Love It","I Love It","Luca-Dante Spadafora;Beats by Luca",2024-04-05,129000,54,false,,2024-12-04T18:40:46Z,"hypertechno,techno","Zeitgeist",0.794,0.744,1,-4.561,1,0.461,0.0251,0.00471,0.169,0.858,154.947,4
spotify:track:5ZqNs8Dyv6qpMufda3YKYI,"Rhythm Is A Dancer","Rhythm Is A Dancer","Luca-Dante Spadafora;Niklas Dee",2023-03-17,141531,56,false,,2024-12-04T18:19:17Z,"hypertechno,techno,slap house","Luca-Dante Spadafora Music",0.809,0.731,9,-7.084,0,0.309,0.142,0.727,0.328,0.751,145.007,4
spotify:track:5NyS3oxTlos3Agl2YtZwrC,"RITMO (Bad Boys For Life)","TRANSLATION","Black Eyed Peas;J Balvin",2020-11-02,214854,71,true,,2024-12-04T18:11:04Z,"reggaeton,latynoskie rytmy","Epic",0.732,0.716,10,-6.968,0,0.0561,0.0295,0.000758,0.73,0.666,105.093,4
spotify:track:3oDFtOhcN08qeDPAK6MEQG,"Boom Boom Pow","THE E.N.D. (THE ENERGY NEVER DIES) [Deluxe Version]","Black Eyed Peas",2009-01-01,251440,74,true,,2024-12-04T18:10:56Z,"","Interscope",0.866,0.857,9,-5.894,1,0.0664,0.13,0.0017,0.13,0.408,130.049,4
spotify:track:7fBv7CLKzipRk6EC6TWHOB,"The Hills","Beauty Behind The Madness","The Weeknd",2015-08-28,242253,88,true,,2024-12-04T13:12:16Z,"","The Weeknd/Lyric",0.585,0.564,0,-7.063,0,0.0515,0.0671,0,0.135,0.137,113.003,4
spotify:track:1NpW5kyvO4XrNJ3rnfcNy3,"Wild Ones (feat. Sia)","Wild Ones","Flo Rida;Sia",2012-06-22,232946,83,false,,2024-12-04T12:59:59Z,"","Poe Boy/Atlantic",0.608,0.86,5,-5.324,0,0.0554,0.0991,0,0.262,0.437,127.075,4
spotify:track:75NhhYjHO43mvZgYtnXgti,"Lonely Together (feat. Rita Ora)","AVĪCI (01)","Avicii;Rita Ora",2017-08-10,181812,71,false,,2024-12-04T12:20:52Z,"edm","Pophouse Entertainment Group",0.655,0.666,5,-5.309,1,0.0612,0.134,0.0000212,0.0683,0.272,102.977,4
spotify:track:52okn5MNA47tk87PeZJLEL,"Let You Down","Perception","NF",2017-10-06,212120,80,false,,2024-12-03T19:55:11Z,"chrześcijański hip-hop","NF Real Music",0.661,0.714,5,-5.68,0,0.121,0.314,0,0.179,0.464,147.998,4
spotify:track:3JA9Jsuxr4xgHXEawAdCp4,"Just Can’t Get Enough","The Beginning","Black Eyed Peas",2010-01-01,219426,84,false,,2024-12-03T10:07:37Z,"","A&M",0.659,0.629,0,-8.685,0,0.18,0.19,0,0.105,0.262,94.049,4
spotify:track:4Y3xYddcLDgr2qm0xVdGgW,"Phone","MEDUZA","MEDUZA;Sam Tompkins;Em Beihold",2023-10-13,155076,61,false,,2024-12-02T14:41:11Z,"","Universal-Island Records Ltd.",0.651,0.604,3,-7.896,0,0.0602,0.06,0,0.302,0.408,130.029,4
spotify:track:3a1lNhkSLSkpJE4MSHpDu9,"Congratulations","Stoney (Deluxe)","Post Malone;Quavo",2016-12-09,220293,82,true,,2024-12-02T13:30:34Z,"","Mercury Records/Republic Owned",0.63,0.804,6,-4.183,1,0.0364,0.215,0,0.253,0.492,123.146,4
spotify:track:267nfLfaSSDa9ivHncHynh,"Breathe","Take Shelter","Olly Alexander (Years & Years)",2014-01-01,233228,73,false,,2024-12-01T14:29:34Z,"","Polydor Records",0.746,0.486,10,-7.004,1,0.0344,0.222,0.00000141,0.123,0.417,92.057,4
spotify:track:5iyZwawawLjHYpX4MxUKVF,"Salt","Heaven & Hell","Ava Max",2020-09-18,180283,69,false,,2024-11-27T22:05:31Z,"","Atlantic Records",0.693,0.835,6,-3.242,1,0.0624,0.131,0,0.073,0.744,128.052,4
spotify:track:2UjNsh4ipNrmog6wdS2JVv,"Satellite","My Cassette Player","Lena",2010-01-01,175506,62,false,,2024-11-27T16:20:45Z,"","Polydor",0.68,0.857,11,-4.591,0,0.238,0.204,0,0.0414,0.924,94.928,4
spotify:track:16Of7eeW44kt0a1M0nitHM,"You Make Me Feel... (feat. Sabi)","Night Shades","Cobra Starship;Sabi",2011-08-23,215693,76,false,,2024-11-27T16:20:06Z,"","Decaydance/Fueled By Ramen",0.668,0.857,7,-2.944,0,0.0535,0.0191,0.00000671,0.0385,0.748,131.959,4
spotify:track:2z4U9d5OAA4YLNXoCgioxo,"What the Hell","Goodbye Lullaby (Expanded Edition)","Avril Lavigne",2011-03-08,220706,79,false,,2024-11-27T09:10:15Z,"","Epic",0.578,0.926,6,-3.689,0,0.0548,0.00472,0.0127,0.14,0.877,149.976,4
spotify:track:5XMjXjwCkJVmk0AHm7z8IV,"Jerk It Out","Love For The Streets","Caesars",2002,195666,75,false,,2024-11-26T21:31:48Z,"","Parlophone Sweden",0.58,0.981,8,-2.603,0,0.06,0.0171,0.0000107,0.386,0.861,134.007,4
spotify:track:3bjM6KcvV1MwkAm7DJQb9O,"Lay All Your Love On Me","Lay All Your Love On Me","loafers;Badjack;Maxim Schunk",2022-06-30,155076,63,false,,2024-11-26T21:29:13Z,"","Soave Records",0.591,0.768,9,-7.587,1,0.132,0.011,0.00000526,0.479,0.297,129.936,3
spotify:track:7abpmGpF7PGep2rDU68GBR,"Tuesday","Tuesday","Burak Yeter;Danelle Sandoval",2016-08-12,241874,54,false,,2024-11-26T21:09:42Z,"","Universal Music Turkiye",0.841,0.639,9,-6.052,0,0.0688,0.0156,0.0654,0.0545,0.675,99.002,4
spotify:track:4jgczltjMXJdwORMDU9jDO,"I Need a Dollar","Good Things","Aloe Blacc",2010-11-26,243373,1,false,,2024-11-26T20:59:28Z,"","Epic",0.84,0.364,8,-11.874,0,0.0386,0.193,0,0.0836,0.96,95.504,4
spotify:track:7rji3pwPqPCUVX2flQw8Zj,"E.T.","E.T.","QUATTROTEQUE;Rayyea",2023-02-03,117354,66,false,,2024-11-26T20:59:01Z,"","Trap Town Records",0.579,0.737,5,-5.481,0,0.151,0.00879,0,0.179,0.329,180.094,4
spotify:track:5wK2U8OltPg94tShNIzUZQ,"Supergirl - Radio Edit","Supergirl (Radio Edit)","Anna Naklab;Alle Farben;YouNotUs",2015-03-25,212826,61,false,,2024-11-26T20:58:55Z,"","b1",0.613,0.742,10,-6.113,0,0.0338,0.0777,0.000674,0.0862,0.356,122.017,4
spotify:track:7lOvJBqH38ZY59eLU7bioq,"all I want is you","all I want is you","Rebzyyx;hoshie star",2021-02-09,151415,78,true,,2024-11-26T20:58:37Z,"hyperpop","Arista Records",0.46,0.999,11,-1.307,1,0.325,0.112,0,0.245,0.779,145.911,4
spotify:track:15og0pCEcTFWEXOFKdcJlU,"Hate Me","Brightest Blue","Ellie Goulding;Juice WRLD",2020-07-16,188066,84,false,,2024-11-26T20:58:31Z,"melodyjny rap,emo rap","Polydor Records",0.64,0.789,8,-4.891,1,0.0644,0.0875,0,0.147,0.762,75.018,4
spotify:track:4ekDggjElGJX9kNSOtnbVf,"Infinity - Dubdogz & Bhaskar Edit","Infinity (Dubdogz & Bhaskar Edit)","Dubdogz;Bhaskar",2020-01-31,196000,66,false,,2024-11-26T20:45:13Z,"brazylijski bass,muzyka elektroniczna","Spinnin' Records",0.723,0.57,9,-8.589,0,0.0429,0.00412,0.00183,0.0862,0.575,123.979,4
spotify:track:6REbwUNlppTfcnV4d4ZoZi,"Swimming Pools (Drank)","Swimming Pools (Drank)","Kendrick Lamar",2012-01-01,247800,83,true,,2024-11-24T12:28:21Z,"hip-hop,west coast hip-hop","Aftermath",0.693,0.445,8,-5.892,1,0.257,0.00625,0.000234,0.0899,0.199,74.044,4
spotify:track:3pb9BKuagX0KX5FeC2UaAU,"Gdyby...","Kinematografia","Paktofonika",2000-12-18,202173,54,true,,2024-11-23T19:18:56Z,"","Universal Music Polska Sp. z o.o.",0.726,0.482,4,-10.66,1,0.4,0.762,0.00371,0.098,0.555,87.744,4
spotify:track:5UOzCgyX7buAV8SZ53wCLY,"Ja To Ja","Kinematografia","Paktofonika;Gutek",2000-12-18,299146,52,false,,2024-11-23T18:06:10Z,"","Universal Music Polska Sp. z o.o.",0.875,0.642,4,-10.084,0,0.27,0.11,0.00000627,0.08,0.478,86.879,4
spotify:track:1WwbHNsRQFYVUTYGAyw2V3,"Zygzak","SEZON3 (Deluxe)","Ekipa;Jacuś",2021-06-26,227538,55,false,,2024-11-23T17:27:53Z,"disco polo","EKIPA/DONPRO",0.898,0.726,1,-5.743,1,0.237,0.00695,0,0.156,0.436,130.017,4
spotify:track:3qcreqi8RaGqahtJSQDxNI,"Panama","Glückskind","GReeeN",2023-04-27,157135,64,false,,2024-11-22T19:50:46Z,"niemieckie indie,niemiecki hip-hop,niemiecki indie pop","recordJet",0.87,0.366,5,-7.503,0,0.41,0.465,0.0000115,0.111,0.715,98.016,4
spotify:track:1fr92Vupmcs2vgLMFVQ7rd,"In the Shadows","Dead Letters","The Rasmus",2003-03-24,257920,76,false,,2024-11-22T10:42:11Z,"fiński rock","Playground Music",0.6,0.796,2,-4.481,1,0.0275,0.000109,0.000052,0.484,0.75,105.991,4
spotify:track:1xmvq1fYLs9TEgikaFilGW,"Thick Of It (feat. Trippie Redd)","Thick Of It (feat. Trippie Redd) / Low","KSI;Trippie Redd",2024-10-03,160842,64,false,,2024-11-22T09:39:31Z,"melodyjny rap","Atlantic Records UK",0.588,0.826,11,-3.733,0,0.0485,0.0768,0,0.327,0.648,145.825,4
spotify:track:0pSBuHjILhNEo55xK1zrRt,"Rolex","Rolex","Ayo & Teo",2017-03-15,238586,70,false,,2024-11-20T23:03:07Z,"","Columbia",0.804,0.886,1,-2.512,1,0.04,0.0837,0,0.266,0.789,144.946,4
spotify:track:7AOJcugo17Kr1WUheSI6Oq,"Mädchen auf dem Pferd","Mädchen auf dem Pferd","Luca-Dante Spadafora;Niklas Dee;Octavian;Peter Plate;Ulf Leo Sommer",2023-05-12,157058,66,false,,2024-11-20T08:35:54Z,"hypertechno,techno,slap house","Zeitgeist",0.837,0.944,0,-6.516,1,0.352,0.108,0.0000846,0.107,0.681,169.975,4
spotify:track:1YeFQQb8ahRFpxvOtifboG,"KOCHAM CO SZKODZI MI","Amnezja","Yung Adisz",2022-05-27,180000,43,true,,2024-11-18T19:52:13Z,"","MyMusic",0.829,0.67,4,-9.353,0,0.207,0.605,0.000971,0.135,0.686,107.981,4
spotify:track:5efQj1lkGkkm4sxFHfHrLO,"Jestem Bogiem","Kinematografia","Paktofonika",2000-12-18,202306,65,true,,2024-11-18T15:29:35Z,"","Universal Music Polska Sp. z o.o.",0.564,0.667,0,-8.232,1,0.297,0.125,0.185,0.107,0.448,180.13,4
spotify:track:2Iib2MV3ECFJAourgP9dlY,"La Isla Bonita","Celebration (double disc version)","Madonna",2009-09-18,242946,45,false,,2024-11-18T15:20:31Z,"","Warner Records",0.708,0.832,1,-4.736,0,0.0363,0.392,0.00000134,0.0561,0.968,99.951,4
spotify:track:3EDS89HeAhHiZKlljciK0a,"Push The Button","Taller In More Ways","Sugababes",2005,218093,68,false,,2024-11-18T15:16:25Z,"","Universal-Island Records Ltd.",0.962,0.66,8,-5.096,1,0.061,0.0485,0,0.076,0.814,126.016,4
spotify:track:2EM9zpAc7PVeoAydmbfVIL,"La Camisa Negra","Mi Sangre","Juanes",2004-01-01,216706,77,false,,2024-11-18T15:12:44Z,"latynoski pop,kolumbijski pop,rock en español","National Own (UC)",0.751,0.731,6,-4.419,0,0.0308,0.0838,0,0.0556,0.973,97.007,4
spotify:track:0lIyrShYnTnXMeldM3TrHv,"Dilemma","Best Of Nelly","Nelly;Kelly Rowland",2009-01-01,288973,30,true,,2024-11-18T15:06:11Z,"","Motown",0.724,0.548,2,-8.168,0,0.15,0.185,0.0000718,0.215,0.581,168.118,4
spotify:track:4WZYBWngq9ODEqPB05WW7S,"The Way I Are","Shock Value","Timbaland;Keri Hilson;D.O.E.",2007-04-02,179280,57,false,,2024-11-18T12:17:12Z,"","Interscope/Blackground Records",0.73,0.807,3,-6.475,0,0.114,0.179,0.722,0.28,0.727,114.715,4
spotify:track:1HFfMOxCAT4GAwaPfCdmUs,"Waves - Robin Schulz Radio Edit","Waves (Robin Schulz Radio Edit)","Mr. Probz;Robin Schulz",2014-02-07,208133,83,false,,2024-11-18T06:29:47Z,"tropical house","Left Lane Recordings",0.829,0.51,5,-9.334,0,0.0369,0.00821,0.00143,0.0829,0.45,119.994,4
spotify:track:3wPPWcVuinAU7dXcJXtCID,"La La La","Hotel Cabana (Deluxe Version)","Naughty Boy;Sam Smith",2013-01-01,222200,78,false,,2024-11-18T05:50:09Z,"soft pop","Virgin Records Ltd",0.772,0.65,6,-5.202,0,0.0306,0.107,0.00000113,0.0905,0.262,125.083,4
spotify:track:5MhsZlmKJG6X5kTHkdwC4B,"I'm an Albatraoz","I'm an Albatraoz","AronChupa;Little Sis Nora",2014-08-08,166848,74,true,,2024-11-18T05:49:39Z,"electro swing,melbourne bounce","Aron Ekberg",0.883,0.817,0,-5.414,1,0.235,0.601,0.00449,0.11,0.595,128.078,4
spotify:track:4dSoDnmR9opAQ8KxUc9SbC,"Mad Love","Mad Love The Prequel","Sean Paul;David Guetta;Becky G",2018-06-29,199944,68,false,,2024-11-18T05:12:13Z,"dancehall,edm,reggaeton,latynoskie rytmy","Universal-Island Records Ltd.",0.793,0.824,2,-3.476,1,0.177,0.006,0.00000329,0.169,0.611,98.019,4
spotify:track:48QmG1dfvMuYLxMPt7KSRA,"No Lie","Mad Love The Prequel","Sean Paul;Dua Lipa",2018-06-29,221176,88,false,,2024-11-17T19:37:32Z,"dancehall,pop","Universal-Island Records Ltd.",0.742,0.882,7,-2.862,1,0.117,0.0466,0,0.206,0.463,102.04,4
spotify:track:4vvnuJlgBeNVwq3TNmLMNX,"Jackie Chan","The London Sessions","Tiësto;Dzeko;Preme;Post Malone",2020-05-15,215759,66,true,,2024-11-15T10:20:33Z,"edm,trance,big room,house","Universal Music, a division of Universal International Music BV",0.747,0.833,3,-2.867,0,0.045,0.374,0,0.0586,0.687,128.008,4
spotify:track:3U5JVgI2x4rDyHGObzJfNf,"Unwritten","Unwritten","Natasha Bedingfield",2004-08-30,259333,89,false,,2024-11-13T19:59:04Z,"","Sony Music CG",0.706,0.8,5,-6.333,1,0.0399,0.00584,0,0.0822,0.629,100.011,4
spotify:track:1zhUaodzu43qKwK0idP6IA,"Kylie","Primul capitol","Akcent",2006,246885,58,false,,2024-11-13T19:33:09Z,"europop","ROTON MUSIC",0.76,0.855,5,-5.137,0,0.0389,0.0095,0,0.0767,0.792,125.018,4
spotify:track:1LIvdWNdKmHvU0FJvw2diN,"Big City Life","Big City Life","Luude;Mattafix",2022-06-16,146711,70,false,,2024-11-13T12:13:34Z,"drum and bass","Warner Records",0.615,0.902,3,-4.316,1,0.0859,0.0176,0.0000391,0.103,0.298,87.03,4
spotify:track:2kQuhkFX7uSVepCD3h29g5,"Smack That","Konvicted","Akon;Eminem",2006-01-01,212360,87,true,,2024-11-13T11:35:02Z,"rap,hip-hop","Konvict/Upfront/SRC/Universal Records",0.939,0.741,5,-5.171,0,0.0471,0.323,0,0.107,0.925,118.978,4
spotify:track:47UFoOuvrkt4khE7c5aap6,"Cradles","Cradles","Sub Urban",2019-01-04,209829,45,false,,2024-11-13T11:33:18Z,"","NCS",0.537,0.586,6,-1.864,1,0.314,0.265,0.0000704,0.175,0.624,79.056,4
spotify:track:6QHXcb0eFwOKZOZ9bOFmxm,"Toxic Pony","Toxic Pony","ALTÉGO;Britney Spears;Ginuwine",2022-01-21,198041,66,false,,2024-11-13T10:15:13Z,"pop,r&b","Sony Music Entertainment",0.775,0.652,0,-9.906,1,0.152,0.00757,0.000598,0.105,0.922,143.08,4
spotify:track:1a8JpAL3vbAdXYrEABvOtb,"Amerika","Reise, Reise","Rammstein",2004-09-27,226760,70,false,,2024-11-13T10:07:48Z,"industrial metal,metal,industrial rock,industrial","Vertigo Berlin",0.608,0.885,2,-4.296,0,0.0963,0.00258,0.0000133,0.392,0.518,125.023,4
spotify:track:480llvvXfmFcic8dBHT9pP,"Man In Finance (G6 Trust Fund)","Man In Finance","Girl On Couch;Billen Ted",2024-07-05,151405,56,false,,2024-11-11T15:05:18Z,"","Intercord",0.648,0.933,7,-3.947,0,0.0651,0.00273,0.018,0.14,0.402,127.967,4
spotify:track:51Fjme0JiitpyXKuyQiCDo,"Lalala","Lalala","Y2K;bbno$",2019-06-28,160626,72,true,,2024-11-11T15:02:05Z,"","Columbia",0.843,0.39,2,-7.899,1,0.0846,0.178,0,0.137,0.495,129.972,4
spotify:track:37vVp2sWHuuIBOSl1NswP6,"i'm yours","i'm yours","Isabel LaRosa",2022-10-28,145667,77,false,,2024-11-11T14:53:07Z,"","Slumbo Labs/RCA Records",0.398,0.705,5,-7.07,0,0.0756,0.204,0.0000513,0.443,0.635,111.487,4
spotify:track:4mFhy52M8GY8N2h5tlqdhW,"Niedziela","1-800-OŚWIECENIE","Taco Hemingway;schafter;Borucci;Zeppy Zep",2023-09-21,205328,47,true,,2024-11-11T13:37:38Z,"","2020",0.844,0.527,11,-7.395,0,0.0763,0.34,0.0000271,0.379,0.543,100.003,4
spotify:track:5kXco3VQGGmTwHpKILv1om,"Codziennie","1-800-OŚWIECENIE","Taco Hemingway;@atutowy",2023-09-21,132455,46,false,,2024-11-11T13:24:30Z,"","2020",0.786,0.672,11,-7.244,1,0.144,0.0714,0,0.105,0.23,128.099,5
spotify:track:5CTNmaXOY1nSnIUsxCpiyU,"Mix Sałat","1-800-OŚWIECENIE","Taco Hemingway;Daria Zawiałow;Zeppy Zep",2023-09-21,172678,53,true,,2024-11-11T13:21:03Z,"","2020",0.83,0.773,3,-6.726,0,0.162,0.371,0,0.106,0.872,100.025,4
spotify:track:525GY0mXYnxajolwgS8Eaz,"Cooler Than Me","Cooler Than Me","Lucky Luke",2019-05-17,179760,65,true,,2024-11-10T17:52:30Z,"slap house","Columbia/B1 Recordings",0.889,0.716,7,-6.146,1,0.0708,0.0595,0.0409,0.168,0.296,128.022,4
spotify:track:6PUIzlqotEmPuBfjbwYWOB,"Summertime Sadness (Lana Del Rey Vs. Cedric Gervais) - Cedric Gervais Remix","Summertime Sadness (Lana Del Rey Vs. Cedric Gervais) [Cedric Gervais Remix]","Lana Del Rey;Cedric Gervais",2013-02-01,214912,76,false,,2024-11-10T17:48:45Z,"edm","Polydor Records",0.572,0.81,1,-5.791,0,0.0558,0.0157,0.00000653,0.13,0.11,126.052,4
spotify:track:4b4c0oH7PtrPsI86drzgFs,"Chasing The Sun","The Wanted (Special Edition)","The Wanted",2012-01-01,198800,71,false,,2024-11-10T17:45:57Z,"","Universal-Island Records Ltd.",0.637,0.732,7,-6.209,0,0.0965,0.244,0,0.498,0.68,128.108,4
spotify:track:762EDd3aDSHXaOmtuJCHUQ,"Sexualna","Miramimania","Mirami;Vova Zi L'vova",2011-09-06,193720,51,false,,2024-11-09T08:23:21Z,"disco polo","Magic Records",0.686,0.659,4,-6.336,1,0.0913,0.23,0,0.551,0.894,130.004,4
spotify:track:6XcoiOYiNbIxzpt8WRxq8Z,"Du hast","Sehnsucht (Remastered 2023)","Rammstein",1997-08-22,235600,77,false,,2024-11-08T06:22:47Z,"industrial metal,metal,industrial rock,industrial","Vertigo Berlin",0.642,0.899,9,-6.92,0,0.0381,0.00171,0.135,0.326,0.726,125.115,4
spotify:track:3gVhsZtseYtY1fMuyYq06F,"Sonne","Mutter","Rammstein",2001-04-02,272440,80,false,,2024-11-08T06:22:08Z,"industrial metal,metal,industrial rock,industrial","Vertigo Berlin",0.51,0.917,4,-4.806,0,0.0854,0.0054,0.000133,0.396,0.313,75.098,4
spotify:track:19KlZwqlT3fguP2BeHF1Q1,"Disease","Disease","Lady Gaga",2024-10-25,229997,69,false,,2024-11-08T03:58:52Z,"art pop,pop","Interscope Records",0.562,0.917,11,-2.768,0,0.117,0.0513,0,0.488,0.501,100.987,4
spotify:track:7iXTW1PIBfeUfaMY14Humi,"Bloody Nose","Bloody Nose","Lil Xan",2019-03-29,135051,32,true,,2024-11-07T12:08:15Z,"cloud rap","Xanarchy Music",0.795,0.661,1,-5.111,1,0.0882,0.627,0,0.223,0.665,79.981,4
spotify:track:0GiwV6v3AgJfdu59tj719Y,"Pump It Up","Pump It Up","Endor",2019-09-13,150635,13,false,,2024-11-06T08:57:57Z,"","Defected Records",0.899,0.894,1,-7.255,1,0.222,0.203,0.0000995,0.0606,0.654,129.047,4
spotify:track:57kR5SniQIbsbVoIjjOUDa,"You Know You Like It","You Know You Like It","DJ Snake;AlunaGeorge",2014-10-14,247266,80,false,,2024-11-06T08:43:27Z,"","Universal-Island Records Ltd.",0.407,0.725,5,-5.346,0,0.188,0.0141,0.00000246,0.306,0.247,196.093,4
spotify:track:7jEyX4bqaCSdMN4D4JNnVj,"Mama","Blue","Jonas Blue;William Singe",2018-11-09,184133,74,false,,2024-11-06T08:28:10Z,"tropical house","Positiva",0.738,0.794,11,-4.118,0,0.0416,0.101,0,0.0533,0.566,104.014,4
spotify:track:3vrm4dNThrhQ0BArrLIUOV,"Somebody's Watching Me","Somebody's Watching Me","Chico Rose;71 Digits",2020-04-17,176640,67,false,,2024-11-06T07:44:51Z,"slap house","Spinnin' Records",0.712,0.857,1,-4.922,0,0.052,0.0855,0.0000998,0.0723,0.207,124.963,4
spotify:track:2CewvqbfMOcnvYE3yayAJV,"I Believe","I Believe","KAMRAD",2022-01-07,147007,61,false,,2024-11-05T18:59:27Z,"","Epic Local",0.711,0.681,10,-7.459,1,0.0263,0.124,0,0.262,0.775,118.021,4
spotify:track:7MiZjKawmXTsTNePyTfPyL,"Devil Eyes","Providence","Hippie Sabotage",2016-02-05,131271,78,false,,2024-11-05T08:14:26Z,"","iHipHop Distribution",0.391,0.396,1,-8.621,0,0.189,0.702,0.405,0.315,0.199,99.112,5
spotify:track:7r2cCbhAbGUE4Izor1ZnlZ,"K.O.","K.O.","LAVINIA;Ely Oaks",2024-08-09,137222,65,false,,2024-11-05T08:13:46Z,"hypertechno","JINX Music",0.714,0.841,5,-5.942,0,0.0641,0.0622,0.366,0.596,0.865,129.973,4
spotify:track:0uL88Lp7C6i2WGHub1zrJ9,"Later Bitches","Later Bitches","The Prince Karma",2018-05-25,247976,60,true,,2024-11-04T20:19:45Z,"","Ultra Records, LLC",0.769,0.518,8,-6.563,1,0.102,0.000573,0.108,0.342,0.504,121.116,4
spotify:track:4nKRZAONxGgcKCMin730Ai,"33 Max Verstappen","33 Max Verstappen","Carte Blanq;Nils Van Zandt;Maxx Power",2023-09-22,170390,69,false,,2024-11-04T20:06:21Z,"","Spinnin' Records",0.711,0.895,9,-4.942,0,0.107,0.00305,0.0509,0.0832,0.444,128.045,4
spotify:track:0Bo5fjMtTfCD8vHGebivqc,"Axel F","Crazy Frog presents Crazy Hits","Crazy Frog",2005-08-01,171739,74,false,,2024-11-04T19:54:11Z,"","Mach 1",0.842,0.927,2,-1.496,1,0.0439,0.288,0.653,0.0972,0.866,138.004,4
spotify:track:6FAmtZoa7jq6bH9GBjCRkM,"Heaven Is A Place On Earth","Heaven Is A Place On Earth","W&W;AXMO",2022-12-16,165000,69,false,,2024-11-04T18:11:21Z,"big room,edm,hardstyle,hypertechno","Rave Culture",0.534,0.867,1,-2.125,0,0.0394,0.0258,0.00000768,0.17,0.208,127.993,4
spotify:track:6GomT970rCOkKAyyrwJeZi,"Move Your Body","Move Your Body","Öwnboss;Sevek",2021-10-29,157444,74,false,,2024-10-31T21:14:07Z,"","Musical Freedom",0.848,0.821,2,-5.408,0,0.0527,0.0169,0.000403,0.0962,0.249,125.051,4
spotify:track:0agQ9vIV7NP4dntGKLcCXO,"Somebody (2024)","Somebody (2024)","Gotye;FISHER;Chris Lake;Kimbra;Sante Sansone",2024-02-09,153518,76,false,,2024-10-31T20:21:38Z,"tech house,house,bass house","Universal-Island Records Ltd.",0.848,0.629,0,-6.198,1,0.0424,0.016,0.18,0.049,0.586,130.017,4
spotify:track:4cG7HUWYHBV6R6tHn1gxrl,"Friday (feat. Mufasa & Hypeman) - Dopamine Re-Edit","Friday (feat. Mufasa & Hypeman) [Dopamine Re-Edit]","Riton;Nightcrawlers;Mufasa & Hypeman;Mufasa;Dopamine",2021-01-15,169153,81,false,,2024-10-31T20:12:33Z,"house","Ministry of Sound Recordings",0.824,0.862,2,-3.424,1,0.126,0.0076,0.000132,0.303,0.801,122.98,4
spotify:track:2TwfqpwieYnr3B2xKCxTQB,"Ma Chérie - DJ Antoine & Mad Mark 2K12 Radio Edit","2010","DJ Antoine;The Beatshakers;Mad Mark",2010-05-07,191090,69,false,,2024-10-31T20:10:37Z,"","Houseworks",0.749,0.589,8,-5.032,1,0.26,0.0279,0.000217,0.0396,0.814,128.003,4
spotify:track:3wLPRjw2XQpmowqXUXb3UF,"Get Up (Rattle) [feat. Far East Movement] - Vocal Edit","Get Up (Rattle) [feat. Far East Movement]","Bingo Players;Far East Movement",2012-12-08,166932,74,false,,2024-10-31T20:05:04Z,"big room","Spinnin' Records",0.801,0.985,7,-2.69,1,0.0647,0.0205,0.00000686,0.297,0.72,127.99,4
spotify:track:07VcTAooOBP8hIluuUS5xr,"Heavy Metal Love","Heavy Metal Love","twocolors",2022-07-08,132000,64,false,,2024-10-31T20:04:53Z,"","Intercord",0.768,0.767,5,-8.06,0,0.0358,0.194,0,0.121,0.457,125.029,4
spotify:track:3j11iDncb7ZeDMw7lFucqM,"The Motto","DRIVE","Tiësto;Ava Max",2023-04-21,164818,73,false,,2024-10-29T10:08:54Z,"edm,trance,big room,house","Atlantic Records",0.754,0.763,7,-4.627,0,0.0435,0.0301,0.0000223,0.0901,0.464,117.953,4
spotify:track:6M6Tk58pQvABy6ru66dY3d,"No Money","The Aviary","Galantis",2017-09-15,191293,73,false,,2024-10-29T06:33:38Z,"","Big Beat Records",0.674,0.915,6,-3.999,0,0.0411,0.0282,0.00337,0.273,0.78,126.038,4
spotify:track:5masKPHeAOVNgxdLebIcK7,"Stole the Show","Cloud Nine","Kygo;Parson James",2016-05-13,223182,79,false,,2024-10-29T05:26:52Z,"tropical house","Kygo",0.64,0.635,8,-7.565,0,0.226,0.271,0,0.319,0.475,100.034,4
spotify:track:4255amV4enzl28KAn16rUO,"Are You With Me","Less Is More","Lost Frequencies",2016-10-21,138013,82,false,,2024-10-29T05:26:38Z,"tropical house","Armada Music Albums",0.763,0.608,5,-8.1,0,0.035,0.262,0.000025,0.12,0.394,121.02,4
spotify:track:1WCEAGGRD066z2Q89ObXTq,"Crazy What Love Can Do","Crazy What Love Can Do","David Guetta;Becky Hill;Ella Henderson",2022-04-08,169756,72,false,,2024-10-29T05:22:04Z,"edm","Parlophone UK",0.601,0.713,4,-3.758,0,0.0449,0.0282,0,0.158,0.464,122.872,4
spotify:track:7fLzbEOBOae9lUnOwr7Tse,"Memories (feat. Kid Cudi)","One More Love","David Guetta;Kid Cudi",2010-11-22,210093,85,false,,2024-10-29T05:19:45Z,"edm","Parlophone (France)",0.561,0.87,8,-6.103,1,0.343,0.0015,0.00000282,0.246,0.498,129.98,4
spotify:track:1WbhIxkn5ECsOwUm795iX1,"Star Shopping","Star Shopping","Lil Peep",2015-08-17,142000,83,true,,2024-10-27T21:23:16Z,"emo rap,cloud rap","Death Note Music, LLC",0.538,0.471,4,-9.84,0,0.0955,0.0946,0.0185,0.116,0.307,93.07,4
spotify:track:5fU3LU0QsjVb0p45wdEY5m,"worlds away","HELLBOY","Lil Peep",2016-09-25,126826,65,true,,2024-10-27T20:18:15Z,"emo rap,cloud rap","Lil Peep",0.646,0.647,1,-4.476,1,0.0837,0.0000579,0,0.0417,0.758,155.111,4
spotify:track:6VrCmhRBFnuGKmtNfk4jDs,"Spotlight","Spotlight","Marshmello;Lil Peep",2018-01-12,177600,71,false,,2024-10-27T20:02:19Z,"edm,emo rap,cloud rap","Joytime Collective / Lil Peep",0.546,0.822,7,-4.483,1,0.151,0.0145,0,0.742,0.615,150.06,4
spotify:track:0zfLZO4iwrwWu9Gqfdj5ha,"cobain","HELLBOY","Lil Peep;Lil Tracy",2016-09-25,150160,69,true,,2024-10-27T20:02:16Z,"emo rap,cloud rap","Lil Peep",0.609,0.661,10,-7.179,1,0.0417,0.0151,0,0.077,0.435,141.981,4
spotify:track:3RIlrJDw7LWHCyj6HWiKez,"Kiss","Kiss","Lil Peep",2016-11-03,250266,65,true,,2024-10-27T19:34:22Z,"emo rap,cloud rap","Death Note Music, LLC",0.346,0.769,4,-7.224,1,0.109,0.00829,0,0.0816,0.163,150.587,4
spotify:track:3VZlCJimDGY0D7YEC7S351,"Save That Shit","Come Over When You're Sober, Pt. 1","Lil Peep",2017-08-15,231546,79,true,,2024-10-27T19:34:19Z,"emo rap,cloud rap","Lil Peep",0.534,0.583,2,-8.672,1,0.0288,0.0262,0,0.421,0.145,106,4
spotify:track:53abh5ktBFzuI1LCIr0bqV,"hellboy","HELLBOY","Lil Peep",2016-09-25,177160,67,true,,2024-10-27T19:07:11Z,"emo rap,cloud rap","Lil Peep",0.598,0.683,4,-6.588,0,0.054,0.0152,0,0.319,0.122,135.982,5
spotify:track:5rb9QrpfcKFHM1EUbSIurX,"Yeah! (feat. Lil Jon & Ludacris)","Confessions (Expanded Edition)","USHER;Lil Jon;Ludacris",2004-03-23,250373,88,false,,2024-10-24T14:27:48Z,"r&b,crunk,southern hip-hop","LaFace Records",0.894,0.791,2,-4.699,1,0.112,0.0183,0,0.0388,0.583,105.018,4
spotify:track:1VsuSOEVhuCaybeb1rFeCM,"The Magic Key","The One-T ODC","One-T",2003-07-02,228706,68,false,,2024-10-24T13:43:21Z,"","MINOR-T",0.809,0.728,5,-1.252,0,0.0533,0.0855,0.00000333,0.303,0.967,204.192,4
spotify:track:47Slg6LuqLaX0VodpSCvPt,"Just the Way You Are","Doo-Wops & Hooligans","Bruno Mars",2010-05-11,220734,83,false,,2024-10-24T11:08:06Z,"","Elektra (NEK)",0.635,0.841,5,-5.379,1,0.0422,0.0134,0,0.0622,0.424,109.021,4
spotify:track:4lLtanYk6tkMvooU0tWzG8,"Grenade","Doo-Wops & Hooligans","Bruno Mars",2010-05-11,222091,82,false,,2024-10-24T11:07:41Z,"","Elektra (NEK)",0.704,0.558,2,-7.273,0,0.0542,0.148,0,0.107,0.245,110.444,4
spotify:track:4eNKssDPD3UIDbSvbmLCXZ,"100 dni do matury","100 dni do matury","Mata;Ezra Williams;Sarcastic Sounds",2020-01-17,301573,60,false,,2024-10-24T09:29:51Z,"bedroom pop","SBM Label",0.687,0.828,6,-7.911,0,0.457,0.523,0,0.34,0.0988,159.933,4
spotify:track:60jzFy6Nn4M0iD1d94oteF,"Rude Boy","Rated R","Rihanna",2009-11-20,222920,82,true,,2024-10-24T07:21:44Z,"","Def Jam Recordings",0.563,0.75,11,-4.496,1,0.127,0.113,0,0.0788,0.812,173.909,4
spotify:track:4hfIVhq0F0zFUcrbecsYmo,"Let's Get It Started - Spike Mix","Elephunk","Black Eyed Peas",2003-06-24,217733,79,false,,2024-10-22T08:56:38Z,"","A&M",0.783,0.794,11,-2.231,0,0.12,0.105,0,0.304,0.805,104.963,4
spotify:track:7rl7ao5pb9BhvAzPdWStxi,"Telephone","The Fame Monster (Deluxe Edition)","Lady Gaga;Beyoncé",2009-08-05,220626,74,false,,2024-10-22T08:14:39Z,"art pop,pop","Interscope",0.825,0.832,5,-5.862,0,0.0403,0.00587,0.000733,0.114,0.713,122.021,4
spotify:track:4lwavw59UjXUPJZtKNdFYp,"Alejandro","The Fame Monster (Deluxe Edition)","Lady Gaga",2009-08-05,274213,67,false,,2024-10-22T08:10:51Z,"art pop,pop","Interscope",0.626,0.799,11,-6.612,0,0.0461,0.00036,0.00155,0.36,0.37,98.993,4
spotify:track:2T3jgoAMbBXiMMD8pSc6QL,"This Is The Life","This Is The Life (eDeluxe)","Amy Macdonald",2007-01-01,184413,80,false,,2024-10-22T08:02:52Z,"","EMI",0.628,0.882,1,-5.024,0,0.0323,0.259,0,0.065,0.853,95.083,4
spotify:track:5YJtMNWKe55yr49cyJgxva,"Everytime We Touch","Everytime We Touch (Premium Edition)","Cascada",2010-02-12,197124,78,false,,2024-10-22T07:55:27Z,"europop,eurodance","Zoo Digital",0.633,0.976,8,-5.362,1,0.0519,0.00281,0.0000129,0.382,0.493,142.027,4
spotify:track:6FBPQuYFZIne5cpTASUOGR,"Dzień dobry, kocham Cię","Piła tango","Strachy Na Lachy",2005,201733,57,false,,2024-10-22T07:20:16Z,"disco polo","SP Records",0.664,0.733,6,-6.745,0,0.0593,0.24,0,0.379,0.816,136.097,4
spotify:track:17phhZDn6oGtzMe56NuWvj,"Lose Control","I've Tried Everything But Therapy (Part 1)","Teddy Swims",2023-09-15,210688,89,false,,2024-10-22T07:10:24Z,"","Warner Records",0.561,0.604,9,-4.409,1,0.0337,0.199,0.000019,0.104,0.242,159.92,3
spotify:track:2V4bv1fNWfTcyRJKmej6Sj,"Cooler Than Me - Single Mix","31 Minutes to Takeoff","Mike Posner;Gigamesh",2010-08-09,213293,81,false,,2024-10-22T07:10:00Z,"nu disco,francuski house,indie dance","J Records",0.768,0.82,7,-4.63,0,0.0474,0.179,0,0.689,0.625,129.965,4
spotify:track:3JhgPs7rbmzLBWRvHlel8U,"Bad Memories","MEDUZA","MEDUZA;James Carter;Elley Duhé;FAST BOY",2023-10-13,147629,70,false,,2024-10-22T06:16:15Z,"","Universal-Island Records Ltd.",0.607,0.755,5,-6.069,0,0.0468,0.122,0,0.144,0.664,123.994,3
spotify:track:0CokSRCu5hZgPxcZBaEzVE,"Glorious (feat. Skylar Grey)","GEMINI","Macklemore;Skylar Grey",2017-09-22,220454,78,true,,2024-10-22T05:57:07Z,"","Bendo LLC",0.731,0.794,0,-5.126,0,0.0522,0.0323,0.0000259,0.112,0.356,139.994,4
spotify:track:0Ya7fYlJjeSVSo6rMjHkeL,"Szklana pogoda","Instynkt - Najwieksze Przeboje","Małgorzata Ostrowska",2001-12-13,207506,45,false,,2024-10-19T08:37:24Z,"","Sony Music Entertainment",0.593,0.941,7,-4.391,1,0.101,0.0291,0,0.273,0.509,131.994,4
spotify:track:4I4IWwxmrY8CUQ0lJAT3fW,"La La La","Shakira. (Expanded Edition) [Spanish Version]","Shakira",2014-03-13,186333,59,false,,2024-10-19T08:34:52Z,"latynoski pop","RCA/Sony Latin Iberia",0.799,0.748,11,-5.128,1,0.0894,0.0975,0.0000167,0.092,0.617,128.021,4
spotify:track:6LuOCaMHFBfaR1MLKNHhMA,"Zanim pójdę","Wszystko jedno","Happysad",2004,253133,65,false,,2024-10-18T10:17:59Z,"","SP Records",0.616,0.662,4,-8.456,0,0.0291,0.0993,0,0.364,0.831,139.959,4
spotify:track:3ebXMykcMXOcLeJ9xZ17XH,"Scared to Be Lonely","Scared to Be Lonely","Martin Garrix;Dua Lipa",2017-01-27,220883,80,false,,2024-10-18T06:52:59Z,"edm,house progresywny,muzyka elektroniczna,pop","Epic Amsterdam",0.584,0.54,1,-7.786,0,0.0576,0.0895,0,0.261,0.195,137.972,4
spotify:track:2RhKxrhti1jd1Krzh968Cb,"Intoxicated - Radio Edit","Intoxicated (Radio Edit)","Martin Solveig;Good Times Ahead",2015-02-23,158280,3,false,,2024-10-18T06:35:20Z,"francuski house","Spinnin' Deep",0.796,0.607,0,-6.114,1,0.0409,0.00565,0.00231,0.0716,0.566,125.053,4
spotify:track:0oF9jpn0n8afMpbHKgRd6J,"I Ain't Worried","Artificial Paradise (Deluxe)","OneRepublic",2024-07-12,148485,79,false,,2024-10-18T06:34:53Z,"soft pop","Mosley Music/Interscope Records",0.713,0.792,0,-5.957,1,0.0467,0.103,0.00052,0.0698,0.81,139.976,4
spotify:track:7u7syG4R9kbMNnRE1x5wlZ,"Like I Do","7: Anniversary Edition","David Guetta;Martin Garrix;Brooks",2018,201560,57,false,,2024-10-16T09:20:38Z,"edm,house progresywny,muzyka elektroniczna,future house","Parlophone UK",0.668,0.873,0,-4.905,0,0.0345,0.0057,0.00655,0.165,0.19,128.052,4
spotify:track:6GyFP1nfCDB8lbD2bG0Hq9,"Midnight City","Hurry up, We're Dreaming","M83",2011-10-17,243960,82,false,,2024-10-16T09:10:46Z,"","M83 Recording Inc",0.507,0.729,11,-5.399,0,0.0393,0.0182,0.0000014,0.0658,0.272,105.013,4
spotify:track:5AJ9hqTS2wcFQCELCFRO7A,"MILLION DOLLAR BABY","MILLION DOLLAR BABY","Tommy Richman",2024-04-26,155151,83,false,,2024-10-16T09:05:39Z,"","PULSE Records",0.852,0.697,1,-5.52,0,0.0439,0.0973,0.00037,0.0678,0.919,138.029,4
spotify:track:5kDgJffgJ0lYHTSiaXFWNw,"BABY I'M BACK","THE FIRST TIME (DELUXE VERSION)","The Kid LAROI",2024-08-09,171243,75,true,,2024-10-16T08:35:45Z,"","Columbia",0.417,0.743,11,-5.094,0,0.0481,0.0154,0,0.191,0.128,161.877,3
spotify:track:7MlDNspYwfqnHxORufupwq,"Sex, Drugs, Etc.","Pineapple Sunrise","Beach Weather",2023-03-03,196784,83,false,,2024-10-16T07:41:12Z,"","8123 / Arista Records",0.57,0.842,4,-5.085,0,0.0381,0.0136,0.00876,0.524,0.47,143.975,4
spotify:track:0WSjVLITbxV6kVXndziQDm,"Drop That Low (When I Dip)","Drop That Low (When I Dip)","Tujamo",2016-04-01,159999,67,false,,2024-10-16T07:35:35Z,"","Spinnin' Records",0.586,0.896,5,-4.132,0,0.372,0.00945,0.836,0.121,0.103,125.744,4
spotify:track:4CxZbANvWsKCMb7qeONc3V,"Patointeligencja","100 dni do matury","Mata",2020-01-17,257400,55,true,,2024-10-16T07:15:13Z,"","SBM Label",0.836,0.593,11,-8.316,0,0.353,0.241,0,0.0631,0.322,136.965,4
spotify:track:51EC3I1nQXpec4gDk0mQyP,"90210 (feat. Kacy Hill)","Rodeo","Travis Scott;Kacy Hill",2015-09-04,339066,81,true,,2024-10-15T05:01:19Z,"rap","Cactus Jack / Epic",0.402,0.527,9,-6.737,0,0.0917,0.113,0.00000848,0.105,0.31,81.42,4
spotify:track:3JfAFuWvddmiTP3C4Fw4Hw,"Papuga","Młody Matczak","Mata;Quebonafide;Malik Montana",2021-10-01,210200,56,true,,2024-10-13T11:06:57Z,"","SBM Label",0.738,0.514,11,-7.933,1,0.331,0.348,0.000127,0.11,0.518,144.991,4
spotify:track:2MGRnjJc7C0z3EOEWRqcMw,"Love Is Gone - Fred Riester & Joachim Garraud Radio Edit Remix","Pop Life","David Guetta;Chris Willis;Fred Riesterer;Joachim Garraud",2007-06-01,199386,73,false,,2024-10-13T09:23:23Z,"edm,electro house","Parlophone (France)",0.773,0.813,4,-4.609,0,0.0797,0.0331,0.0000377,0.192,0.707,127.93,4
spotify:track:3VZQshi4COChhXaz7cLP02,"I Love It (feat. Charli XCX)","I Love It (feat. Charli XCX)","Icona Pop;Charli xcx",2012-06-19,155337,69,true,,2024-10-13T09:22:40Z,"hyperpop,art pop","Big Beat Records/Atlantic",0.714,0.905,8,-2.663,1,0.0289,0.00855,0.0000255,0.146,0.838,125.927,4
spotify:track:1HrMWH5GUdK6Yi94rbANJA,"Cola","Cola","CamelPhat;Elderbrook",2017-06-16,223869,12,false,,2024-10-13T09:21:45Z,"melodyjne techno,house,house progresywny,melodyjny house,tech house","Defected Records",0.706,0.74,6,-7.904,1,0.0325,0.0245,0.512,0.135,0.444,122.007,3
spotify:track:1p0jBDjxORjYNJyAphBRpE,"MONEY ON THE DASH","MONEY ON THE DASH","Elley Duhé;Whethan",2023-01-20,145666,41,false,,2024-10-13T09:21:36Z,"","Not Fit For Society/Good Luck Have Fun Records",0.84,0.667,8,-7.126,1,0.0843,0.0439,0.0000134,0.179,0.292,120.044,4
spotify:track:19eIZmuXlBmLTha1lPHef7,"Alors On Danse (feat. Stromae)","Alors On Danse (feat. Stromae)","Dubdogz;Stromae",2019-05-03,168576,71,false,,2024-10-13T09:21:33Z,"brazylijski bass,muzyka elektroniczna,francuski pop","Musical Freedom",0.789,0.752,1,-4.274,0,0.164,0.027,0.0000269,0.613,0.739,122.98,4
spotify:track:3bC1ahPIYt1btJzSSEyyrF,"Whistle","Wild Ones","Flo Rida",2012-06-22,224653,81,false,,2024-10-13T09:20:50Z,"","Poe Boy/Atlantic",0.747,0.937,0,-5.746,1,0.0453,0.0208,0,0.29,0.739,103.976,4
spotify:track:59o6ojGNGJOYiVJSzC6Lsa,"Memories (feat. Kid Cudi) - 2021 Remix","Memories (feat. Kid Cudi) [2021 Remix]","David Guetta;Kid Cudi",2021-01-08,162992,72,true,,2024-10-13T09:20:43Z,"edm","Parlophone (France)",0.709,0.783,5,-5.944,0,0.0551,0.108,0.000041,0.103,0.648,127.043,4
spotify:track:6Qn5zhYkTa37e91HC1D7lb,"Whatever It Takes","Evolve","Imagine Dragons",2017-06-23,201240,84,false,,2024-10-13T09:20:35Z,"","Kid Ina Korner / Interscope",0.672,0.655,10,-5.021,0,0.031,0.0362,0,0.117,0.555,134.948,4
spotify:track:2qPUnoasNe4Ep43emVXEig,"Billionaire (feat. Bruno Mars)","Lazarus","Travie McCoy;Bruno Mars",2010-06-07,211160,79,true,,2024-10-10T05:52:07Z,"","Decaydance/Fueled By Ramen",0.633,0.673,6,-6.403,0,0.258,0.297,0,0.206,0.659,86.776,4
spotify:track:7tNTW9aoi0qVC1z2qPJmQG,"Macarena","Just Dance (Original Creations & Covers from the Video Game)","The Girly Team",2020-06-26,165644,51,false,,2024-10-10T05:51:25Z,"","Ubisoft Music",0.777,0.823,1,-6.819,1,0.0473,0.149,0,0.0711,0.964,103.215,4
spotify:track:26EM9sZnQkLLQxixGd88KE,"I Am The Best","I Am The Best","2NE1",2014-12-09,208730,65,false,,2024-10-10T05:50:31Z,"k-pop","Capitol Records (CAP)",0.819,0.844,0,-3.739,1,0.038,0.00767,0.00834,0.056,0.687,127.997,4
spotify:track:6tGtFeIO3yYuVvNLAdHU0A,"Tell Me Why - 1991 Remix","Tell Me Why (1991 Remix)","Supermode;1991",2023-03-03,244224,62,false,,2024-10-10T05:35:25Z,"hypertechno,drum and bass,liquid funk","Axtone Records",0.464,0.932,10,-1.755,1,0.0552,0.00327,0.94,0.295,0.152,174.052,4
spotify:track:3bK1zVFBKIzYjmptmI4NsJ,"Overdrive (feat. Norma Jean Martine)","Overdrive (feat. Norma Jean Martine)","Ofenbach;Norma Jean Martine",2023-10-06,155905,78,false,,2024-10-10T05:25:37Z,"","Elektra France",0.611,0.757,6,-3.546,1,0.03,0.00257,0,0.058,0.279,126.963,4
spotify:track:5WQQIDU3HRaMyPkob8mpFb,"Where Have You Been","Talk That Talk","Rihanna",2011-11-18,242680,84,false,,2024-10-09T12:59:55Z,"","Def Jam Recordings",0.719,0.847,0,-6.34,0,0.0919,0.00201,0.0204,0.221,0.443,127.96,4
spotify:track:3hPlTosFqmAbiagWiUXXMz,"we r who we r (glitter on my eyes)","we r who we r (glitter on my eyes)","pk",2024-07-18,211073,57,false,,2024-10-09T12:59:20Z,"","RECORDS",0.697,0.639,8,-6.989,1,0.0344,0.00299,0.891,0.066,0.744,124.019,4
spotify:track:67Zv78PfCLmNPOOWW3k01Q,"Rather Be (Sped Up) - If You Gave Me a Chance I Would Take It","Rather Be (Sped Up) - If You Gave Me a Chance I Would Take It","Hiko",2022-04-15,190413,0,false,,2024-10-09T12:50:59Z,"","302 Records",0.737,0.653,11,-7.054,0,0.16,0.507,0.00119,0.102,0.449,144.577,4
spotify:track:7CGCrFGJVE4DjrC9IInrBC,"1-WSZY NOS","Tijara","Malik Montana",2018-05-25,151533,53,true,,2024-10-08T05:33:16Z,"","Epic/Malik Montana",0.677,0.555,11,-6.509,0,0.306,0.229,0,0.145,0.504,143.772,4
spotify:track:7aQViYYpIkpJwyCHPysCo4,"Na Szczycie","O.R.S.","Grubson",2009-01-01,244948,65,false,,2024-10-07T05:49:08Z,"","Max Flo Records",0.558,0.596,9,-8.865,1,0.419,0.101,0,0.0941,0.173,194.192,4
spotify:track:5LIV8pmvUQ968OuMAByBJE,"Otwieram wino (feat. Pezet)","Sidney Polak","Sidney Polak;Pezet",2004-04-01,238573,61,true,,2024-10-07T05:42:14Z,"disco polo","Parlophone Poland",0.721,0.737,8,-6.256,1,0.0416,0.208,0.00000235,0.0884,0.878,99.092,4
spotify:track:1iuWJYOPwu4d1fuQLXdO0Z,"NIE MA CIĘ","PRELUDIUM","Fukaj;charlie moncler;bambi",2023-07-21,167386,60,true,,2024-10-06T21:43:22Z,"","SBM Label",0.725,0.636,0,-7.179,1,0.162,0.178,0,0.414,0.458,118.975,4
spotify:track:6xliuHenrQknInpNoYXFdL,"Marihuana","Królowie życia","Gang Albanii",2016-03-01,180920,57,false,,2024-10-06T21:39:08Z,"disco polo","Step Records",0.779,0.842,5,-4.091,0,0.239,0.0815,0,0.0888,0.543,139.776,4
spotify:track:4eLzVwtpK5Qrkdzw0hTPUO,"narcyz","młody say10","Chivas",2022-09-22,143000,56,true,,2024-10-06T20:44:24Z,"","GUGU",0.803,0.67,1,-5.949,1,0.0673,0.378,0,0.37,0.92,104.954,4
spotify:track:6qk7g6I1U92X7WU9tFl25R,"Intercontinental bajers","#nowanormalnosc (Deluxe)","Solar;Białas",2016-11-25,236733,59,false,,2024-10-06T20:20:54Z,"","SBM Label",0.774,0.823,0,-7.796,0,0.248,0.067,0.00000103,0.367,0.829,129.963,4
spotify:track:7C1trmcQQ5n5RNy4l6ziCv,"Some Say - Felix Jaehn Remix","Some Say (Felix Jaehn Remix)","Nea;Felix Jaehn",2020-01-10,186878,65,false,,2024-10-06T17:25:08Z,"tropical house","Milkshake",0.682,0.7,6,-5.591,1,0.0397,0.406,0,0.174,0.637,120.03,4
spotify:track:6YutTqJz3jGfLMfzIHpSTf,"For Life (feat. Nile Rodgers)","KYGO","Kygo;Zak Abel;Nile Rodgers",2024-06-21,175803,64,false,,2024-10-06T16:21:18Z,"tropical house","Kygo/RCA Records",0.571,0.791,1,-5.935,1,0.0741,0.0494,0,0.0612,0.585,122.085,4
spotify:track:6NJdDUk34Wok4tnSw4vmey,"Been Bout It","Been Bout It","Lil Xan",2017-06-26,121705,31,true,,2024-10-06T12:44:57Z,"cloud rap","CIU Records",0.861,0.666,0,-9.482,0,0.29,0.207,0.00000129,0.603,0.494,142.063,4
spotify:track:4jvjzW7Hm0yK4LvvE0Paz9,"Falling Down - Bonus Track","Come Over When You're Sober, Pt. 2","Lil Peep;XXXTENTACION",2018-11-09,196400,85,true,,2024-10-06T12:23:10Z,"emo rap,cloud rap","Columbia",0.669,0.574,4,-6.442,0,0.0286,0.0175,0.00294,0.146,0.273,120.013,4
spotify:track:1pjvlYOMIg1NhGQbM6iwrY,"Light It Up","Peace Is The Mission : Extended","Major Lazer;Nyla;Fuse ODG",2015-11-27,166138,77,false,,2024-10-06T12:17:21Z,"moombahton,dancehall,azonto,afrobeats,hiplife","Third Pardee Records",0.747,0.877,9,-3.782,0,0.0664,0.0375,0.000833,0.233,0.752,107.991,4
spotify:track:2KklXplRtxMsBYo474Es0w,"Be Mine","Be Mine","Ofenbach",2016-11-25,161322,72,false,,2024-10-06T12:16:18Z,"","Elektra France",0.779,0.666,5,-7.361,1,0.0482,0.194,0.000556,0.0576,0.507,123.024,4
spotify:track:0SyxZC4wlqAwf20cHE6Xon,"Bulletproof","Bulletproof","La Roux;GAMPER & DADONI",2021-05-21,162213,72,false,,2024-10-06T11:42:55Z,"tropical house","Polydor Records",0.752,0.771,6,-5.95,1,0.0311,0.00341,0.0000173,0.0905,0.527,126.02,4
spotify:track:7MIhUdNJtaOnDmC5nBC1fb,"Deep Down (feat. Never Dull)","Deep Down (feat. Never Dull)","Alok;Ella Eyre;Kenny Dope;Never Dull",2022-06-17,165714,75,false,,2024-10-06T11:16:50Z,"brazylijski bass,muzyka elektroniczna,slap house,electro house,disco house,funky house,jazz house,nu disco,lofi house","Columbia/B1 Recordings",0.687,0.818,0,-4.221,1,0.0778,0.0112,0,0.248,0.886,125.952,4
spotify:track:6kWJvPfC4DgUpRsXKNa9z9,"All That She Wants","The Sign","Ace of Base",1993-12-24,211213,83,false,,2024-10-06T11:02:09Z,"eurodance,europop","Playground Music",0.798,0.625,11,-9.689,1,0.0548,0.00547,0.0000798,0.103,0.858,93.764,4
spotify:track:04zrPERrSO4CfyargthKJ9,"Bla Bla Bla","L'Amour Toujours","Gigi D'Agostino",1999,255546,74,false,,2024-10-06T10:59:34Z,"italo dance,eurodance","ZYX Music",0.821,0.833,3,-8.291,0,0.0821,0.0734,0.544,0.0739,0.961,132.975,4
spotify:track:7CvOnbFdnIoXMQ4eFCo5lB,"Around the World (La La La La La)","Planet Pop","A Touch Of Class;Pete Konemann",2000-11-06,214533,79,false,,2024-10-06T10:56:09Z,"europop,eurodance","Sony Music Catalog",0.617,0.977,9,-7.028,0,0.0276,0.153,0.0016,0.133,0.679,131.965,4
spotify:track:7F1lHcpnTycnimQrCxDFI5,"Hot","Hot","INNA",2010,217036,75,false,,2024-10-05T14:29:58Z,"europop","Roton Music",0.816,0.94,7,-6.079,0,0.28,0.0798,0.444,0.431,0.596,128,4
spotify:track:6Dy1jexKYriXAVG6evyUTJ,"OUT OUT (feat. Charli XCX & Saweetie)","OUT OUT (feat. Charli XCX & Saweetie)","Joel Corry;Jax Jones;Charli xcx;Saweetie",2021-08-13,162603,72,false,,2024-10-05T14:27:29Z,"dance pop,hyperpop,art pop","Atlantic Records UK",0.787,0.833,8,-4.403,1,0.0478,0.018,0.00747,0.0374,0.796,123.97,4
spotify:track:5pmL3RzOy3IvGFaSDi4hZL,"Hangover","TY.O (International Version)","Taio Cruz;Flo Rida",2011-01-01,244906,74,true,,2024-10-05T14:21:52Z,"","Universal-Island Records Ltd.",0.606,0.883,3,-3.243,1,0.0423,0.00872,0,0.0698,0.608,128.053,4
spotify:track:0Ult84lvFuqNvbyXwyRQ58,"I Miss You (feat. Julia Michaels)","What Is Love? (Deluxe Edition)","Clean Bandit;Julia Michaels",2018-11-30,205986,68,false,,2024-10-05T14:07:51Z,"","Atlantic Records UK",0.693,0.624,0,-7.482,0,0.0448,0.299,0.00000764,0.0955,0.369,105.002,4
spotify:track:0qaWEvPkts34WF68r8Dzx9,"Turn Me On (feat. Vula)","Turn Me On (feat. Vula)","Riton;Oliver Heldens;Vula",2019-09-13,208473,67,false,,2024-10-05T13:57:36Z,"house,future house,disco house","Ministry of Sound Recordings",0.737,0.828,11,-4.711,1,0.0396,0.0149,0.000588,0.0862,0.517,124.051,4
spotify:track:2dGxjfhFXDIUX9h5ImyKkE,"Sexy Bitch (feat. Akon)","One More Love","David Guetta;Akon",2010-11-22,195853,82,true,,2024-10-05T13:40:26Z,"edm","Parlophone (France)",0.813,0.627,11,-5.018,0,0.0486,0.0771,0.000616,0.131,0.801,130.011,4
spotify:track:1CcLA0eaauck34YEIrvAAq,"When We Were Young (The Logical Song)","When We Were Young (The Logical Song)","David Guetta;Kim Petras",2023-11-10,147432,72,false,,2024-10-05T13:25:57Z,"edm","Parlophone UK",0.657,0.914,0,-4.513,0,0.0523,0.0526,0.00000632,0.109,0.502,139.989,4
spotify:track:6ju5Ntn5pYksvkKxVkjEPK,"Never Going Home","Club Azur","Kungs",2022-03-18,169946,55,false,,2024-10-04T21:05:39Z,"","Universal Music Division Polydor France",0.839,0.842,0,-4.702,1,0.0391,0.0868,0.0897,0.0562,0.96,122.027,4
spotify:track:627JZ3dVd88Xc5IoHOeNT5,"Stop It","Oi Oi","FISHER",2017-11-10,163790,65,false,,2024-10-04T19:42:43Z,"tech house,house","DIRTYBIRD",0.859,0.824,8,-7.207,1,0.0512,0.0242,0.66,0.205,0.882,124.015,4
spotify:track:2prnn41CblB8B4yWACDljP,"Love Tonight (David Guetta Remix Edit)","Love Tonight (David Guetta Remix)","Shouse;David Guetta",2021-06-11,158095,77,false,,2024-10-04T12:46:55Z,"edm","Hell Beach",0.621,0.989,10,-4.225,0,0.0434,0.015,0.357,0.184,0.0348,126.002,4
spotify:track:5ZduaRci3iNUiDfJbBfAaf,"Give It To Me - Full Vocal Mix","Give It To Me (Full Vocal Mix)","Matt Sassari",2021-10-22,102860,74,false,,2024-10-04T12:16:14Z,"tech house","Cr2 Records",0.874,0.869,1,-5.996,0,0.0315,0.00116,0.00238,0.164,0.726,126.027,4
spotify:track:2P4OICZRVAQcYAV2JReRfj,"Waiting For Love","Stories","Avicii",2015-10-02,230613,84,false,,2024-10-03T11:13:35Z,"edm","Pophouse Entertainment Group",0.579,0.736,6,-3.863,0,0.0527,0.31,0,0.198,0.613,127.999,4
spotify:track:3c8iiZGfEammKJuWTErE5x,"Ain't Nobody (Loves Me Better) (feat. Jasmine Thompson)","I","Felix Jaehn;Jasmine Thompson",2018-02-16,186146,76,false,,2024-10-03T11:07:08Z,"tropical house","Intercord",0.78,0.568,2,-6.96,0,0.031,0.668,0.000168,0.0698,0.459,117.973,4
spotify:track:2rgtCOVK2tpfao2VjURn84,"Lovers on the Sun (feat. Sam Martin)","Listen","David Guetta;Sam Martin",2014-11-10,203520,75,false,,2024-10-03T10:44:06Z,"edm","Parlophone (France)",0.645,0.891,6,-2.505,0,0.0387,0.0932,0.00000388,0.379,0.568,124.915,4
spotify:track:2xmlpRPQUA3lR6HYaeYv7g,"One On One","One On One","The Knocks;SOFI TUKKER",2023-12-08,212252,53,false,,2024-10-03T10:41:42Z,"nu disco","SOFI TUKKER LLC",0.789,0.812,9,-3.013,0,0.0505,0.0259,0.00232,0.0705,0.69,125.055,4
spotify:track:02itaCXOdC54J0ISjqqFAp,"All Around The World (La La La)","All Around The World (La La La)","R3HAB;A Touch Of Class",2019-04-05,147840,72,false,,2024-10-03T08:58:37Z,"slap house,edm,europop,eurodance","Intercord",0.733,0.859,9,-5.03,0,0.033,0.479,0.0645,0.105,0.52,124.948,4
spotify:track:2bLqfJjuC5syrsgDsZfGmn,"The Way I Are","Shock Value","Timbaland;Keri Hilson;D.O.E.",2007-01-01,179120,87,false,,2024-10-02T19:58:01Z,"","Interscope/Blackground Records",0.729,0.807,6,-6.492,1,0.0936,0.181,0.75,0.319,0.765,114.742,4
spotify:track:4wqIXeDppYSMXaWsnTzpzT,"Say My Name","7: Anniversary Edition","David Guetta;Bebe Rexha;J Balvin",2018,198946,74,false,,2024-10-02T19:48:15Z,"edm,reggaeton,latynoskie rytmy","Parlophone UK",0.703,0.66,10,-5.119,0,0.123,0.137,0,0.192,0.79,95.033,4
spotify:track:2x4JC9TxW2LACuuxbsncfG,"Mockingbird","Mockingbird","Tiësto;Dimitri Vegas & Like Mike;Gabry Ponte",2024-05-03,154838,76,false,,2024-10-02T19:29:16Z,"edm,trance,big room,house,muzyka elektroniczna,italo dance,slap house","Musical Freedom",0.656,0.857,6,-5.473,0,0.103,0.065,0.0131,0.0814,0.395,155.011,4
spotify:track:3mfER4ORePHvN35cbZ3dkV,"Where Are You Now","All Stand Together","Lost Frequencies;Calum Scott",2023-11-10,149066,77,false,,2024-10-02T19:10:51Z,"tropical house,soft pop","Epic Amsterdam",0.762,0.632,6,-8.312,0,0.085,0.51,0.000205,0.18,0.282,121.031,4
spotify:track:4PdJSsESm34djLfBde9Pr2,"Would I Lie to You - Radio Edit","Would I Lie to You","David Guetta;Cedric Gervais;Chris Willis",2016-09-30,197647,66,false,,2024-10-02T18:32:27Z,"edm","Parlophone (France)",0.671,0.826,7,-5.766,0,0.309,0.00718,0,0.631,0.774,123.986,4
spotify:track:086THPnabbu1zfDjRsxpoN,"MONEY ON THE DASH - SPED UP","MONEY ON THE DASH","Elley Duhé;Whethan",2023-01-20,116465,45,false,,2024-10-02T17:42:31Z,"","Not Fit For Society/Good Luck Have Fun Records",0.777,0.816,2,-7.01,0,0.189,0.0324,0.0000794,0.138,0.516,150.09,4
spotify:track:0b18g3G5spr4ZCkz7Y6Q0Q,"Rasputin","Rasputin","Majestic;Boney M.",2021-02-26,186209,82,false,,2024-10-02T17:31:31Z,"disco","NITRON music",0.758,0.913,6,-2.926,0,0.113,0.00364,0.0000692,0.193,0.658,128.04,4
spotify:track:6sKxXqDGkKROr3Z3Na32nv,"Stereo Love (Radio Edit)","Stereo Love","Edward Maya;Vika Jigulina",2010-05-15,184015,60,false,,2024-10-02T17:26:27Z,"","Central Station Records",0.801,0.786,9,-3.781,1,0.0319,0.0446,0.0346,0.104,0.552,127.052,4
spotify:track:5CLOnb8tmD3JvxKesV3nBx,"Palenie Zabija","nauczyłem się przeklinać","Chivas",2021-05-21,145706,52,true,,2024-09-26T15:39:32Z,"","GUGU",0.66,0.761,4,-6.874,0,0.167,0.527,0.0000262,0.502,0.781,140.001,4
spotify:track:5bcTCxgc7xVfSaMV3RuVke,"Feels (feat. Pharrell Williams, Katy Perry & Big Sean)","Funk Wav Bounces Vol.1","Calvin Harris;Pharrell Williams;Katy Perry;Big Sean;Funk Wav",2017-06-30,223413,82,true,,2024-09-25T10:41:12Z,"edm,pop","Columbia",0.893,0.745,11,-3.105,0,0.0571,0.0642,0,0.0943,0.872,101.018,4
spotify:track:72gv4zhNvRVdQA0eOenCal,"Symphony (feat. Zara Larsson)","What Is Love? (Deluxe Edition)","Clean Bandit;Zara Larsson",2018-11-30,212733,84,false,,2024-09-24T19:33:03Z,"","Atlantic Records UK",0.715,0.605,0,-5.128,0,0.0428,0.239,0.0000141,0.189,0.454,122.956,4
spotify:track:2Wf0uMfCpwLO1B2Up3NbXH,"Don't Worry (feat. Ray Dalton)","Don't Worry (feat. Ray Dalton)","Madcon;Ray Dalton",2015-02-20,214789,58,false,,2024-09-24T17:58:16Z,"norweski hip-hop","Columbia",0.811,0.699,7,-5.211,1,0.114,0.0726,0.00000138,0.148,0.733,122.987,4
spotify:track:4B0JvthVoAAuygILe3n4Bs,"What Do You Mean?","Purpose (Deluxe)","Justin Bieber",2015-11-13,205680,89,false,,2024-09-24T17:18:50Z,"","RBMG/Def Jam",0.845,0.567,5,-8.118,0,0.0956,0.59,0.00142,0.0811,0.793,125.02,4
spotify:track:6FB3v4YcR57y4tXFcdxI1E,"I Knew You Were Trouble.","Red (Big Machine Radio Release Special)","Taylor Swift",2012-10-22,219720,79,false,,2024-09-24T14:01:39Z,"","Taylor Swift",0.622,0.469,3,-6.798,0,0.0363,0.00454,0.00000225,0.0335,0.679,77.019,4
spotify:track:5JLv62qFIS1DR3zGEcApRt,"Wide Awake","Teenage Dream: The Complete Confection","Katy Perry",2012-03-12,220946,79,false,,2024-09-24T13:16:14Z,"pop","Capitol Records",0.515,0.683,5,-5.099,1,0.0371,0.0749,0.00000264,0.392,0.572,159.878,4
spotify:track:0KKkJNfGyhkQ5aFogxQAPU,"That's What I Like","24K Magic","Bruno Mars",2016-11-18,206693,92,false,,2024-09-24T08:44:06Z,"","Atlantic Records",0.853,0.56,1,-4.961,1,0.0406,0.013,0,0.0944,0.86,134.066,4
spotify:track:4ByEFOBuLXpCqvO1kw8Wdm,"(I Just) Died In Your Arms","Broadcast","Cutting Crew",1986-01-01,280400,83,false,,2024-09-24T08:40:28Z,"","Ten Records",0.625,0.726,11,-11.402,0,0.0444,0.0158,0.000169,0.0625,0.507,124.945,4
spotify:track:6FZDfxM3a3UCqtzo5pxSLZ,"Without Me","Manic","Halsey",2020-01-17,201660,85,true,,2024-09-24T08:38:44Z,"","Capitol Records",0.752,0.488,6,-7.05,1,0.0705,0.293,0.0000092,0.0936,0.533,136.07,4
spotify:track:3NuK5xMlSlB6K2Qp16zf3h,"Solo (feat. Demi Lovato)","What Is Love? (Deluxe Edition)","Clean Bandit;Demi Lovato",2018-11-30,222706,77,false,,2024-09-24T08:33:50Z,"","Atlantic Records UK",0.74,0.622,11,-4.608,0,0.0446,0.0357,0.0000485,0.356,0.556,104.966,4
spotify:track:5AyL2kgLtTWEu3qO3B9SqK,"Like A G6","Free Wired","Far East Movement;The Cataracs;DEV",2010-01-01,216893,77,false,,2024-09-24T08:31:10Z,"","Interscope",0.355,0.838,7,-8.126,0,0.471,0.00682,0,0.117,0.783,165.457,5
spotify:track:3aw9iWUQ3VrPQltgwvN9Xu,"Family Affair","No More Drama","Mary J. Blige",2001-08-28,265866,84,false,,2024-09-24T08:26:45Z,"r&b","Geffen",0.911,0.551,8,-3.75,0,0.045,0.133,0.0000435,0.0863,0.969,92.887,4
spotify:track:7BKLCZ1jbUBVqRi2FVlTVw,"Closer","Closer","The Chainsmokers;Halsey",2016-07-29,244960,89,false,,2024-09-24T08:18:31Z,"","Disruptor Records/Columbia",0.748,0.524,8,-5.599,1,0.0338,0.414,0,0.111,0.661,95.01,4
spotify:track:6VObnIkLVruX4UVyxWhlqm,"Skyfall","Skyfall","Adele",2012-10-04,286081,86,false,,2024-09-24T08:17:39Z,"soft pop","XL Recordings/Columbia",0.346,0.552,0,-6.864,0,0.0282,0.417,0,0.114,0.0789,75.881,4
spotify:track:05SBRd4fXgn8FX7bf8BCAE,"I Need Your Love (feat. Ellie Goulding)","18 Months","Calvin Harris;Ellie Goulding",2012-10-29,234506,80,false,,2024-09-24T08:13:37Z,"edm","Columbia",0.695,0.869,8,-5.066,1,0.0483,0.41,0,0.237,0.58,124.989,4
spotify:track:3E7ZwUMJFqpsDOJzEkBrQ7,"Can't Get You out of My Head","Fever","Kylie Minogue",2002-11-19,230640,81,false,,2024-09-24T08:12:29Z,"dance pop","Parlophone UK",0.766,0.563,9,-7.516,0,0.0339,0.0263,0.683,0.115,0.964,126.007,4
spotify:track:63Tl9k1sH8tznn3bqoMuyF,"Waka Waka (This Time for Africa) - K-Mix","Sale el Sol","Shakira",2010-10-19,183946,69,false,,2024-09-24T08:07:48Z,"latynoski pop","Sony Music Latin/Epic",0.71,0.871,9,-5.037,1,0.0503,0.0116,0.000003,0.108,0.829,126.957,4
spotify:track:52Zr0sinhWTCRrQhRRY4EP,"Dragostea din tei","DiscO-Zone","O-Zone",2004-02-23,215386,73,false,,2024-09-24T08:06:55Z,"europop,eurodance","Cat Music",0.802,0.966,0,-3.933,1,0.0424,0.18,0,0.0611,0.684,130.099,4
spotify:track:2lnzGkdtDj5mtlcOW2yRtG,"Whenever, Wherever","Laundry Service","Shakira",2001-11-13,196160,79,false,,2024-09-24T08:03:53Z,"latynoski pop","Epic",0.794,0.832,1,-4.862,0,0.0407,0.237,0.0000114,0.203,0.871,107.657,4
spotify:track:6SKwQghsR8AISlxhcwyA9R,"Marry You","Doo-Wops & Hooligans","Bruno Mars",2010-05-11,230192,82,false,,2024-09-23T13:23:00Z,"","Elektra (NEK)",0.621,0.82,10,-4.865,1,0.0367,0.332,0,0.104,0.452,144.905,4
spotify:track:386RUes7n1uM1yfzgeUuwp,"The Lazy Song","Doo-Wops & Hooligans","Bruno Mars",2010-05-11,189109,82,false,,2024-09-23T13:11:55Z,"","Elektra (NEK)",0.794,0.711,8,-5.124,0,0.0699,0.3,0,0.0955,0.955,174.915,4
spotify:track:3s4U7OHV7gnj42VV72eSZ6,"Rather Be (feat. Jess Glynne)","Rather Be (feat. Jess Glynne)","Clean Bandit;Jess Glynne",2014-01-17,227833,76,false,,2024-09-23T12:13:28Z,"","Atlantic Records",0.799,0.586,11,-6.735,1,0.0377,0.162,0.00000203,0.193,0.549,120.97,4
spotify:track:1x6whiWHJmvHM8jeloliXq,"Chodź","Szprycer","Taco Hemingway",2017-08-25,208653,57,true,,2024-09-23T10:19:40Z,"","Taco Corp",0.85,0.545,9,-7.535,1,0.263,0.432,0,0.191,0.498,139.981,4
spotify:track:0MTTFee7cTSd46njlPKBZe,"Przester","PG$","Young Leosia;bambi;PG$;francis",2024-03-07,183748,60,true,,2024-09-22T15:19:45Z,"","BE Records",0.738,0.68,10,-6.186,0,0.195,0.0956,0.0000785,0.288,0.592,116.989,4
spotify:track:6CjtS2JZH9RkDz5UVInsa9,"Thrift Shop (feat. Wanz)","The Heist","Macklemore & Ryan Lewis;Macklemore;Ryan Lewis;Wanz",2012-10-09,235613,81,true,,2024-09-22T15:15:03Z,"g-funk,west coast hip-hop","Macklemore",0.781,0.526,6,-6.986,0,0.293,0.0633,0,0.0457,0.665,94.993,4
spotify:track:6BjG4NirMgJfC6QAvbfBNG,"Substitution (feat. Julian Perretta)","Paradise","Purple Disco Machine;Kungs;Julian Perretta",2024-09-20,181477,68,false,,2024-09-22T15:14:50Z,"disco house,nu disco,funky house,house","Columbia Local",0.69,0.89,0,-4.866,0,0.0507,0.00903,0.0000161,0.188,0.713,124.018,4
spotify:track:0VjIjW4GlUZAMYd2vXMi3b,"Blinding Lights","After Hours","The Weeknd",2020-03-20,200040,90,false,,2024-09-22T15:14:34Z,"","Republic Records",0.513,0.73,1,-5.94,1,0.0598,0.00143,0.0000954,0.0897,0.334,171.001,4
spotify:track:5jsw9uXEGuKyJzs0boZ1bT,"Stitches","Handwritten","Shawn Mendes",2015-04-14,206880,86,false,,2024-09-22T15:14:13Z,"","Island Records",0.752,0.754,1,-6.684,1,0.0615,0.0151,0,0.0486,0.755,149.789,4
spotify:track:5YPMEOJ58kfl56VHxTgwx3,"Play Hard (feat. Ne-Yo & Akon)","Nothing but the Beat (Ultimate Edition)","David Guetta;Ne-Yo;Akon",2012-12-07,201000,80,false,,2024-09-22T15:14:00Z,"edm","Parlophone (France)",0.691,0.921,8,-1.702,0,0.0533,0.173,0,0.331,0.8,130.072,4
spotify:track:5496lks6V3fh1mZAB6IAap,"Alibi (with Pabllo Vittar & Yseult)","Alibi (with Pabllo Vittar & Yseult)","Sevdaliza;Pabllo Vittar;Yseult",2024-06-28,161655,75,false,,2024-09-22T15:12:03Z,"brazylijski pop,funk pop,tecnobrega,francuskie r&b","Twisted Elegance",0.741,0.754,11,-5.412,0,0.0327,0.00526,0.00000821,0.125,0.717,126.98,4
spotify:track:3u5N55tHf7hXATSQrjBh2q,"Freed From Desire","Come Into My Life (The Album)","Gala;Molella;Phil Jay",1997-11-17,213394,80,false,,2024-09-21T07:18:49Z,"eurodance,italo dance","Do It Yourself",0.704,0.861,2,-4.221,0,0.0493,0.587,0.0615,0.0992,0.636,128.99,4
spotify:track:4bZd0nRuX8HyjeXAUBczvm,"I Cry","Wild Ones","Flo Rida",2012-06-22,223800,76,false,,2024-09-20T18:25:24Z,"","Poe Boy/Atlantic",0.693,0.822,4,-5.441,0,0.0439,0.00616,0.00000179,0.315,0.763,126.035,4
spotify:track:5bTRw958W3Gf95RwXgJ2ql,"Policeman (feat. Jambojet, USPM)","Rewolucje","Jamal;Jambojet;USPM",2005-06-03,248840,63,false,,2024-09-20T18:12:47Z,"disco polo","Parlophone Poland",0.865,0.647,5,-4.494,0,0.0709,0.0118,0,0.0766,0.647,97.984,4
spotify:track:0FZ4Dmg8jJJAPJnvBIzD9z,"ZEZE (feat. Travis Scott & Offset)","Dying to Live","Kodak Black;Offset;Travis Scott",2018-12-14,228759,80,true,,2024-09-20T08:51:35Z,"rap","Atlantic Records",0.861,0.603,8,-5.788,0,0.176,0.0521,0,0.0924,0.504,98.043,4
spotify:track:62zFEHfAYl5kdHYOivj4BC,"International Love (feat. Chris Brown)","Planet Pit (Deluxe Version)","Pitbull;Chris Brown",2011-06-17,227280,84,false,,2024-09-19T08:38:30Z,"r&b","Mr.305/Polo Grounds Music/J Records",0.67,0.855,0,-3.035,0,0.0499,0.0124,0,0.335,0.648,120.05,4
spotify:track:3LWDPEXEaLBRGNLbdcbwBR,"Mr. Saxobeat - Radio Edit","Saxobeats","Alexandra Stan",2011-11-16,195105,80,false,,2024-09-19T08:37:45Z,"europop","Universal Music Romania Distributed Labels",0.726,0.931,11,-4.152,0,0.0468,0.0218,0.000283,0.143,0.797,126.976,4
spotify:track:24XihnoVPWXlKJ4BgXqjVM,"It's ok I'm ok","It's ok I'm ok","Tate McRae",2024-09-12,156521,72,true,,2024-09-19T08:36:29Z,"","RCA Records Label",0.754,0.514,1,-7.721,0,0.0471,0.0257,0.0000398,0.0808,0.363,114.997,4
spotify:track:2ZqTbIID9vFPTXaGyzbb4q,"Neva Play (feat. RM of BTS)","Neva Play (feat. RM of BTS)","Megan Thee Stallion;RM",2024-09-06,157173,69,true,,2024-09-19T08:35:57Z,"k-pop,k-rap","Hot Girl Productions",0.826,0.756,2,-4.984,1,0.256,0.0203,0,0.0915,0.794,160.01,4
spotify:track:7tI8dRuH2Yc6RuoTjxo4dU,"Who","MUSE","Jimin",2024-07-19,170887,86,false,,2024-09-19T08:34:23Z,"k-pop","BIGHIT MUSIC",0.66,0.756,0,-3.743,0,0.032,0.00289,0,0.193,0.838,116.034,4
spotify:track:5ZKnajvQQbMJeUhqilzi5T,"Man In Finance (with David Guetta)","Man In Finance (with David Guetta)","David Guetta;Girl On Couch;Billen Ted",2024-06-07,113595,61,false,,2024-09-18T09:51:22Z,"edm","Intercord",0.669,0.958,2,-3.979,1,0.0476,0.0265,0.00278,0.0714,0.609,126.028,4
spotify:track:4BXqOq0qq4EXI9fBpAdin3,"Poki Na To Czas","No Stress","De Mono",2010-09-20,193933,0,false,,2024-09-18T09:42:09Z,"","Sony Music Entertainment",0.682,0.865,9,-4.668,0,0.0285,0.0271,0,0.283,0.958,107.996,4
spotify:track:6YwLgicpvVuMt1eE2OldwQ,"Five More Hours","Five More Hours","Deorro;Chris Brown",2015-03-03,211975,69,false,,2024-09-18T09:40:52Z,"melbourne bounce,electro house,r&b","Ultra Records, LLC",0.699,0.883,5,-3.226,0,0.219,0.0288,0,0.817,0.499,127.961,4
spotify:track:4VEf3UQcYsNka5kbZSoF0A,"Intercontinental bajers","#nowanormalnosc (Deluxe)","Solar;Białas",2016-11-25,236733,0,false,,2024-09-18T09:31:13Z,"","SBM Label",0.774,0.823,0,-7.796,0,0.247,0.0665,0.00000105,0.367,0.83,129.963,4
spotify:track:1xHbeaBnk5tV1BEInmVKlw,"Erotyczne Pif-Paf","Erotyczne Pif-Paf","Figo i Samogony",2022-08-11,175582,53,false,,2024-09-18T09:30:32Z,"disco polo","Sony Music Entertainment",0.779,0.78,11,-5.677,0,0.0639,0.0771,0.00842,0.474,0.803,140.041,4
spotify:track:142yjgxYc26ON55Zx2M339,"Mój jest ten kawałek podłogi","Polskie single '85","Mr. Zoob",2011-06-10,243240,57,false,,2024-09-18T09:30:20Z,"disco polo","MTJ",0.634,0.676,0,-7.395,0,0.0466,0.00583,0.000538,0.226,0.727,144.092,4
spotify:track:6esBajH4pfY0i61Vr53QWR,"On Me","On Me","MODELKI;Vłodarski",2023-12-07,128000,61,false,,2024-09-17T10:49:55Z,"disco polo","Universal Music Polska Sp. z o.o.",0.818,0.607,9,-9.827,0,0.186,0.389,0.00000237,0.099,0.824,150.004,4
spotify:track:4Y7XAxTANhu3lmnLAzhWJW,"Fireball (feat. John Ryan)","Globalization","Pitbull;John Ryan",2014-11-24,236253,84,false,,2024-09-17T10:49:53Z,"","Mr.305/Polo Grounds Music/RCA Records",0.761,0.933,10,-5.38,1,0.056,0.0908,0.0000853,0.0607,0.836,122.959,4
spotify:track:4sCSUQnWQ6HJsOMjfPicdn,"Danza Kuduro","Fast Five (Original Motion Picture Soundtrack)","Don Omar;Lucenzo",2011-01-01,198386,8,false,,2024-09-17T09:52:47Z,"reggaeton,urbano latino,kuduro","ABKCO Music & Records, Inc.",0.701,0.896,0,-6.459,1,0.0814,0.0866,0,0.0572,0.896,130.067,4
spotify:track:629DixmZGHc7ILtEntuiWE,"LUNCH","HIT ME HARD AND SOFT","Billie Eilish",2024-05-17,179586,82,false,,2024-09-17T07:36:35Z,"","Darkroom/Interscope Records",0.893,0.4,11,-7.981,0,0.0643,0.0452,0.0823,0.0632,0.945,124.987,4
spotify:track:62pSYErgGri97X9aIyBzHm,"Got 2 Luv U (feat. Alexis Jordan)","Tomahawk Technique","Sean Paul;Alexis Jordan",2012-01-24,204626,76,false,,2024-09-17T07:20:21Z,"dancehall","VP Records",0.605,0.793,7,-3.084,0,0.297,0.0825,0,0.124,0.647,184.032,4
spotify:track:3rapfWJHWhCzV1773Wya1u,"Who Are You?","Who Are You?","Lil Xan;Oohdem Beatz",2016-10-21,203701,38,true,,2024-09-16T13:54:26Z,"cloud rap","Independent",0.834,0.748,4,-2.655,1,0.0476,0.263,0,0.121,0.824,132.071,4
spotify:track:3n4t3DSl79vDJ2eZZcRmwF,"Dele","Szprycer","Taco Hemingway;Rumak",2017-08-25,207960,49,true,,2024-09-16T09:29:05Z,"","Taco Corp",0.839,0.454,0,-9.736,1,0.236,0.458,0,0.167,0.471,93.978,4
spotify:track:7hDVYcQq6MxkdJGweuCtl9,"ocean eyes","dont smile at me","Billie Eilish",2017-12-22,200379,81,false,,2024-09-16T09:16:58Z,"","Darkroom",0.511,0.363,4,-7.65,0,0.041,0.816,0.0317,0.084,0.169,144.892,4
spotify:track:7pqgMEKsDMOHUdFQ7n0N9K,"Dangerous (feat. Sam Martin)","Listen","David Guetta;Sam Martin",2014-11-10,203641,73,false,,2024-09-16T08:49:00Z,"edm","Parlophone (France)",0.466,0.747,4,-4.838,0,0.0795,0.417,0.00000976,0.107,0.43,92.161,4
spotify:track:3ejfcz0QPyV717Vd3ta04V,"My Way","96 Months","Calvin Harris",2024-08-08,219159,79,false,,2024-09-16T06:40:12Z,"edm","Columbia",0.818,0.913,4,-3.06,0,0.0426,0.093,0.0000369,0.161,0.536,119.986,4
spotify:track:6r1ygpKNXg7deq18rzyM7F,"Teenage Dream","Teenage Dream","Katy Perry",2010-01-01,227741,75,false,,2024-09-16T06:40:06Z,"pop","Capitol Records",0.719,0.798,10,-4.582,1,0.0361,0.0162,0.00000234,0.134,0.591,120.012,4
spotify:track:2qwRUeQhsZwZaLKceoflwh,"Miracle (with Ellie Goulding)","96 Months","Calvin Harris;Ellie Goulding",2024-08-08,186496,60,false,,2024-09-16T06:39:45Z,"edm","Columbia",0.636,0.869,9,-5.289,1,0.0412,0.0378,0.0446,0.0808,0.306,143.011,4
spotify:track:3pv7Q5v2dpdefwdWIvE7yH,"Shake It Off (Taylor's Version)","1989 (Taylor's Version)","Taylor Swift",2023-10-26,219209,70,false,,2024-09-06T09:09:42Z,"","Taylor Swift",0.632,0.805,7,-5.707,1,0.069,0.0112,0.0000251,0.156,0.903,160.052,4
spotify:track:3AeicLnm55RqcXGBKYQolM,"King","Communion (Deluxe)","Olly Alexander (Years & Years)",2015-07-10,215360,77,false,,2024-09-06T08:48:52Z,"","Polydor Records",0.56,0.857,4,-4.145,0,0.0384,0.0594,0,0.381,0.432,119.975,4
spotify:track:2Tk5B1h58lJRsrivGg1jaE,"Vamos a la Playa","Stars","Loona",2020-10-11,179960,68,false,,2024-09-03T07:53:49Z,"","Loonalicious",0.698,0.963,9,-4.514,1,0.0496,0.106,0,0.419,0.847,131.023,4
spotify:track:3GpbwCm3YxiWDvy29Uo3vP,"Right Round","R.O.O.T.S. (Route of Overcoming the Struggle)","Flo Rida;Kesha",2009-03-23,204640,85,false,,2024-09-03T07:26:46Z,"","Poe Boy/Atlantic",0.72,0.672,7,-6.852,1,0.0551,0.009,0,0.232,0.705,124.986,4
spotify:track:7mpdNiaQvygj2rHoxkzMfa,"Bite Me","DARK BLOOD","ENHYPEN",2023-05-22,157531,80,false,,2024-09-03T07:23:13Z,"k-pop","BELIFT LAB",0.795,0.781,1,-4.647,1,0.141,0.285,0,0.108,0.687,104.972,4
spotify:track:26rdOwwjC2UnweK3xeS58u,"GDFR (feat. Sage the Gemini & Lookas)","My House","Flo Rida;Sage The Gemini;Lookas",2015-04-07,190185,76,false,,2024-09-03T07:14:51Z,"hyphy,edm trap,future bass,dubstep","Poe Boy/Atlantic",0.657,0.827,5,-4.036,1,0.0734,0.000704,0.00534,0.065,0.69,145.889,4
spotify:track:4Dl1LicPX74rLvtto2FmEF,"Tamagotchi - Remix","0,25 mg","TACONAFIDE;Quebonafide;Taco Hemingway;Dawid Podsiadło",2018-04-23,202920,59,false,,2024-09-03T07:13:46Z,"","Szcześniak / Grabowski",0.745,0.681,2,-6.994,1,0.149,0.505,0,0.192,0.398,112.031,4
spotify:track:0DXi34kEIXj6YPxrEfsFa7,"Urke","4","Wilki",2003,204000,59,false,,2024-09-03T07:11:14Z,"disco polo","Parlophone Poland",0.495,0.856,1,-4.332,0,0.032,0.00586,0,0.285,0.388,128.042,4
spotify:track:6cpk00i5TxCqSeqNi2HuIe,"One More Night","Overexposed Track By Track","Maroon 5",2012-01-01,219546,82,false,,2024-09-02T08:43:56Z,"pop","Interscope Records*",0.716,0.821,5,-3.435,0,0.0314,0.0558,0,0.0844,0.618,92.997,4
spotify:track:3bK70K3YQZA4K7m5VgAYAD,"WEJDĘ WYJDĘ","WEJDĘ WYJDĘ","Skolim;Hellfield;CrackHouse;Divix",2024-06-20,124175,44,false,,2024-09-02T08:29:44Z,"disco polo","Skolim",0.864,0.713,2,-6.91,0,0.133,0.277,0,0.118,0.554,96.967,4
spotify:track:455AfCsOhhLPRc68sE01D8,"Last Friday Night (T.G.I.F.)","Teenage Dream: The Complete Confection","Katy Perry",2012-03-12,230746,77,false,,2024-09-02T08:16:19Z,"pop","Capitol Records",0.649,0.814,3,-3.796,0,0.0416,0.00125,0.0000429,0.671,0.764,126.031,4
spotify:track:1oHNvJVbFkexQc0BpQp7Y4,"Starships","Pink Friday ... Roman Reloaded","Nicki Minaj",2011-01-01,210626,77,true,,2024-09-02T08:15:52Z,"","Nicki Minaj/Cash Money",0.747,0.716,11,-2.457,0,0.0751,0.135,0,0.251,0.751,125.006,4
spotify:track:2Xf4RoFpi7n06ppsGKbxiq,"Stereo Love - Edit","Stereo Love","Edward Maya;Vika Jigulina",2009-07-06,184015,73,false,,2024-09-02T08:13:02Z,"","2009 Cat Music",0.801,0.786,9,-3.781,1,0.0322,0.0439,0.0346,0.104,0.549,127.061,4
spotify:track:2IUtP8bP0mtvctIcwTMrXv,"TEMPERATURA","TEMPERATURA","Skolim",2023-05-24,187637,57,false,,2024-09-02T07:51:09Z,"disco polo","Skolim",0.728,0.817,11,-4.111,0,0.0303,0.293,0,0.179,0.725,104.023,4
spotify:track:4zy1s9GnxWsNzZp1688euA,"Addicted to You","Sale el Sol","Shakira",2010-10-19,147480,80,false,,2024-09-02T07:36:25Z,"latynoski pop","Sony Music Latin/Epic",0.891,0.809,0,-5.753,1,0.0756,0.0407,0.136,0.0743,0.967,126.023,4
spotify:track:45pmh0kZvulXSgg4uJGB1X,"Jak zapomnieć","Wideoteka","Jeden Osiem L",2003-01-01,209040,60,false,,2024-09-02T07:18:45Z,"disco polo","MyMusic",0.722,0.593,9,-6.388,1,0.236,0.48,0.00000671,0.147,0.393,84.93,4
spotify:track:3xxjYOFR1y7By2wNDS51XV,"Solo","Solo","BLANKA",2022-09-23,154710,55,false,,2024-09-02T07:16:00Z,"","WM Poland/WMI",0.904,0.642,11,-6.721,0,0.0401,0.179,0,0.122,0.723,98.945,4
spotify:track:4UbA2qcrdGe1IVyMq5vACM,"Za każdym razem","Na Krawędzi","Jula",2012-01-01,220426,56,false,,2024-09-02T07:01:58Z,"disco polo","MyMusic",0.616,0.774,11,-3.122,0,0.0235,0.0239,0,0.33,0.702,94.017,4
spotify:track:30VrBsh1STRBoIrhQOAwzK,"Disturbia","Good Girl Gone Bad: Reloaded","Rihanna",2007-03-31,238573,71,false,,2024-08-22T06:41:31Z,"","Def Jam Recordings",0.703,0.814,11,-4.517,0,0.0573,0.0885,0,0.219,0.717,124.903,4
spotify:track:0OA00aPt3BV10qeMIs3meW,"Big Dawgs","Big Dawgs","Hanumankind;Kalmi",2024-07-09,190666,77,true,,2024-08-12T07:54:43Z,"malajalam hip-hop,desi hip-hop","Universal Music India Pvt Ltd.",0.464,0.745,4,-3.202,0,0.161,0.0235,0,0.363,0.262,180.098,4
spotify:track:3WOhcATHxK2SLNeP5W3v1v,"Guess featuring billie eilish","Guess featuring billie eilish","Charli xcx;Billie Eilish",2024-08-01,143330,75,false,,2024-08-11T09:13:47Z,"hyperpop,art pop","Atlantic Records",0.776,0.667,7,-6.622,1,0.0983,0.0146,0.3,0.0761,0.618,130.019,4
spotify:track:7221xIgOnuakPdLqT0F3nP,"I Had Some Help (Feat. Morgan Wallen)","I Had Some Help","Post Malone;Morgan Wallen",2024-05-10,178205,82,true,,2024-08-01T09:19:10Z,"country","Mercury Records/Republic Records",0.638,0.855,7,-4.86,1,0.0264,0.00757,0,0.245,0.731,127.986,4
spotify:track:5iQbpxi3Oquf2ELA6vIFur,"5 milionów influencerek","5 milionów influencerek","Chivas",2024-07-09,169600,46,false,,2024-07-31T15:52:37Z,"","Chivas, under exclusive license to Def Jam Recordings Poland",0.544,0.664,7,-8.565,1,0.0352,0.403,0,0.0969,0.656,149.927,4
spotify:track:2ENexcMEMsYk0rVJigVD3i,"Only Girl (In The World)","Loud","Rihanna",2010-01-01,235493,89,false,,2024-07-31T09:43:21Z,"","Def Jam Recordings",0.789,0.706,11,-4.233,0,0.0429,0.112,0.0000171,0.0586,0.638,125.918,4
spotify:track:7KXjTSCq5nL1LoYtL7XAwS,"HUMBLE.","DAMN.","Kendrick Lamar",2017-04-14,177000,85,true,,2024-07-31T09:35:33Z,"hip-hop,west coast hip-hop","Aftermath",0.908,0.621,1,-6.638,0,0.102,0.000282,0.0000539,0.0958,0.421,150.011,4
spotify:track:6Vzl09EVLdB1MTZdDwm2Zd,"Makarena Freestyle","1-800-OŚWIECENIE","Taco Hemingway;Rumak",2023-09-21,208939,51,false,,2024-07-28T19:34:03Z,"","2020",0.761,0.794,8,-7.104,1,0.25,0.079,0,0.0636,0.797,76.999,4
spotify:track:13mgRmDwkyfsgG78YyEDLc,"Death note","Deathcore","Chivas",2024-01-25,162000,55,true,,2024-07-28T14:19:02Z,"","GUGU",0.5,0.655,11,-5.508,0,0.0487,0.141,0,0.366,0.723,160.158,4
spotify:track:4Na2HfNSr58chvfX69fy36,"one of wun","One of Wun","Gunna",2024-05-10,144000,81,true,,2024-07-24T16:22:13Z,"melodyjny rap","300 Entertainment",0.915,0.453,10,-4.589,0,0.27,0.0872,0.000163,0.104,0.287,139.943,4
spotify:track:59tskctgqUmjCWAwhzYAFm,"Looking at Me","Singular Act II","Sabrina Carpenter",2019-07-19,181120,76,false,,2024-07-24T10:49:17Z,"pop","Hollywood Records",0.681,0.798,2,-4.367,1,0.0375,0.00398,0.00000511,0.0542,0.516,105.99,4
spotify:track:0roOLcll6SSTYZwsQFmXqP,"Let Me Move You - From the Netflix film ""Work It""","Let Me Move You (From the Netflix film Work It)","Sabrina Carpenter",2020-07-24,147070,55,false,,2024-07-22T22:59:04Z,"pop","Hollywood Records",0.624,0.628,4,-6.582,0,0.0408,0.0112,0.0191,0.0814,0.772,114.556,4
spotify:track:0qi4b1l0eT3jpzeNHeFXDT,"Just Can't Get Enough","Speak and Spell (Deluxe)","Depeche Mode",1981-11-02,220893,76,false,,2024-07-17T14:00:38Z,"nowa fala,synthpop,darkwave","Venusnote Ltd.",0.766,0.772,0,-9.362,1,0.0353,0.403,0.0584,0.183,0.919,128.168,4
spotify:track:0B5kY9i9bmP7554oU4jRoO,"Funkytown - Single Version","'80s Pop #1's","Lipps Inc.",2007-01-01,245413,56,false,,2024-07-17T13:36:26Z,"disco","Universal Music Group International",0.906,0.564,0,-9.29,1,0.0568,0.000928,0.65,0.108,0.229,122.632,4
spotify:track:42VsgItocQwOQC3XWZ8JNA,"FE!N (feat. Playboi Carti)","UTOPIA","Travis Scott;Playboi Carti",2023-07-28,191700,85,true,,2024-07-16T08:51:05Z,"rap,rage rap","Cactus Jack/Epic",0.569,0.882,3,-2.777,0,0.06,0.0316,0,0.142,0.201,148.038,4
spotify:track:7BqHUALzNBTanL6OvsqmC1,"Happier","Happier","Marshmello;Bastille",2018-08-17,214289,84,false,,2024-07-16T08:41:48Z,"edm","Joytime Collective",0.687,0.792,5,-2.749,1,0.0452,0.191,0,0.167,0.671,100.011,4
spotify:track:3IhM5Mber8KA0NaRNpK2px,"Lay Low","DRIVE","Tiësto",2023-04-21,153442,73,false,,2024-07-15T09:14:59Z,"edm,trance,big room,house","Atlantic Records",0.554,0.884,1,-4.424,0,0.212,0.065,0.0000774,0.342,0.418,121.895,4
spotify:track:2bJvI42r8EF3wxjOuDav4r,"Time of Our Lives","Globalization","Pitbull;Ne-Yo",2014-11-24,229358,87,true,,2024-07-09T11:33:29Z,"","Mr.305/Polo Grounds Music/RCA Records",0.721,0.802,1,-5.797,1,0.0583,0.0921,0,0.694,0.724,124.022,4
spotify:track:0Jx11S6rS6x7h8IdvGNUtZ,"Cool Me Down","Cool Me Down","Margaret",2016-02-19,179211,42,false,,2024-07-09T08:23:19Z,"","Magic Records",0.582,0.637,2,-6.821,0,0.0602,0.00472,0.000117,0.109,0.449,91.071,4
spotify:track:6qRA84oyd0yKDnTHbOkSlZ,"Miłego lata","Miłego lata","Margaret",2024-04-11,162484,41,false,,2024-07-08T11:07:37Z,"","Sony Music Entertainment",0.632,0.923,0,-5.518,0,0.056,0.0189,0.0000271,0.117,0.833,160.912,4
spotify:track:3Kr7UHOUkgaH4PK3Mp1fUP,"Ready For Your Love","Ready For Your Love","Felix Jaehn;Sophie Ellis-Bextor",2024-07-05,159055,50,false,,2024-07-06T20:05:04Z,"tropical house","Intercord",0.729,0.724,2,-5.779,1,0.0986,0.0123,0.0305,0.187,0.357,128.027,4
spotify:track:21KShmFSfzVOaYAJmMLbHG,"I'm The Drama","I'm The Drama","Bebe Rexha",2024-06-28,156255,49,false,,2024-07-06T11:15:27Z,"","Warner Records",0.673,0.855,10,-5.797,0,0.0765,0.082,0,0.251,0.173,124.99,4
spotify:track:331l3xABO0HMr1Kkyh2LZq,"I Don't Wanna Wait","I Don't Wanna Wait","David Guetta;OneRepublic",2024-04-05,149667,82,false,,2024-07-06T10:39:28Z,"edm,soft pop","Parlophone UK",0.681,0.714,1,-4.617,0,0.0309,0.0375,0,0.232,0.554,129.976,4
spotify:track:3NxWJWftvkstyxvb1pZlFo,"Teeth","CALM","5 Seconds of Summer",2020-03-27,205502,83,false,,2024-06-30T21:44:56Z,"","5 Seconds Of Summer/Interscope",0.745,0.454,3,-2.986,0,0.0392,0.0437,0.00000347,0.0741,0.43,139.007,4
spotify:track:3BKD1PwArikchz2Zrlp1qi,"Baby Don't Hurt Me","Baby Don't Hurt Me","David Guetta;Anne-Marie;Coi Leray",2023-04-06,140017,79,false,,2024-06-30T20:09:11Z,"edm","Parlophone UK",0.602,0.91,7,-3.404,1,0.0308,0.00126,0.000174,0.12,0.228,127.944,4
spotify:track:40YcuQysJ0KlGQTeGUosTC,"Me, Myself & I","When It's Dark Out","G-Eazy;Bebe Rexha",2015-12-04,251465,82,true,,2024-06-30T19:41:30Z,"","BPG/RVG/RCA Records",0.756,0.674,0,-6.518,0,0.0959,0.0184,0,0.158,0.389,111.995,4
spotify:track:0VamN8Lvk5ZvXqqGzNxomi,"Center Fold","Center Fold","Lil Xan;Julian Dova;Oohdem Beatz",2016-10-21,167628,20,true,,2024-06-30T19:26:05Z,"cloud rap","Lil Xan, Julian Dova & OOHDEM BEATZ",0.739,0.573,8,-7.813,1,0.089,0.0347,0.000998,0.112,0.422,143.935,4
spotify:track:4E63weMCaNZuGPEFMnuEi8,"exes","THINK LATER","Tate McRae",2023-12-08,159400,82,true,,2024-06-30T19:12:42Z,"","RCA Records Label",0.821,0.575,5,-6.57,0,0.0589,0.173,0.000242,0.114,0.611,136.962,4
spotify:track:3qhlB30KknSejmIvZZLjOD,"End of Beginning","DECIDE","Djo",2022-09-16,159245,97,false,,2024-06-16T15:47:33Z,"","Djo",0.689,0.454,2,-7.643,1,0.0584,0.0351,0.00259,0.0707,0.912,159.982,4
spotify:track:7CyPwkp0oE8Ro9Dd5CUDjW,"One Of The Girls (with JENNIE, Lily Rose Depp)","The Idol Episode 4 (Music from the HBO Original Series)","The Weeknd;JENNIE;Lily-Rose Depp",2023-06-23,244684,92,false,,2024-06-16T15:39:09Z,"k-pop","XO / Republic Records",0.264,0.64,8,-6.221,1,0.0442,0.0393,0.00000231,0.151,0.19,84.828,4
spotify:track:6XjDF6nds4DE2BBbagZol6,"Gata Only","Gata Only","FloyyMenor;Cris MJ",2024-02-02,222000,85,true,,2024-06-16T15:24:23Z,"reggaeton chileno,chilijski trap,chilijskie mambo,reggaeton","FloyyMenor under exclusive license to UnitedMasters LLC",0.791,0.499,8,-8.472,0,0.0509,0.446,0.0000241,0.0899,0.669,99.986,4
spotify:track:2OzhQlSqBEmt7hmkYxfT6m,"Fortnight (feat. Post Malone)","THE TORTURED POETS DEPARTMENT","Taylor Swift;Post Malone",2024-04-18,228965,83,false,,2024-06-16T15:20:39Z,"","Taylor Swift",0.504,0.386,11,-10.976,1,0.0308,0.502,0.0000153,0.0961,0.281,192.004,4
spotify:track:4ZJ4vzLQekI0WntDbanNC7,"Pink Skies","Pink Skies","Zach Bryan",2024-05-24,194920,86,false,,2024-06-16T15:06:33Z,"country,red dirt","Warner Records",0.525,0.488,0,-6.909,1,0.038,0.191,0.0000514,0.135,0.253,84.999,4
spotify:track:4keoy2fqgwGnbWlm3ZVZFa,"Happy Now","Happy Now","Zedd;Elley Duhé",2018-07-18,207029,67,false,,2024-06-15T20:51:34Z,"edm","UMGRI Interscope",0.503,0.741,4,-5.128,1,0.047,0.579,0.00000149,0.0712,0.458,88.335,3
spotify:track:6NjWCIYu1W8xa3HIvcIhd4,"Nasty","Nasty","Tinashe",2024-04-12,176027,67,false,,2024-06-14T18:34:18Z,"alternatywne r&b","Tinashe Music Inc., under exclusive license to Nice Life Recording Company",0.931,0.411,8,-8.433,1,0.0711,0.165,0.00000526,0.134,0.515,100.002,4
spotify:track:52eIcoLUM25zbQupAZYoFh,"redrum","american dream","21 Savage",2024-01-12,270697,80,true,,2024-06-13T19:55:14Z,"","Slaughter Gang, LLC/Epic Records",0.625,0.733,2,-8.757,1,0.0488,0.00598,0.000983,0.375,0.244,172.09,4
spotify:track:2HYFX63wP3otVIvopRS99Z,"Houdini","Houdini","Eminem",2024-05-31,227239,77,true,,2024-06-04T20:53:05Z,"rap,hip-hop","Shady/Aftermath/Interscope Records",0.936,0.887,9,-2.76,0,0.0683,0.0292,0.00000188,0.0582,0.889,127.003,4
spotify:track:3lMzT16MjAKKXF7pSZn13B,"Tell Ur Girlfriend","Tell Ur Girlfriend","Lay Bankz",2024-02-07,124444,5,true,,2024-06-03T16:44:58Z,"jersey club","Artist Partner Group, Inc.",0.866,0.741,7,-4.66,1,0.245,0.0933,0,0.0297,0.614,135.07,4
spotify:track:0LMwmV37RCmBO2so0szAFs,"Whatever","Whatever","Kygo;Ava Max",2024-01-19,178273,76,false,,2024-06-03T10:51:23Z,"tropical house","Kygo/RCA Records",0.58,0.777,3,-5.69,1,0.0655,0.104,0,0.342,0.589,108.005,4
spotify:track:7fzHQizxTqy8wTXwlrgPQQ,"MILLION DOLLAR BABY","MILLION DOLLAR BABY","Tommy Richman",2024-04-26,155151,11,false,,2024-06-01T12:36:14Z,"","ISO Supremacy. Under exclusive license to PULSE Records.",0.849,0.699,1,-5.106,0,0.0436,0.0982,0.000215,0.068,0.927,138.003,4
spotify:track:4S8d14HvHb70ImctNgVzQQ,"I Love It (& Lil Pump)","I Love It","Kanye West;Lil Pump",2018-09-07,127946,70,true,,2024-05-29T07:53:07Z,"rap","Getting Out Our Dreams, Inc./Def Jam Recordings",0.901,0.522,2,-8.304,1,0.33,0.0114,0,0.259,0.329,104.053,4
spotify:track:6tNgRQ0K2NYZ0Rb9l9DzL8,"obsessed","GUTS (spilled)","Olivia Rodrigo",2024-03-22,170541,77,true,,2024-05-29T07:28:45Z,"","Olivia Rodrigo PS",0.68,0.581,8,-5.166,1,0.106,0.0181,0.00000107,0.276,0.63,119.974,4
spotify:track:59xD5osEFsaNt5PXfIKUnX,"Illusion","Illusion","Dua Lipa",2024-04-11,188143,5,false,,2024-05-27T19:03:54Z,"pop","Warner Records",0.677,0.763,8,-4.701,0,0.0471,0.0235,0.00000204,0.0894,0.719,126.962,4
spotify:track:2GxrNKugF82CnoRFbQfzPf,"i like the way you kiss me","i like the way you kiss me","Artemas",2024-03-19,142514,81,false,,2024-05-24T13:53:05Z,"","Artemas",0.599,0.946,11,-4.263,1,0.0447,0.000938,0.0106,0.0826,0.747,151.647,4
spotify:track:2qSkIjg1o9h3YT9RAgYN75,"Espresso","Espresso","Sabrina Carpenter",2024-04-12,175459,86,true,,2024-05-24T13:22:32Z,"pop","Island Records",0.701,0.76,0,-5.478,1,0.0285,0.107,0.0000654,0.185,0.69,103.969,4
spotify:track:4w6rP1zXxWMMJ132iDGn25,"Off White","Harverd Dropout","Lil Pump",2019-02-22,115200,34,true,,2024-05-21T22:08:08Z,"","Warner Bros.",0.904,0.499,8,-6.891,1,0.237,0.0326,0,0.113,0.961,149.977,4
spotify:track:1c5Lbn9mYwNYbnNiizw6D0,"Iced Out (feat. 2 Chainz)","Lil Pump","Lil Pump;2 Chainz",2017-10-06,192000,42,true,,2024-05-21T21:58:54Z,"southern hip-hop,rap","Warner Records",0.934,0.407,0,-8.058,1,0.345,0.00365,0,0.11,0.0793,140.024,4
spotify:track:1Tk4KVBLxD8CMAy6vJoDF3,"Pookie (feat. Lil Pump) - Remix","Pookie (feat. Lil Pump) [Remix]","Aya Nakamura;Lil Pump",2019-08-02,169687,43,true,,2024-05-21T21:48:02Z,"francuskie r&b,pop urbaine","Rec. 118",0.889,0.646,6,-7.236,0,0.074,0.0412,0,0.0798,0.584,98.005,4
spotify:track:5X4c1AVbFfl8u36AE5QLCI,"Butterfly Doors","Harverd Dropout","Lil Pump",2019-02-22,132923,51,true,,2024-05-21T21:34:53Z,"","Warner Bros.",0.925,0.397,5,-11.265,1,0.169,0.0889,0.0000512,0.144,0.429,130.008,4
spotify:track:31gUUwByx4pmnA8KAFkhhH,"Esskeetit","Harverd Dropout","Lil Pump",2019-02-22,181714,57,true,,2024-05-21T21:32:06Z,"","Warner Bros.",0.934,0.505,11,-7.648,1,0.168,0.0229,0,0.0867,0.691,139.93,4
spotify:track:1q0PYXTbDsirp2l74ng6pn,"In Da Getto","JOSE","J Balvin;Skrillex",2021-09-10,130666,71,false,,2024-05-07T12:18:22Z,"reggaeton,latynoskie rytmy,dubstep,edm,electro,muzyka elektroniczna","Sueños Globales, LLC",0.924,0.723,8,-3.142,1,0.0466,0.0177,0.0000261,0.113,0.643,126.998,4
spotify:track:6tifCCTIVBLC2TmTquYG7G,"Fine Day Anthem","Fine Day Anthem","Skrillex;Boys Noize;Opus III",2023-07-07,193690,64,false,,2024-05-07T12:06:30Z,"dubstep,edm,electro,muzyka elektroniczna,electro house","OWSLA/BOYSNOIZE REC/ATL",0.771,0.808,1,-3.842,0,0.0526,0.000292,0.0671,0.0848,0.527,138.011,4
spotify:track:7wMq5n8mYSKlQIGECKUgTX,"Hall of Fame (feat. will.i.am)","#3 Deluxe Version","The Script;will.i.am",2012-09-10,202533,83,false,,2024-05-05T19:35:35Z,"","Epic/Phonogenic",0.421,0.873,10,-4.343,1,0.0564,0.0654,0,0.123,0.629,84.786,4
spotify:track:59NraMJsLaMCVtwXTSia8i,"Prada","Prada","cassö;RAYE;D-Block Europe",2023-08-11,132359,83,true,,2024-04-30T19:59:21Z,"hypertechno,grime,brytyjski drill","Ministry of Sound Recordings",0.638,0.717,8,-5.804,1,0.0375,0.001,0.00000179,0.113,0.422,141.904,4
spotify:track:2EZ2KXLqs9zdRVVMMz1IsH,"Sexy And I Know It","Sorry For Party Rocking","LMFAO",2011-01-01,199480,58,false,,2024-04-29T09:07:31Z,"","Will I Am / A&M",0.708,0.861,7,-4.225,1,0.316,0.1,0,0.191,0.795,130.043,4
spotify:track:7fZBQnc0zXwVybgCIrQQil,"Belly Dancer","Belly Dancer","Imanbek;BYOR",2022-02-18,151475,78,false,,2024-04-29T08:54:15Z,"slap house","Musical Freedom",0.845,0.797,1,-4.984,1,0.139,0.0582,0.00000557,0.167,0.422,121.985,4
spotify:track:0uVyZywUNOp6S0dU5r8TS8,"Prayer in C - Robin Schulz Radio Edit","Prayer","Lilly Wood and The Prick;Robin Schulz",2014-09-16,189399,68,false,,2024-04-29T07:59:25Z,"francuski indie pop,tropical house","Tonspiel",0.76,0.886,9,-5.356,0,0.0258,0.0219,0.00000743,0.623,0.78,123.002,4
spotify:track:3V2cgvvI483DKomiZBYsAA,"Bangarang (feat. Sirah)","Bangarang EP","Skrillex;Sirah",2011-12-23,215253,53,true,,2024-04-28T14:56:08Z,"dubstep,edm,electro,muzyka elektroniczna","Big Beat Records/Atlantic",0.716,0.972,7,-2.302,1,0.196,0.0145,0.0000322,0.317,0.576,110.026,4
spotify:track:5B03nSG8pLE48jh7kmasuL,"Levels - Radio Edit","True","Avicii",2013-01-01,201920,50,false,,2024-04-28T14:43:05Z,"edm","Pophouse Entertainment Group",0.579,0.887,1,-5.961,0,0.0334,0.0484,0.828,0.294,0.472,126.041,4
spotify:track:6E0dc82Da4W5QWXR8ktoGT,"Call On Me - Radio Edit","Call On Me","Eric Prydz",2004,169426,11,false,,2024-04-28T12:37:51Z,"","Pryda Presents",0.606,0.847,10,-5.96,1,0.403,0.00553,0.00169,0.819,0.483,126.257,4
spotify:track:0E9ZjEAyAwOXZ7wJC0PD33,"In My Mind","In My Mind","Dynoro;Gigi D'Agostino",2018-06-08,184560,79,false,,2024-04-28T12:25:36Z,"italo dance,eurodance","Columbia/B1 Recordings",0.694,0.77,6,-5.335,1,0.149,0.176,0.000011,0.118,0.163,125.905,4
spotify:track:6YUTL4dYpB9xZO5qExPf05,"Summer","Motion","Calvin Harris",2014-10-31,222533,87,false,,2024-04-28T12:23:37Z,"edm","Columbia",0.596,0.856,4,-3.556,0,0.0346,0.0211,0.0178,0.141,0.743,127.949,4
spotify:track:7ks6AZmFcm3Y6PGGxGSmlB,"Where Them Girls At (feat. Nicki Minaj & Flo Rida)","Nothing but the Beat (Ultimate Edition)","David Guetta;Flo Rida;Nicki Minaj",2012-12-07,194840,81,true,,2024-04-27T19:42:09Z,"edm","Parlophone (France)",0.666,0.876,3,-3.078,1,0.0414,0.055,0,0.259,0.552,129.884,4
spotify:track:3ftzYJHTnDFHUFw5C3Tnuh,"Sun Is Up - Play & Win Radio Version","I Am the Club Rocker","INNA",2011-09-19,224531,60,false,,2024-04-27T16:18:28Z,"europop","Roton Music",0.803,0.885,0,-3.664,0,0.049,0.0732,0.308,0.0503,0.654,127.985,4
spotify:track:0A9mHc7oYUoCECqByV8cQR,"Animals","Animals","Martin Garrix",2013-06-17,304228,74,false,,2024-04-27T15:30:46Z,"edm,house progresywny,muzyka elektroniczna","STMPD RCRDS",0.675,0.868,1,-6.36,1,0.0392,0.00107,0.715,0.374,0.0376,128.007,4
spotify:track:2b0N6oW4f87wNr9uahicc2,"How We Party - Original Mix","How We Party","R3HAB;VINAI",2014-08-15,211875,1,false,,2024-04-27T15:30:27Z,"slap house,edm,melbourne bounce,big room","Spinnin' Records",0.652,0.99,11,-1.887,1,0.111,0.000744,0.328,0.0626,0.207,127.97,4
spotify:track:5qPhBxyybefHUxW9lpQqlX,"Shine On - Spencer & Hill Radio edit","Shine On","R.I.O.;Spencer & Hill;Manuel Reuter;Yann Peifer",2008-05-30,182389,47,false,,2024-04-27T15:23:34Z,"electro house","Tiger Records",0.607,0.844,7,-5.725,0,0.0501,0.00809,0.00691,0.281,0.289,130.015,4
spotify:track:24Yi9hE78yPEbZ4kxyoXAI,"Roses - Imanbek Remix","Roses (Imanbek Remix)","SAINt JHN;Imanbek",2019-10-09,176840,76,true,,2024-04-27T15:07:41Z,"slap house","Columbia/B1 Recordings",0.77,0.724,8,-5.484,1,0.0495,0.0167,0.0107,0.353,0.898,121.975,4
spotify:track:6eIacmhkE82vZlMDnGS7aP,"Bad (feat. Vassy) - Radio Edit","Listen","David Guetta;Showtek;VASSY",2014-11-10,170625,73,false,,2024-04-27T14:55:29Z,"edm,hardstyle,big room,muzyka elektroniczna","Parlophone (France)",0.614,0.972,5,-3.927,0,0.088,0.00125,0.0186,0.328,0.411,127.966,4
spotify:track:25QEZ9dgiZKpiWMwtsl6vv,"Wild Thoughts","Wild Thoughts","Chopin;Electric Chapel;Nalani",2021-09-24,120960,1,false,,2024-04-27T14:25:21Z,"slap house","Romanian House Mafia",0.737,0.843,11,-5.944,1,0.0876,0.0274,0.019,0.135,0.439,125.159,4
spotify:track:5NKZ2R3b9VrqwhBKl8QVnZ,"Ocean Drive","Ocean Drive","Electric Chapel;Chopin;Nadja",2021-11-19,157440,0,false,,2024-04-26T16:55:27Z,"slap house","Romanian House Mafia",0.809,0.71,11,-8.922,1,0.0385,0.434,0.0174,0.13,0.797,124.991,4
spotify:track:4fLwuf9zt1xnZ0622JF7dO,"Somebody's watching me - Halloween Edition","Somebody's watching me (Halloween Edition)","Electric Chapel;Chopin;Ela",2021-10-29,135238,1,false,,2024-04-26T14:46:24Z,"slap house","Romanian House Mafia",0.616,0.733,6,-5.495,0,0.303,0.224,0,0.12,0.414,126.122,4
spotify:track:2Foc5Q5nqNiosCNqttzHof,"Get Lucky (Radio Edit) [feat. Pharrell Williams and Nile Rodgers]","Get Lucky (Radio Edit) [feat. Pharrell Williams and Nile Rodgers]","Daft Punk;Pharrell Williams;Nile Rodgers",2013-04-19,247632,82,false,,2024-04-24T12:52:38Z,"francuski house,muzyka elektroniczna,electro","Columbia",0.794,0.811,6,-8.966,0,0.038,0.0426,0.00000107,0.101,0.862,116.047,4
spotify:track:3EwXVz3LVcPJdcxKfKrfYD,"Round Here (feat. YG)","TOTAL XANARCHY","Lil Xan;YG",2018-04-06,168040,1,true,,2024-04-12T08:15:04Z,"cloud rap,hyphy","Columbia",0.701,0.793,11,-5.087,0,0.274,0.341,0.0000918,0.19,0.627,159.989,4
spotify:track:33sqo826sPntup9q2QUNrz,"Saved by the Bell","TOTAL XANARCHY","Lil Xan",2018-04-06,180733,1,true,,2024-04-12T08:12:11Z,"cloud rap","Columbia",0.759,0.885,5,-3.683,1,0.157,0.535,0.00000233,0.103,0.742,138.059,4
spotify:track:74OX3VfCWPynzImQ2bH98U,"Who I Am","TOTAL XANARCHY","Lil Xan",2018-04-06,155773,2,true,,2024-04-12T08:03:06Z,"cloud rap","Columbia",0.829,0.632,9,-2.921,1,0.291,0.0783,0,0.09,0.491,70.992,4
spotify:track:3EH2f7ef1YG6SVARMcmhrF,"TreeSap","TreeSap","Lil Xan",2018-11-27,171755,40,true,,2024-04-12T08:01:11Z,"cloud rap","CIU Records",0.768,0.476,5,-5.841,0,0.0298,0.00815,0.00000421,0.226,0.404,112.048,4
spotify:track:3etxMncvnemdyJlDVBuIat,"Xanarchy","Xanarchy","Lil Xan",2017-07-07,148950,44,true,,2024-04-12T07:58:36Z,"cloud rap","CIU Records",0.697,0.726,0,-5.204,1,0.22,0.196,0.00000242,0.704,0.85,161.997,4
spotify:track:1hOoLI7psTWFbQ0oCNfcSF,"Lies (feat. Lil Skies)","Lies (feat. Lil Skies)","Lil Xan;Lil Skies",2018-07-13,206386,50,true,,2024-04-12T07:50:16Z,"cloud rap,melodyjny rap","Columbia",0.779,0.626,10,-7.73,0,0.067,0.0262,0.00488,0.114,0.419,140.078,4
spotify:track:0OiXVxQHUFxvYxQew4xyhD,"Live or Die","Live or Die","Noah Cyrus;Lil Xan",2018-08-20,194253,52,false,,2024-04-12T07:48:46Z,"cloud rap","Records/Columbia",0.71,0.365,8,-9.958,1,0.0749,0.234,0,0.244,0.396,74.952,4
spotify:track:5J3LR9JWrZIUTG7UGZkIKg,"Slingshot","TOTAL XANARCHY","Lil Xan",2018-04-06,89973,12,true,,2024-04-12T07:48:38Z,"cloud rap","Columbia",0.928,0.778,7,-6.962,0,0.252,0.0562,0.00000627,0.129,0.668,122.998,4
spotify:track:7thTA3hqO2MgOlzo0rPInX,"Color Blind","Color Blind","Diplo;Lil Xan",2018-03-22,177480,57,false,,2024-04-12T07:45:46Z,"moombahton,cloud rap","Columbia",0.469,0.786,5,-5.396,0,0.186,0.0126,0.0000376,0.503,0.409,87.023,4
spotify:track:4vaxvNDaLSoD36iZX515ug,"Betrayed","TOTAL XANARCHY","Lil Xan",2018-04-06,187173,29,true,,2024-04-12T07:43:25Z,"cloud rap","Columbia",0.821,0.434,10,-9.194,0,0.118,0.434,0,0.128,0.241,120.012,4
spotify:track:22vgEDb5hykfaTwLuskFGD,"Sucker","Happiness Begins","Jonas Brothers",2019-06-07,181026,79,false,,2024-03-24T13:48:49Z,"","Jonas Brothers Recording",0.842,0.734,1,-5.065,0,0.0588,0.0427,0,0.106,0.952,137.958,4
spotify:track:5tf1VVWniHgryyumXyJM7w,"Sugar (feat. Francesco Yates)","Sugar","Robin Schulz;Francesco Yates",2015-09-25,219043,82,false,,2024-03-24T13:33:22Z,"tropical house","Tonspiel",0.636,0.815,5,-5.098,0,0.0581,0.0185,0,0.163,0.636,123.063,4
spotify:track:1A8j067qyiNwQnZT0bzUpZ,"This Girl (Kungs Vs. Cookin' On 3 Burners)","Layers","Kungs;Cookin' On 3 Burners",2016-11-04,195546,81,false,,2024-03-24T13:26:54Z,"","Universal Music Division Polydor France",0.793,0.717,0,-4.759,0,0.0393,0.0927,0.000036,0.226,0.466,121.985,4
spotify:track:1SOClUWhOi8vHZYMz3GluK,"Infinity","Feel Something","Jaymes Young",2017-06-23,237720,81,false,,2024-03-22T07:51:27Z,"","Atlantic Records",0.671,0.673,11,-6.941,0,0.0444,0.148,0.0000529,0.304,0.494,121.963,4
spotify:track:5CLGzJsGqhCEECcpnFQA8x,"These Days (feat. Jess Glynne, Macklemore & Dan Caplen)","These Days (feat. Jess Glynne, Macklemore & Dan Caplen)","Rudimental;Jess Glynne;Macklemore;Dan Caplen",2018-01-19,210772,70,false,,2024-03-22T07:35:59Z,"","Atlantic Records UK",0.653,0.809,0,-4.057,1,0.0474,0.194,0,0.165,0.55,92.213,4
spotify:track:2ihCaVdNZmnHZWt0fvAM7B,"Little Talks","My Head Is An Animal","Of Monsters and Men",2012-01-01,266600,82,false,,2024-03-22T05:22:54Z,"folk-pop","Universal Records",0.457,0.757,1,-5.177,1,0.032,0.0206,0,0.146,0.417,102.961,4
spotify:track:0JiY190vktuhSGN6aqJdrt,"So What","Funhouse (Expanded Edition)","P!nk",2008-10-24,215160,79,true,,2024-03-22T05:19:33Z,"","LaFace Records",0.534,0.87,11,-3.078,0,0.0425,0.000334,0,0.241,0.462,126.019,4
spotify:track:1dzQoRqT5ucxXVaAhTcT0J,"Just Dance","The Fame","Lady Gaga;Colby O'Donis",2008-01-01,241933,85,false,,2024-03-22T04:57:19Z,"art pop,pop","Streamline/Interscope",0.822,0.739,1,-4.541,0,0.0311,0.0264,0.0000428,0.181,0.745,118.99,4
spotify:track:52cdGN75Ox75dE6CUchFOn,"Ribcage","The Shadow Side","Andy Black",2016-03-18,231023,51,false,,2024-03-21T17:58:14Z,"emo","Lava Music/Republic Records",0.583,0.868,2,-5.05,0,0.1,0.0255,0,0.38,0.482,114.04,4
spotify:track:5p7ujcrUXASCNwRaWNHR1C,"Without Me","Without Me","Halsey",2018-10-04,201660,6,true,,2024-03-21T15:56:27Z,"","Capitol Records",0.752,0.488,6,-7.05,1,0.0705,0.297,0.00000911,0.0936,0.533,136.041,4
spotify:track:2Lhdl74nwwVGOE2Gv35QuK,"Cupid's Chokehold / Breakfast in America","The Papercut Chronicles","Gym Class Heroes",2005-02-22,243773,82,false,,2024-03-18T06:24:36Z,"","Decaydance/Fueled By Ramen/ATL",0.72,0.744,1,-6.938,0,0.12,0.237,0,0.255,0.619,78.953,4
spotify:track:6h5PAsRni4IRlxWr6uDPTP,"More Than You Know","More Than You Know","Axwell /\ Ingrosso;Axwell;Sebastian Ingrosso",2017-07-28,203000,80,false,,2024-03-18T06:06:48Z,"edm","Pophouse Entertainment Group",0.646,0.741,5,-4.973,0,0.034,0.0275,0,0.312,0.571,123.077,4
spotify:track:5YqEzk3C5c3UZ1D5fJUlXA,"Sunroof","Good Times Go","Nicky Youre;hey daisy",2023-06-09,163025,81,false,,2024-03-18T05:45:33Z,"","Thirty Knots/Columbia",0.768,0.714,10,-5.11,1,0.0401,0.352,0,0.15,0.842,131.443,4
spotify:track:7ySUcLPVX7KudhnmNcgY2D,"S&M","Loud","Rihanna",2010-01-01,243600,87,true,,2024-03-16T22:43:12Z,"","Def Jam Recordings",0.769,0.685,1,-5.019,1,0.041,0.0105,0.000124,0.0887,0.836,127.977,4
spotify:track:1gihuPhrLraKYrJMAEONyc,"Feel So Close - Radio Edit","18 Months","Calvin Harris",2012-10-29,206413,88,false,,2024-03-12T09:47:57Z,"edm","Columbia",0.707,0.924,7,-2.842,1,0.031,0.000972,0.00703,0.204,0.919,127.937,4
spotify:track:0j2T0R9dR9qdJYsB7ciXhf,"Stronger","Graduation","Kanye West",2007-09-11,311866,85,true,,2024-03-11T21:03:54Z,"rap","Roc-A-Fella",0.617,0.716,1,-7.858,1,0.136,0.0056,0,0.408,0.496,104.014,4
spotify:track:5yDL13y5giogKs2fSNf7sj,"Glad You Came","Battleground (Deluxe Edition)","The Wanted",2011-01-01,197935,79,false,,2024-03-11T20:48:38Z,"","Universal-Island Records Ltd.",0.722,0.851,7,-3.873,0,0.0639,0.0319,0,0.108,0.452,126.885,4
spotify:track:3cfOd4CMv2snFaKAnMdnvK,"All Star","Astro Lounge","Smash Mouth",1999-06-08,200373,81,false,,2024-03-11T20:19:41Z,"","Interscope",0.731,0.867,11,-5.881,1,0.032,0.0394,0,0.0861,0.776,104.02,4
spotify:track:4QNpBfC0zvjKqPJcyqBy9W,"Give Me Everything (feat. Nayer)","Planet Pit (Deluxe Version)","Pitbull;AFROJACK;Ne-Yo;Nayer",2011-06-17,252306,90,false,,2024-03-11T18:36:35Z,"edm,big room","Mr.305/Polo Grounds Music/J Records",0.671,0.939,8,-3.206,1,0.161,0.191,0,0.298,0.53,129.024,4
spotify:track:1mea3bSkSGXuIRvnydlB5b,"Viva La Vida","Viva La Vida or Death and All His Friends","Coldplay",2008-06-06,242373,89,false,,2024-03-11T18:34:20Z,"","Parlophone UK",0.486,0.617,5,-7.115,0,0.0287,0.0954,0.00000323,0.109,0.417,138.015,4
spotify:track:1RF02Cf80mTaeNXG2P2boR,"21 Reasons (feat. Ella Henderson)","21 Reasons (feat. Ella Henderson)","Nathan Dawe;Ella Henderson",2022-04-29,155253,73,false,,2024-03-10T20:59:36Z,"","Atlantic Records UK",0.621,0.785,6,-4.499,1,0.11,0.0165,0.00000592,0.0512,0.779,123.96,4
spotify:track:4gbVRS8gloEluzf0GzDOFc,"Maps","V","Maroon 5",2014-09-02,189960,86,false,,2024-03-10T20:56:44Z,"pop","Interscope Records*",0.742,0.713,1,-5.522,0,0.0303,0.0205,0,0.059,0.879,120.032,4
spotify:track:4EWCNWgDS8707fNSZ1oaA5,"Heartless","808s & Heartbreak","Kanye West",2008-11-24,211000,88,false,,2024-03-10T20:44:43Z,"rap","Roc-A-Fella",0.79,0.647,10,-5.983,0,0.136,0.0515,0,0.248,0.654,87.999,4
spotify:track:0h3Xy4V4apMraB5NuM8U7Z,"Stumblin' In","Stumblin' In","CYRIL",2023-11-10,213363,83,false,,2024-03-06T11:43:36Z,"","Spinnin' Records",0.875,0.518,2,-8.388,1,0.0551,0.0638,0.00995,0.125,0.37,126.089,4
spotify:track:5411TEB6tlzvuF5A4oyldr,"Francis Forever","Bury Me At Makeout Creek","Mitski",2014-11-11,149680,74,false,,2024-03-06T11:38:00Z,"","Dead Oceans",0.535,0.448,2,-9.167,1,0.0279,0.00262,0.0000194,0.115,0.32,101.986,4
spotify:track:1ixrC6FSsKr1fGiWQ4mB6O,"Sticks & Stones","Sticks & Stones","Malik Harris",2023-09-29,206533,44,false,,2024-03-03T13:01:11Z,"","Better Now Records",0.538,0.77,11,-4.249,0,0.045,0.0308,0,0.187,0.657,90.153,4
spotify:track:3yfqSUWxFvZELEM4PmlwIR,"The Real Slim Shady","The Marshall Mathers LP","Eminem",2000-05-23,284200,86,true,,2024-03-02T12:44:50Z,"rap,hip-hop","Eminem Catalog PS",0.949,0.661,5,-4.244,0,0.0572,0.0302,0,0.0454,0.76,104.504,4
spotify:track:4OMJGnvZfDvsePyCwRGO7X,"Houdini","Houdini","Dua Lipa",2023-11-09,185917,12,false,,2024-02-28T08:55:58Z,"pop","Warner Records",0.744,0.789,9,-4.876,0,0.059,0.0036,0.00144,0.0947,0.866,116.985,4
spotify:track:4jbmgIyjGoXjY01XxatOx6,"Dark Horse","PRISM","Katy Perry;Juicy J",2013-01-01,215672,84,false,,2024-02-18T15:09:14Z,"pop,crunk","Capitol Records (CAP)",0.647,0.585,6,-6.123,1,0.0512,0.00314,0,0.165,0.353,131.934,4
spotify:track:1YWr18dWRmuvPgAsPBsOow,"Forget You","Forget You","FAST BOY;Topic",2023-02-17,147986,62,false,,2024-02-17T06:18:25Z,"","Intercord",0.708,0.709,7,-5.881,0,0.0641,0.157,0.0000019,0.142,0.511,128.034,4
spotify:track:5r43qanLhUCdBj8HN3fa6B,"Sunshine","Sunshine","OneRepublic",2021-11-10,163854,72,false,,2024-02-17T04:44:29Z,"soft pop","Mosley Music/Interscope Records",0.697,0.875,5,-4.621,1,0.034,0.137,0,0.28,0.774,140.069,4
spotify:track:4uUG5RXrOk84mYEfFvj3cK,"I'm Good (Blue)","I'm Good (Blue)","David Guetta;Bebe Rexha",2022-08-26,175238,87,true,,2024-02-17T03:49:20Z,"edm","Parlophone UK",0.561,0.965,7,-3.673,0,0.0343,0.00383,0.00000707,0.371,0.304,128.04,4
spotify:track:0HPD5WQqrq7wPWR7P7Dw1i,"TiK ToK","Animal (Expanded Edition)","Kesha",2010-01-01,199693,86,false,,2024-02-17T03:36:03Z,"","RCA Records Label",0.755,0.837,2,-2.718,0,0.142,0.0991,0,0.289,0.714,120.028,4
spotify:track:1jDJFeK9x3OZboIAHsY9k2,"I'm Still Standing","Too Low For Zero","Elton John",1983-05-30,183440,86,false,,2024-02-17T03:22:28Z,"","EMI",0.505,0.904,6,-6.863,1,0.179,0.355,0.118,0.14,0.773,176.811,4
spotify:track:0d28khcov6AiegSCpG5TuT,"Feel Good Inc.","Demon Days","Gorillaz;De La Soul",2005-05-23,222640,91,false,,2024-02-14T20:26:41Z,"jazz rap,east coast hip-hop","Parlophone UK",0.818,0.705,6,-6.679,1,0.177,0.00836,0.00233,0.613,0.772,138.559,4
spotify:track:7w87IxuO7BDcJ3YUqCyMTT,"Pumped Up Kicks","Torches","Foster The People",2011-05-23,239600,87,false,,2024-02-14T10:24:05Z,"","Columbia",0.733,0.71,5,-5.849,0,0.0292,0.145,0.115,0.0956,0.965,127.975,4
spotify:track:6PwjJ58I4t7Mae9xfZ9l9v,"Somebody Told Me","Hot Fuss","The Killers",2004,197200,85,false,,2024-02-14T09:09:07Z,"rock alternatywny","Island Records",0.497,0.97,10,-4.851,0,0.0836,0.0000904,0.000674,0.101,0.689,138.081,4
spotify:track:2dLLR6qlu5UJ5gk0dKz0h3,"Royals","Pure Heroine","Lorde",2013-09-27,190185,81,false,,2024-02-14T08:54:10Z,"","Universal Music New Zealand Limited",0.674,0.426,7,-9.504,1,0.122,0.12,0,0.132,0.337,84.876,4
spotify:track:2Z8WuEywRWYTKe1NybPQEW,"Ride","Blurryface","Twenty One Pilots",2015-05-15,214506,86,false,,2024-02-13T12:25:26Z,"","Fueled By Ramen",0.645,0.713,6,-5.355,1,0.0393,0.00835,0,0.113,0.566,74.989,4
spotify:track:7GX5flRQZVHRAGd6B4TmDO,"XO Tour Llif3","Luv Is Rage 2","Lil Uzi Vert",2017-08-25,182706,83,true,,2024-02-13T12:05:43Z,"melodyjny rap,rage rap","Generation Now/Atlantic",0.732,0.75,11,-6.366,0,0.231,0.00264,0,0.109,0.401,155.096,4
spotify:track:0cGG2EouYCEEC3xfa0tDFV,"Tainted Love","Non-Stop Erotic Cabaret","Soft Cell",1981,153800,77,false,,2024-02-13T09:36:53Z,"synthpop,nowa fala","EMI",0.5,0.501,0,-8.284,0,0.0376,0.462,0,0.26,0.623,144.438,4
spotify:track:0KAiuUOrLTIkzkpfpn9jb9,"Drive By","California 37","Train",2012-04-17,195973,80,false,,2024-02-06T11:04:07Z,"soft pop","Columbia",0.765,0.837,1,-3.113,0,0.032,0.00107,0.0000106,0.0801,0.721,122.028,4
spotify:track:3d9DChrdc6BOeFsbrZ3Is0,"Under the Bridge","Blood Sugar Sex Magik (Deluxe Edition)","Red Hot Chili Peppers",1991-09-24,264306,87,false,,2024-02-03T20:16:14Z,"funk rock,rock alternatywny,rock","Warner Records",0.559,0.345,4,-13.496,1,0.0459,0.0576,0.000105,0.141,0.458,84.581,4
spotify:track:2iJuuzV8P9Yz0VSurttIV5,"Scream & Shout","#willpower","will.i.am;Britney Spears",2013-01-01,283400,83,true,,2024-02-01T08:12:00Z,"pop","Interscope",0.772,0.685,5,-6.849,1,0.0696,0.019,0.0000896,0.131,0.501,130.039,4
spotify:track:1rIKgCH4H52lrvDcz50hS8,"Lush Life","So Good","Zara Larsson",2017-03-17,200646,94,false,,2024-01-29T22:50:29Z,"","Epic/Record Company TEN",0.694,0.712,7,-3.923,0,0.046,0.132,0,0.211,0.799,98.023,4
spotify:track:086myS9r57YsLbJpU0TgK9,"Why'd You Only Call Me When You're High?","AM","Arctic Monkeys",2013-09-09,161123,87,false,,2024-01-29T08:01:17Z,"indie,garage rock","Domino Recording Co",0.691,0.631,2,-6.478,1,0.0368,0.0483,0.0000113,0.104,0.8,92.004,4
spotify:track:22VdIZQfgXJea34mQxlt81,"Can't Feel My Face","Beauty Behind The Madness","The Weeknd",2015-08-28,213520,84,false,,2024-01-27T20:27:53Z,"","The Weeknd/Lyric",0.705,0.769,9,-5.526,0,0.0425,0.113,0,0.105,0.583,107.949,4
spotify:track:7yq4Qj7cqayVTp3FF9CWbm,"Riptide","Dream Your Life Away","Vance Joy",2014-09-08,204280,83,false,,2024-01-27T20:24:12Z,"folk-pop","F-Stop Records/Atlantic",0.484,0.731,1,-6.694,1,0.0379,0.431,0,0.151,0.51,101.654,4
spotify:track:3w3y8KPTfNeOKPiqUTakBh,"Locked out of Heaven","Unorthodox Jukebox","Bruno Mars",2012-12-07,233478,92,false,,2024-01-27T20:19:45Z,"","Atlantic Records",0.726,0.698,5,-4.165,1,0.0431,0.049,0,0.309,0.867,143.994,4
spotify:track:19FhhS93siEpzNIUG0J7Xa,"absolute in doubt","crybaby","Lil Peep;Wicca Phase Springs Eternal",2016-06-10,227066,0,true,,2024-01-26T11:09:46Z,"emo rap,cloud rap","Lil Peep",0.732,0.651,4,-7.576,0,0.0477,0.0247,0,0.156,0.262,138.022,4
spotify:track:1K3LRUEcUz5FMtPYyg0F45,"Ho Hey","The Lumineers (Deluxe Edition)","The Lumineers",2012,163133,5,false,,2024-01-24T11:16:40Z,"folk-pop,indie folk","Decca (UMO)",0.682,0.471,0,-9.182,1,0.0302,0.768,0,0.0908,0.421,79.907,4
spotify:track:34xGLuxM0rkxhCVyMSqwJO,"Stolen Dance","Sadnecessary","Milky Chance",2013-05-31,313684,83,false,,2024-01-24T10:43:38Z,"","Stoned In Paradise",0.884,0.581,11,-8.813,1,0.0378,0.427,0.000206,0.0759,0.728,114.016,4
spotify:track:0nrRP2bk19rLc0orkWPQk2,"Wake Me Up","True","Avicii",2013-09-16,247426,88,false,,2024-01-23T09:53:14Z,"edm","Pophouse Entertainment Group",0.532,0.783,2,-5.697,1,0.0523,0.0038,0.0012,0.161,0.643,124.08,4
spotify:track:18AJRdgUoO9EYn11N7xzaT,"Habits (Stay High)","Queen Of The Clouds","Tove Lo",2014-09-24,209160,78,false,,2024-01-16T11:44:04Z,"","Universal Music AB",0.733,0.65,5,-3.539,1,0.0315,0.0703,0.0000659,0.0829,0.348,110.003,4
spotify:track:5lF0pHbsJ0QqyIrLweHJPW,"Burn","Halcyon Nights","Ellie Goulding",2012-10-12,231213,79,false,,2024-01-16T10:59:19Z,"","UMC (Universal Music Catalogue)",0.313,0.76,10,-5.049,0,0.0616,0.3,0,0.105,0.343,86.735,4
spotify:track:6kHNwwZvxI6ZJp05FFLFBP,"Mon Chéri","Mon Chéri","FORTELLA;anaïs",2023-07-28,157693,41,false,,2024-01-11T18:50:41Z,"niemieckie indie,niemiecki indie pop,niemiecki pop","Intercord",0.765,0.719,3,-4.873,0,0.133,0.00755,0.00134,0.247,0.507,125.928,4
spotify:track:7MmG8p0F9N3C4AXdK6o6Eb,"Outside (feat. Ellie Goulding)","Motion","Calvin Harris;Ellie Goulding",2014-10-31,227266,89,false,,2024-01-11T11:07:57Z,"edm","Columbia",0.646,0.823,2,-4.123,0,0.0394,0.213,0,0.322,0.418,128.035,4
spotify:track:1XGmzt0PVuFgQYYnV2It7A,"Payphone","Overexposed Track By Track","Maroon 5;Wiz Khalifa",2012-01-01,231173,87,true,,2024-01-11T10:31:45Z,"pop","Interscope Records*",0.743,0.752,4,-4.813,1,0.0414,0.0188,0,0.287,0.545,110.015,4
spotify:track:7ef4DlsgrMEH11cDZd32M6,"One Kiss (with Dua Lipa)","One Kiss (with Dua Lipa)","Calvin Harris;Dua Lipa",2018-04-06,214846,82,false,,2024-01-11T10:25:39Z,"edm,pop","Sony Music UK",0.791,0.862,9,-3.24,0,0.11,0.037,0.0000219,0.0814,0.592,123.994,4
spotify:track:0b6UoVjUzFyZNpHI0aAhKt,"Celebrate (feat. Travis Scott & Post Malone)","Father Of Asahd","DJ Khaled;Travis Scott;Post Malone",2019-05-17,206498,53,false,,2024-01-11T09:17:28Z,"rap","Epic/We The Best",0.362,0.714,9,-3.07,0,0.0835,0.269,0,0.21,0.309,67.4,4
spotify:track:0lYBSQXN6rCTvUZvg9S0lU,"Let Me Love You","Encore","DJ Snake;Justin Bieber",2016-08-05,205946,92,false,,2024-01-11T09:16:46Z,"","DJ Snake Def Jam",0.475,0.715,8,-5.371,1,0.058,0.0863,0.0000267,0.135,0.159,199.892,4
spotify:track:2YWjW3wwQIBLNhxWKBQd16,"Lean On","Peace Is The Mission : Extended","Major Lazer;DJ Snake;MØ",2015-11-27,176561,74,false,,2024-01-11T09:06:04Z,"moombahton","Third Pardee Records",0.723,0.809,7,-3.081,0,0.0625,0.00346,0.00123,0.565,0.274,98.007,4
spotify:track:5nujrmhLynf4yMoMtj8AQF,"Levitating (feat. DaBaby)","Future Nostalgia","Dua Lipa;DaBaby",2020-03-27,203064,84,false,,2024-01-10T09:02:12Z,"pop","Warner Records",0.702,0.825,6,-3.787,0,0.0601,0.00883,0,0.0674,0.915,102.977,4
spotify:track:2tpWsVSb9UEmDRxAl1zhX1,"Counting Stars","Native","OneRepublic",2013-01-01,257265,89,false,,2024-01-10T08:56:51Z,"soft pop","Mosley / Interscope",0.663,0.706,1,-4.972,0,0.0383,0.0654,0,0.118,0.474,122.013,4
spotify:track:0rmGAIH9LNJewFw7nKzZnc,"You Give Love A Bad Name","Slippery When Wet","Bon Jovi",1986-08-16,222706,78,false,,2024-01-10T08:56:46Z,"glam metal","Island Records",0.541,0.959,0,-2.947,0,0.0505,0.0663,0.00000218,0.344,0.812,122.805,4
spotify:track:2ccUQnjjNWT0rsNnsBpsCA,"Surrender","Heaven Tonight","Cheap Trick",1978-04,255968,69,false,,2024-01-08T11:55:01Z,"power pop,aor,rock klasyczny,glam rock","Epic/Legacy",0.524,0.955,0,-7.081,1,0.0411,0.00717,0.00000877,0.659,0.869,133.849,4
spotify:track:5xwBIieMMFUmLDgvG4DjFe,"Fall In Love Alone","Fall In Love Alone","Stacey Ryan",2022-05-13,205427,70,false,,2024-01-08T11:42:04Z,"","Island Records",0.676,0.625,7,-5.455,0,0.0711,0.316,0.000119,0.127,0.522,171.883,4
spotify:track:6RUKPb4LETWmmr3iAEQktW,"Something Just Like This","Memories...Do Not Open","The Chainsmokers;Coldplay",2017-04-07,247160,89,false,,2024-01-05T09:30:53Z,"","Disruptor Records/Columbia",0.617,0.635,11,-6.769,0,0.0317,0.0498,0.0000144,0.164,0.446,103.019,4
spotify:track:3rUGC1vUpkDG9CZFHMur1t,"greedy","greedy","Tate McRae",2023-09-15,131872,86,true,,2024-01-04T10:27:43Z,"","RCA Records Label",0.749,0.729,6,-3.19,0,0.0321,0.261,0,0.113,0.816,111.004,1
spotify:track:0WtDGnWL2KrMCk0mI1Gpwz,"Redbone","""Awaken, My Love!""","Childish Gambino",2016-12-02,326933,7,true,,2024-01-04T10:19:56Z,"","Glassnote Entertainment Group LLC",0.745,0.353,1,-10.614,1,0.0983,0.174,0.00662,0.118,0.598,160.111,4
spotify:track:6VcBDMF2ykm5HDcJMVLRZW,"Brooklyn","Brooklyn","Glockenbach;ClockClock",2021-10-08,182618,58,false,,2023-12-17T10:59:29Z,"","WEFOR",0.745,0.757,10,-5.008,0,0.0459,0.068,0.00000152,0.334,0.558,123.991,4
spotify:track:6qn9YLKt13AGvpq9jfO8py,"We Found Love","Talk That Talk","Rihanna;Calvin Harris",2011-11-18,215226,86,false,,2023-12-15T11:20:46Z,"edm","Def Jam Recordings",0.735,0.766,1,-4.485,1,0.0384,0.025,0.00141,0.108,0.6,127.975,4
spotify:track:1auxYwYrFRqZP7t3s7w4um,"Ni**as In Paris","Watch The Throne","JAŸ-Z;Kanye West",2011-08-08,219333,84,true,,2023-12-14T10:02:07Z,"hip-hop,east coast hip-hop,rap","Roc Nation/RocAFella/IDJ",0.789,0.858,1,-5.542,1,0.311,0.127,0,0.349,0.775,140.022,4
spotify:track:09rcsC6M15EZPbCVmrqUYK,"Good Life","Good Life","FAST BOY",2023-07-14,196224,60,false,,2023-12-13T12:11:07Z,"","Intercord",0.638,0.821,6,-5.218,0,0.0816,0.0197,0,0.32,0.458,126.013,4
spotify:track:73RbfOTJIjHzi2pcVHjeHM,"What It Is (Solo Version)","What It Is (Versions)","Doechii",2023-03-17,189824,77,true,,2023-12-13T10:21:31Z,"","Top Dawg Entertainment/Capitol Records",0.74,0.758,1,-5.851,0,0.0921,0.061,0.00000144,0.0967,0.757,171.925,4
spotify:track:27a1mYSG5tYg7dmEjWBcmL,"CAN'T SAY","ASTROWORLD","Travis Scott",2018-08-03,198408,76,true,,2023-12-13T10:02:22Z,"rap","Cactus Jack / Epic",0.702,0.708,10,-5.366,0,0.0547,0.201,0,0.118,0.713,147.98,4
spotify:track:3IX0yuEVvDbnqUwMBB3ouC,"bad idea right?","GUTS","Olivia Rodrigo",2023-09-08,184783,80,true,,2023-12-13T09:34:37Z,"","Olivia Rodrigo PS",0.631,0.881,9,-3.545,1,0.0995,0.00177,0.0000045,0.0639,0.808,129.981,4
spotify:track:4kbj5MwxO1bq9wjT5g9HaA,"Shut Up and Dance","TALKING IS HARD","WALK THE MOON",2014-12-02,199080,86,false,,2023-12-12T10:16:42Z,"","RCA Records Label",0.578,0.866,1,-3.804,1,0.0619,0.00701,0,0.257,0.619,128.038,4
spotify:track:7sO5G9EABYOXQKNPNiE9NR,"Ric Flair Drip (with Metro Boomin)","Without Warning","Offset;Metro Boomin",2017-10-30,172800,83,true,,2023-12-12T08:06:53Z,"","Slaughter Gang, LLC/Epic/Quality Control Music/Motown/Capitol/Boominati Worldwide/Republic",0.88,0.428,9,-8.28,1,0.206,0.149,0.0000505,0.114,0.333,100.007,4
spotify:track:5jzma6gCzYtKB1DbEwFZKH,"London Calling - Remastered","London Calling (Remastered)","The Clash",1979,199703,72,false,,2023-12-12T07:38:29Z,"punk","Sony Music UK",0.651,0.801,0,-7.34,1,0.0514,0.123,0,0.0825,0.776,133.769,4
spotify:track:1kwHrBWAlucOE57lWugotk,"Do It Better (feat. Zoe Wees)","Do It Better (feat. Zoe Wees)","Felix Jaehn;Zoe Wees",2022-05-27,170045,54,false,,2023-12-12T07:36:22Z,"tropical house","Intercord",0.677,0.804,1,-5.337,0,0.0677,0.0818,0.0000192,0.158,0.41,122.111,4
spotify:track:76hfruVvmfQbw0eYn1nmeC,"Cake By The Ocean","DNCE","DNCE",2016-11-18,219146,84,true,,2023-12-12T07:20:29Z,"","Joseph Jonas/Republic Records",0.774,0.753,4,-5.446,0,0.0517,0.152,0,0.0371,0.896,119.002,4
spotify:track:0mflMxspEfB0VbI1kyLiAv,"Stick Season","Stick Season","Noah Kahan",2022-10-14,182346,87,false,,2023-12-10T11:05:04Z,"","Mercury Records/Republic Records",0.664,0.5,9,-6.935,1,0.0651,0.799,0,0.0966,0.801,117.896,4
spotify:track:4OSBTYWVwsQhGLF9NHvIbR,"Rolling in the Deep","21","Adele",2011-01-24,228093,82,false,,2023-12-10T10:35:12Z,"soft pop","XL Recordings",0.73,0.769,8,-5.114,1,0.0298,0.138,0,0.0473,0.507,104.948,4
spotify:track:4TIJ7zSBNejpoIPaWpWRKc,"Rebel Yell","Rebel Yell","Billy Idol",1983-11-01,288533,79,false,,2023-12-10T10:12:27Z,"","CAPITOL CATALOG MKT (C92)",0.531,0.864,4,-4.948,0,0.0611,0.000753,0.00046,0.354,0.485,166.312,4
spotify:track:4BggEwLhGfrbrl7JBhC8EC,"Butterfly","The Gift Of Game","Crazy Town",2000-12-15,216733,77,false,,2023-12-10T10:03:02Z,"rap rock,nu metal","Columbia",0.736,0.811,9,-4.17,0,0.081,0.00132,0.000142,0.107,0.609,103.502,4
spotify:track:4a5pNRjwmzYQuEY1E7O6pj,"Breakfast In America - Remastered 2010","Breakfast In America (Deluxe Edition)","Supertramp",1979-03-29,159346,70,false,,2023-12-10T09:26:22Z,"rock progresywny,rock klasyczny","A&M",0.532,0.663,0,-5.886,0,0.0292,0.425,0.00000107,0.0734,0.756,75.14,4
spotify:track:6ROFzwu3tbB6mxpW9Gt1YU,"Oliver Twist","Pier Pressure","ArrDee",2022-03-18,174857,57,true,,2023-12-10T09:04:56Z,"brytyjski drill,drill,grime,brytyjski grime","Universal-Island Records Ltd.",0.725,0.807,11,-4.332,1,0.315,0.352,0,0.462,0.848,140.045,4
spotify:track:20I8RduZC2PWMWTDCZuuAN,"Take Me Out","Franz Ferdinand","Franz Ferdinand",2004-02-16,237026,86,false,,2023-12-10T08:58:34Z,"indie rock","Domino Recording Co",0.277,0.663,4,-8.821,0,0.0377,0.000409,0.00051,0.136,0.527,104.561,4
spotify:track:1LPGwuFgIzbJoShfDdw7MY,"Youth","How To Be A Human Being","Glass Animals",2016-08-26,230693,71,false,,2023-12-06T08:52:48Z,"","Wolf Tone",0.648,0.718,9,-7.765,0,0.0298,0.129,0.00156,0.112,0.785,96.017,4
spotify:track:7z5G2LOdV8okZn4yWg3q5g,"Night Away (Dance) (feat. Tion Wayne)","Night Away (Dance) (feat. Tion Wayne)","A1 x J1;Tion Wayne",2022-03-03,175774,61,true,,2023-12-05T10:58:13Z,"brytyjski drill,drill,grime,brytyjski grime,afroswing","EMI",0.706,0.552,5,-9.479,0,0.0833,0.235,0,0.144,0.835,142.037,4
spotify:track:2ACOWPLUe4A4KuQ5ioD2od,"That's My Girl","7/27 (Deluxe)","Fifth Harmony",2016-05-27,204018,72,false,,2023-12-05T10:52:20Z,"","Syco Music/Epic",0.596,0.851,5,-4.245,0,0.121,0.0358,0.0000319,0.365,0.612,202.049,4
spotify:track:5zA8vzDGqPl2AzZkEYQGKh,"Uptown Girl","An Innocent Man","Billy Joel",1983-08-08,198294,85,false,,2023-12-05T10:31:59Z,"soft rock","Columbia",0.701,0.944,4,-2.986,1,0.0455,0.0755,0,0.601,0.792,128.993,4
spotify:track:1bp2IO61zbQrbWNmKKxg3f,"The Joker","The Joker","Steve Miller Band",1973-01-01,264503,77,false,,2023-12-05T10:31:54Z,"rock klasyczny","CAPITOL CATALOG MKT (C92)",0.596,0.448,5,-9.616,1,0.0396,0.365,0.0000053,0.206,0.796,83.293,4
spotify:track:464F2a58LTaitVUFKvEm1J,"Dirty Dancing","Dirty Dancing","Glockenbach;ÁSDÍS",2022-06-10,160842,56,false,,2023-12-05T10:07:20Z,"","WEFOR",0.72,0.83,11,-5.065,0,0.0954,0.0957,0,0.122,0.342,124.042,4
spotify:track:7HKez549fwJQDzx3zLjHKC,"Start Me Up - Remastered 2009","Tattoo You (2009 Re-Mastered)","The Rolling Stones",1981-08-24,213066,78,false,,2023-12-05T09:54:20Z,"rock klasyczny,rock","Polydor Records",0.631,0.932,5,-4.142,1,0.0354,0.0429,0.137,0.0918,0.971,122.431,4
spotify:track:6LyAwkJsHlW7RQ8S1cYAtM,"Overdue (with Travis Scott)","NOT ALL HEROES WEAR CAPES (Deluxe)","Metro Boomin;Travis Scott",2018-11-06,166093,76,true,,2023-12-05T09:26:09Z,"rap","Republic Records",0.634,0.401,11,-11.212,0,0.0446,0.731,0.000132,0.334,0.494,150.174,4
spotify:track:4ZtFanR9U6ndgddUvNcjcG,"good 4 u","SOUR","Olivia Rodrigo",2021-05-21,178146,85,true,,2023-12-05T09:19:51Z,"","Olivia Rodrigo PS",0.563,0.664,9,-5.044,1,0.154,0.335,0,0.0849,0.688,166.928,4
spotify:track:1Qrg8KqiBpW07V7PNxwwwL,"Kill Bill","SOS","SZA",2022-12-08,153946,83,false,,2023-12-05T09:19:14Z,"r&b","Top Dawg Entertainment/RCA Records",0.644,0.735,8,-5.747,1,0.0391,0.0521,0.144,0.161,0.418,88.98,4
spotify:track:04aAxqtGp5pv12UXAg4pkq,"Centuries","American Beauty/American Psycho","Fall Out Boy",2015-01-16,228360,83,false,,2023-12-01T12:15:50Z,"emo,pop punk","Island Records",0.393,0.858,4,-2.868,0,0.0729,0.00359,0,0.102,0.56,176.042,4
spotify:track:0GTK6TesV108Jj5D3MHsYb,"Owner of a Lonely Heart","90125 (Deluxe Version)","Yes",1983-06-01,268506,75,false,,2023-12-01T11:05:37Z,"rock progresywny,art rock,aor","Rhino Atlantic",0.744,0.798,7,-5.981,1,0.0364,0.176,0.0037,0.26,0.898,125.059,4
spotify:track:3XclwoQxz4p6Dl7VUf90KW,"N.I.B. - 2009 Remaster","Black Sabbath","Black Sabbath",1970-02-13,366173,70,false,,2023-12-01T11:03:36Z,"metal,heavy metal,rock,stoner rock,doom metal,hard rock","Sanctuary Records",0.463,0.552,4,-9.403,0,0.0605,0.141,0.00000966,0.129,0.421,105.495,4
spotify:track:72ahyckBJfTigJCFCviVN7,"Don't Bring Me Down","Discovery","Electric Light Orchestra",1979-05-31,243132,78,false,,2023-12-01T10:20:17Z,"art rock,soft rock","Epic/Legacy",0.638,0.867,2,-6.469,1,0.0331,0.144,0.000733,0.0846,0.805,115.692,4
spotify:track:7pYfyrMNPn3wtoCyqcTVoI,"Moves Like Jagger - Studio Recording From ""The Voice"" Performance","Hands All Over (Revised International Standard version)","Maroon 5;Christina Aguilera",2010,201493,84,false,,2023-12-01T09:50:01Z,"pop","Interscope Records*",0.722,0.761,11,-4.46,0,0.0475,0.0119,0,0.315,0.624,128.046,4
spotify:track:4xhsWYTOGcal8zt0J161CU,"Lovin On Me","Lovin On Me","Jack Harlow",2023-11-10,138411,81,true,,2023-11-29T19:16:57Z,"","Generation Now/Atlantic",0.943,0.558,2,-4.911,1,0.0568,0.0026,0.00000219,0.0937,0.606,104.983,4
spotify:track:6dgUya35uo964z7GZXM07g,"Nonsense","emails i can't send","Sabrina Carpenter",2022-07-15,163648,85,false,,2023-11-29T18:54:45Z,"pop","Island Records",0.74,0.697,8,-4.912,1,0.034,0.0268,0,0.224,0.732,138.992,4
spotify:track:5Eh1nj7IjV9lwpcKAkidyY,"One Of Your Girls","Something To Give Each Other","Troye Sivan",2023-10-13,181481,76,false,,2023-11-29T17:57:31Z,"","EMI Recorded Music Australia Pty Ltd",0.635,0.648,11,-7.78,0,0.0548,0.101,0.00426,0.198,0.8,93,4
spotify:track:7x9aauaA9cu6tyfpHnqDLo,"Seven (feat. Latto)","Seven (feat. Latto)","Jung Kook;Latto",2023-07-14,184400,79,true,,2023-11-29T17:32:45Z,"k-pop","BIGHIT MUSIC",0.788,0.841,11,-3.955,1,0.0432,0.301,0,0.0772,0.904,124.986,4
spotify:track:0WtM2NBVQNNJLh6scP13H8,"Calm Down (with Selena Gomez)","Calm Down (with Selena Gomez)","Rema;Selena Gomez",2022-08-25,239317,81,false,,2023-11-29T17:31:57Z,"afrobeats,afrobeat,afro pop,afropiano","Mavin Records / Jonzing World",0.801,0.806,11,-5.206,1,0.0381,0.382,0.000669,0.114,0.802,106.999,4
spotify:track:1vYXt7VSjH9JIM5oRRo7vA,"Dance The Night - From Barbie The Album","Dance The Night (From Barbie The Album)","Dua Lipa",2023-05-25,176579,81,false,,2023-11-29T16:24:00Z,"pop","Atlantic Records",0.671,0.845,11,-4.93,0,0.048,0.0207,0,0.329,0.775,110.056,4
spotify:track:2KslE17cAJNHTsI2MI0jb2,"Standing Next to You","GOLDEN","Jung Kook",2023-11-03,206019,84,false,,2023-11-29T15:39:34Z,"k-pop","BIGHIT MUSIC",0.711,0.809,2,-4.389,0,0.0955,0.0447,0,0.339,0.816,106.017,4
spotify:track:1M8t1j3Kv2qp97bdq5q4Vl,"Rainfall (Praise You)","Rainfall (Praise You)","Tom Santa",2022-02-18,166569,72,false,,2023-11-27T23:25:42Z,"stutter house","Polydor Records",0.767,0.862,5,-5.464,0,0.0606,0.14,0.0092,0.252,0.509,128.039,4
spotify:track:4jTiyLlOJVJj3mCr7yfPQD,"This Could Be Us","SremmLife","Rae Sremmurd",2015-01-06,206306,79,true,,2023-11-27T08:25:50Z,"","Mike WiLL Made-It",0.732,0.69,0,-4.992,0,0.134,0.291,0,0.116,0.758,143.072,4
spotify:track:20on25jryn53hWghthWWW3,"Do It To It","Do It To It","ACRAZE;Cherish",2021-08-20,157890,22,false,,2023-11-23T08:46:28Z,"tech house","Thrive Music, LLC",0.854,0.806,11,-8.262,0,0.0886,0.0209,0.0542,0.0703,0.637,124.927,4
spotify:track:6I3mqTwhRpn34SLVafSH7G,"Ghost","Justice","Justin Bieber",2021-03-19,153190,88,false,,2023-11-16T22:25:02Z,"","RBMG/Def Jam",0.601,0.741,2,-5.569,1,0.0478,0.185,0.0000291,0.415,0.441,153.96,4
spotify:track:0vOkmmJEtjuFZDzrQSFzEE,"Hit Me With Your Best Shot","Crimes Of Passion","Pat Benatar",1980-08-05,171266,73,false,,2023-11-15T16:42:24Z,"aor","Chrysalis\EMI Records (USA)",0.741,0.58,4,-9.05,1,0.0304,0.117,0.0000361,0.212,0.944,127.402,4
spotify:track:29U7stRjqHU6rMiS8BfaI9,"What A Wonderful World","What A Wonderful World","Louis Armstrong",1968-01-01,139226,78,false,,2023-11-15T11:37:31Z,"jazz,swing,jazz wokalny,big-band","GRP",0.271,0.165,5,-20.652,1,0.0351,0.726,0.00000154,0.118,0.202,77.082,4
spotify:track:4h9wh7iOZ0GGn8QVp4RAOB,"I Ain't Worried","I Ain’t Worried (Music From The Motion Picture ""Top Gun: Maverick"")","OneRepublic",2022-05-13,148485,83,false,,2023-11-14T14:17:08Z,"soft pop","Interscope Records",0.704,0.797,0,-5.927,1,0.0475,0.0826,0.000745,0.0546,0.825,139.994,4
spotify:track:3ZZq9396zv8pcn5GYVhxUi,"Down Under","Business As Usual","Men At Work",1981-11-09,222320,83,false,,2023-11-14T07:02:08Z,"","Columbia",0.739,0.459,11,-14.42,0,0.0294,0.129,0.0194,0.0474,0.892,107.115,4
spotify:track:28a4dbd3672fajGulzgzR5,"Heavy Metal Love","Top Hits 2023","twocolors",2023-02-02,132000,0,false,,2023-11-12T20:24:17Z,"","UME - Global Clearing House",0.768,0.767,5,-8.06,0,0.0358,0.194,0,0.121,0.457,125.029,4
spotify:track:1Emp8XKCx6o7lE1wf2rNzi,"Bloody Mary","Top Hits 2023","Lady Gaga",2023-02-02,244760,0,false,,2023-11-12T18:33:12Z,"art pop,pop","UME - Global Clearing House",0.584,0.638,9,-6.437,0,0.0302,0.0134,0.00000306,0.101,0.456,99.97,4
spotify:track:2hvdNTocz4BwQIQ5NHjOHn,"Head Held High","Top Hits 2023","SERA",2023-02-02,196220,0,true,,2023-11-12T18:17:46Z,"","UME - Global Clearing House",0.612,0.579,1,-6.448,0,0.0359,0.113,0,0.0844,0.218,94.949,4
spotify:track:4JfuiOWlWCkjP6OKurHjSn,"Walk This Way","Toys In The Attic","Aerosmith",1975-04-08,220310,76,false,,2023-11-12T16:39:17Z,"rock klasyczny,rock","Aerosmith P&D - Sony",0.653,0.73,5,-10.613,1,0.0429,0.0115,0.0000102,0.0776,0.894,108.709,4
spotify:track:3kcKlOkQQEPVwxwljbGJ5p,"Kernkraft 400 (A Better Day)","Kernkraft 400 (A Better Day)","Topic;A7S",2022-06-17,165800,64,false,,2023-11-10T20:12:37Z,"","Intercord",0.623,0.727,11,-5.57,0,0.0562,0.184,0.0000202,0.309,0.4,125.975,4
spotify:track:1JCrXIeI6a9qRIkfAEz7J1,"Betty (Get Money)","Marvelous","Yung Gravy",2022-10-28,145300,65,false,,2023-11-10T14:57:40Z,"","Universal Records",0.714,0.783,1,-6.575,1,0.072,0.00575,0.00000353,0.357,0.55,102.011,4
spotify:track:4DMKwE2E2iYDKY01C335Uw,"Carry on Wayward Son","Leftoverture (Expanded Edition)","Kansas",1976,323000,79,false,,2023-11-09T13:01:12Z,"rock klasyczny,rock progresywny,aor","Epic/Legacy",0.482,0.786,7,-5.735,1,0.032,0.00321,0.0000888,0.446,0.793,126.755,4
spotify:track:6GGtHZgBycCgGBUhZo81xe,"Say Yes To Heaven","Say Yes To Heaven","Lana Del Rey",2023-05-19,209156,86,false,,2023-11-07T21:15:12Z,"","Polydor Records",0.485,0.348,6,-11.576,0,0.0257,0.678,0.167,0.118,0.145,99.898,4
spotify:track:7DSAEUvxU8FajXtRloy8M0,"Flowers","Endless Summer Vacation","Miley Cyrus",2023-08-18,200600,88,false,,2023-11-07T20:48:25Z,"","Columbia",0.706,0.691,0,-4.775,1,0.0633,0.0584,0.0000699,0.0232,0.632,118.048,4
spotify:track:2IGMVunIBsBLtEQyoI1Mu7,"Paint The Town Red","Paint The Town Red","Doja Cat",2023-08-04,231750,78,true,,2023-11-07T18:42:46Z,"","Kemosabe Records/RCA Records",0.868,0.538,5,-8.603,1,0.174,0.269,0.00000334,0.0901,0.732,99.968,4
spotify:track:0Htv7EQoiOtmpAoYciJZ3n,"Radioactive - Grouplove & Captain Cuts Remix","Night Visions (Expanded Edition / Super Deluxe)","Imagine Dragons;GROUPLOVE;Captain Cuts",2022-09-09,240666,28,false,,2023-11-01T20:17:45Z,"indie","Kid Ina Korner / Interscope",0.788,0.571,7,-8.845,1,0.105,0.0091,0.0923,0.132,0.427,127.968,4
spotify:track:1VMBapbhHidf6ALFszT7w1,"Lonely","Mercury - Acts 1 & 2","Imagine Dragons",2022-07-01,159851,66,false,,2023-11-01T11:30:09Z,"","Kid Ina Korner / Interscope",0.714,0.73,0,-5.564,1,0.0438,0.0256,0,0.177,0.873,97.983,4
spotify:track:3CIyK1V4JEJkg02E4EJnDl,"Enemy (with JID) - from the series Arcane League of Legends","Mercury - Acts 1 & 2","Imagine Dragons;JID;Arcane;League of Legends",2022-07-01,173381,80,false,,2023-11-01T10:54:07Z,"ścieżka dźwiękowa","Kid Ina Korner / Interscope",0.728,0.783,11,-4.424,0,0.266,0.237,0,0.434,0.555,77.011,4
spotify:track:4dASQiO1Eoo3RJvt74FtXB,"Sucker for Pain (with Wiz Khalifa, Imagine Dragons, Logic & Ty Dolla $ign feat. X Ambassadors)","Sucker for Pain (with Logic & Ty Dolla $ign feat. X Ambassadors)","Lil Wayne;Wiz Khalifa;Imagine Dragons;X Ambassadors;Logic;Ty Dolla $ign",2016-06-24,243490,79,true,,2023-11-01T10:04:14Z,"rap,hip-hop,trap soul","Atlantic Records",0.502,0.786,9,-4.378,0,0.317,0.255,0,0.65,0.739,169.021,4
spotify:track:0TyUOnU4H4GLqOcrH0auc8,"Sharks","Sharks","Imagine Dragons",2022-06-24,190883,64,false,,2023-11-01T09:36:51Z,"","KIDinaKORNER/Interscope Records",0.927,0.642,10,-4.466,0,0.0657,0.00791,0.0000362,0.279,0.901,123.969,4
spotify:track:62yJjFtgkhUrXktIoSjgP2,"Radioactive","Night Visions","Imagine Dragons",2012-09-04,186813,81,false,,2023-11-01T09:33:12Z,"","Kid Ina Korner / Interscope",0.448,0.784,9,-3.686,1,0.0625,0.0999,0.000108,0.668,0.237,136.239,4
spotify:track:5qaEfEh1AtSdrdrByCP7qR,"Demons","Night Visions","Imagine Dragons",2012-09-04,177506,85,false,,2023-11-01T09:23:41Z,"","Kid Ina Korner / Interscope",0.5,0.71,3,-3.015,1,0.0339,0.19,0.00025,0.269,0.419,89.929,4
spotify:track:0pqnGHJpmpxLKifKRmU6WP,"Believer","Evolve","Imagine Dragons",2017-06-23,204346,88,false,,2023-11-01T09:20:06Z,"","Kid Ina Korner / Interscope",0.776,0.78,10,-4.374,0,0.128,0.0622,0,0.081,0.666,124.949,4
spotify:track:54ipXppHLA8U4yqpOFTUhr,"Bones","Mercury - Acts 1 & 2","Imagine Dragons",2022-07-01,165264,81,false,,2023-10-31T23:10:31Z,"","Kid Ina Korner / Interscope",0.772,0.75,5,-3.67,0,0.0455,0.0201,0,0.074,0.587,114.061,4
spotify:track:0O6u0VJ46W86TxN9wgyqDj,"I Like You (A Happier Song) (with Doja Cat)","Twelve Carat Toothache","Post Malone;Doja Cat",2022-06-03,192840,78,true,,2023-10-29T11:46:07Z,"","Mercury Records/Republic Records",0.733,0.67,5,-6.009,1,0.0751,0.121,0,0.121,0.472,100.964,4
spotify:track:3ITsXUBPf1rMjE6C1Hzpb6,"Tearing Me Up - RAC Mix","Days Gone By (Never Enough Edition)","Bob Moses;RAC",2016-08-19,328266,33,false,,2023-10-27T21:03:13Z,"","Domino Recording Co",0.784,0.666,7,-7.986,1,0.0528,0.0313,0.000218,0.0904,0.361,114.978,4
spotify:track:1DIXPcTDzTj8ZMHt3PDt8p,"Gangsta's Paradise","Gangsta's Paradise","Coolio;L.V.",1995-11-07,240693,89,false,,2023-10-27T16:56:11Z,"west coast hip-hop,g-funk","Tommy Boy Music, LLC",0.647,0.514,8,-10.05,1,0.0593,0.0655,0,0.398,0.386,79.975,4
spotify:track:6WK9dVrRABMkUXFLNlgWFh,"Enjoy the Silence","The Singles 86-98","Depeche Mode",1998-09-28,255133,78,false,,2023-10-27T16:53:35Z,"nowa fala,synthpop,darkwave","Venusnote Ltd.",0.663,0.838,0,-5.744,0,0.0286,0.2,0.000177,0.0782,0.752,112.788,4
spotify:track:7d1plRTrr03yBovZaYB7ws,"Save Your Tears","Top Hits 2023","The Weeknd",2023-02-02,215627,0,true,,2023-10-24T18:49:29Z,"","UME - Global Clearing House",0.685,0.816,0,-5.496,1,0.0308,0.0216,0.0000205,0.439,0.619,118.065,4
spotify:track:66sRFIBKZqQHqalwHZ5bbd,"All Or Nothing","Top Hits 2023","Topic;HRVY",2023-02-02,147973,0,false,,2023-10-24T17:45:20Z,"","UME - Global Clearing House",0.598,0.783,5,-3.908,0,0.0392,0.173,0,0.0696,0.396,126.018,4
spotify:track:6MxT3Jlge40h8q9SUdjfqD,"Cold Heart - PNAU Remix","Top Hits 2023","Elton John;Dua Lipa;PNAU",2023-02-02,202735,0,false,,2023-10-24T16:58:48Z,"pop","UME - Global Clearing House",0.796,0.798,1,-6.312,1,0.0317,0.034,0.0000419,0.0952,0.942,116.032,4
spotify:track:0VgkVdmE4gld66l8iyGjgx,"Mask Off","FUTURE","Future",2017-06-30,204600,83,true,,2023-10-19T06:45:12Z,"rap","Epic/Freebandz/A1",0.833,0.434,2,-8.795,1,0.431,0.0102,0.0219,0.165,0.281,150.062,4
spotify:track:6fujklziTHa8uoM5OQSfIo,"Black Beatles","SremmLife 2 (Deluxe)","Rae Sremmurd;Gucci Mane",2016-08-12,291893,84,true,,2023-10-19T06:21:31Z,"southern hip-hop,rap,trap","Mike WiLL Made-It",0.794,0.632,0,-6.163,1,0.0649,0.142,0,0.128,0.355,145.926,4
spotify:track:6JWhnubwZd7uH3ijGmebMg,"Unholy","Top Hits 2023","Sam Smith;Kim Petras",2023-02-02,156943,0,false,,2023-10-18T12:05:39Z,"soft pop","UME - Global Clearing House",0.719,0.454,2,-7.384,1,0.0707,0.0138,0.00000483,0.318,0.224,131.007,4
spotify:track:4KcH1ZRV2W1q7Flq0QqC76,"Blitzkrieg Bop - 2016 Remaster","Ramones (40th Anniversary Deluxe Edition; 2016 Remaster)","Ramones",1976-04-23,134466,73,false,,2023-10-17T13:44:04Z,"punk,proto-punk","Rhino/Warner Records",0.385,0.783,9,-2.533,1,0.233,0.000269,0.47,0.108,0.902,176.701,4
spotify:track:5YdnOm5990Kfq1Jodws98B,"Call It Love","Call It Love","Felix Jaehn;Ray Dalton",2022-09-16,154560,68,false,,2023-10-16T07:52:04Z,"tropical house","Intercord",0.616,0.841,5,-4.779,0,0.076,0.0559,0.00217,0.417,0.714,110.029,4
spotify:track:35CtdNWkn8s2GIj0gS3Q7l,"Ferrari","Top Hits 2023","James Hype;Miggy Dela Rosa",2023-02-02,186661,0,false,,2023-10-13T11:53:28Z,"house,tech house","UME - Global Clearing House",0.847,0.69,1,-7.877,0,0.0493,0.0127,0.00006,0.0526,0.692,125.004,4
spotify:track:73Ol3bIOQ2bnxExbBvMHzt,"Super Freaky Girl","Top Hits 2023","Nicki Minaj",2023-02-02,170977,0,true,,2023-10-13T11:35:22Z,"","UME - Global Clearing House",0.951,0.878,2,-2.565,1,0.211,0.0509,0.0000161,0.321,0.923,133.014,4
spotify:track:4NfDE0KYockvhYtkG42ExS,"Someone Else","Top Hits 2023","ClockClock",2023-02-02,173423,0,false,,2023-10-13T10:53:58Z,"","UME - Global Clearing House",0.817,0.784,5,-4.971,0,0.0463,0.119,0,0.13,0.537,131.995,4
spotify:track:3QAU2pj4LUKf7yaTgANlQV,"ITALODISCO","ITALODISCO","The Kolors",2023-05-05,199512,69,false,,2023-09-25T08:42:37Z,"italo disco","Warner Music",0.885,0.579,11,-5.14,0,0.0596,0.00318,0,0.0708,0.817,123.038,4
spotify:track:6erBowZaW6Ur3vNOWhS2zM,"One Night in Bangkok","Emotions (My Favourite Songs)","Murray Head",1980,236066,66,false,,2023-09-19T21:20:58Z,"","Editions Murray Head Music",0.892,0.578,10,-5.025,1,0.15,0.112,0.000315,0.0897,0.621,108.703,4
spotify:track:23RoR84KodL5HWvUTneQ1w,"(It Goes Like) Nanana - Edit","(It Goes Like) Nanana [Edit]","Peggy Gou",2023-06-15,231545,77,false,,2023-09-18T20:41:36Z,"","XL Recordings",0.671,0.876,7,-5.681,0,0.0352,0.12,0.188,0.0823,0.964,129.998,4
spotify:track:1iZsKjjHVeFV7jQijZszZc,"Freak Me Now (with Róisín Murphy)","Freak Me Now (with Róisín Murphy)","Jessie Ware;Róisín Murphy",2023-07-27,213733,41,false,,2023-08-04T17:22:18Z,"art pop,electropop","EMI",0.705,0.898,5,-4.77,0,0.0734,0.16,0.000199,0.524,0.889,122.041,4
spotify:track:5efA6K7LFZCKghPG4JL12K,"Free Like The Ocean","Free Like The Ocean","Rea Garvey",2023-06-02,171426,47,false,,2023-08-04T17:02:55Z,"","Island Records",0.626,0.848,7,-3.727,0,0.0518,0.0104,0.000998,0.093,0.811,142.944,4
spotify:track:3sLTYBYs6lJsFK84t2X7wt,"Bathroom","Her Love Still Haunts Me Like a Ghost","Montell Fish",2022-10-28,208000,78,false,,2023-08-04T15:53:41Z,"chrześcijańskie lo-fi","Lord’s Child, LLC",0.708,0.415,2,-4.078,0,0.0314,0.693,0.0000468,0.123,0.156,119.922,4
spotify:track:5DjBfiWgOWNWxiLyOejxsE,"Brighter Day","Brighter Day","Ben Cristovao;Sara James",2023-07-21,141327,44,false,,2023-08-04T15:49:49Z,"","Island Records, a division of Universal Music s.r.o.",0.794,0.727,6,-8.292,0,0.0579,0.236,0,0.113,0.722,113.001,4
spotify:track:07fbDnkKdZGk1gLvknxrns,"RUNAWAY","RUNAWAY","OneRepublic",2023-05-26,143264,64,false,,2023-08-03T18:08:15Z,"soft pop","Mosley Music/Interscope Records",0.629,0.691,3,-5.512,0,0.0513,0.0258,0,0.0615,0.766,163.065,4
spotify:track:7zy2kNoeD72x2NEDaAsJOX,"Psychedelic Switch","The Loveliest Time","Carly Rae Jepsen",2023-07-28,272035,46,false,,2023-08-03T16:14:11Z,"","Silent Records IGA",0.686,0.808,4,-6.709,1,0.0459,0.00161,0.0205,0.341,0.32,127.925,4
spotify:track:6vXAypwyBlieLIIk3lZ3vZ,"Too Fast (Pull Over) (with Anderson .Paak & Latto)","Too Fast (Pull Over) (with Anderson .Paak & Latto)","Jay Rock;Anderson .Paak;Latto",2023-07-21,226542,19,false,,2023-08-01T07:56:23Z,"","Top Dawg Ent./Interscope Records",0.815,0.789,2,-4.519,1,0.042,0.124,0,0.113,0.311,107.01,4
spotify:track:7haim7EewbN5RnByO5GtWV,"Talk Too Much","Talk Too Much","Reneé Rapp",2023-07-12,196679,0,true,,2023-07-31T19:22:37Z,"","Interscope Records",0.688,0.504,11,-6.96,0,0.0536,0.0313,0,0.134,0.836,112.601,4
spotify:track:7lD0SNdtIYGV30yxu4494I,"What It Feels Like","What It Feels Like","Toby Romeo;YouNotUs",2023-04-07,135276,60,false,,2023-07-31T17:08:09Z,"","Intercord",0.712,0.834,5,-4.09,0,0.0586,0.244,0,0.181,0.804,124.105,4
spotify:track:3xIMkM5LgbVDkpO74O3Np3,"Rush","Rush","Troye Sivan",2023-07-13,156391,29,true,,2023-07-31T10:20:15Z,"","EMI Recorded Music Australia Pty Ltd",0.728,0.841,10,-7.682,0,0.0567,0.00242,0.0000909,0.106,0.402,125.991,4
spotify:track:2tSyGmqhFvYongMdFaQNe3,"Live or Die (feat. Joakim Brodén)","Live Or Die (feat. Joakim Brodén)","Apocalyptica;Sabaton;Joakim Brodén",2020-03-06,224164,57,false,,2023-06-05T03:47:57Z,"metal symfoniczny,power metal,metal,heavy metal,folk metal","Silver Lining Music",0.531,0.939,7,-4.886,1,0.0522,0.000456,0.0753,0.162,0.393,128.047,4
spotify:track:4MYb7NWLwXNDB7bYs3HeX8,"Slow Ride - Edit","Slow Ride / Save Your Loving (For Me)","Foghat",1975,232533,66,false,,2023-06-01T18:27:24Z,"rock klasyczny,southern rock","Rhino",0.494,0.586,2,-13.909,1,0.0461,0.0201,0.00104,0.102,0.651,113.618,4
spotify:track:1OxcIUqVmVYxT6427tbhDW,"Fly Away","5","Lenny Kravitz",1998-05-12,221332,79,false,,2023-06-01T17:48:40Z,"","Virgin Records",0.587,0.872,7,-5.066,1,0.0484,0.018,0,0.622,0.735,159.925,4
spotify:track:48UPSzbZjgc449aqz8bxox,"Californication","Californication (Deluxe Edition)","Red Hot Chili Peppers",1999-06-08,329733,88,false,,2023-05-31T15:28:56Z,"funk rock,rock alternatywny,rock","Warner Records",0.592,0.767,9,-2.788,0,0.027,0.0021,0.00165,0.127,0.328,96.483,4
spotify:track:2d4e45fmUnguxh6yqC7gNT,"Dirty Deeds Done Dirt Cheap","Dirty Deeds Done Dirt Cheap","AC/DC",1976-09-20,232265,77,false,,2023-05-31T14:53:51Z,"rock,hard rock,rock klasyczny,rock and roll","Columbia",0.668,0.906,11,-4.881,0,0.17,0.214,0.00245,0.135,0.507,135.653,4
spotify:track:4nXkbcTj3nyww1cHkw5RAP,"Long Train Runnin'","The Captain and Me","The Doobie Brothers",1973,207266,78,false,,2023-05-31T14:30:34Z,"yacht rock,rock klasyczny,soft rock,southern rock","Warner Records",0.575,0.912,7,-7.275,0,0.0393,0.0916,0.00211,0.0562,0.843,117.399,4
spotify:track:1pFZO6JH8S4LXMCzgtCIqg,"Same Old Blues","Same Old Blues","Phantogram",2016-09-16,211106,0,false,,2023-05-18T18:27:52Z,"","Universal Records",0.585,0.697,6,-3.376,0,0.0294,0.0662,0.00000683,0.318,0.182,122.017,4
spotify:track:0Tfny4ghquVTCqQcMYC9Xr,"Don't Stop Making It Happen","Big Mess","GROUPLOVE",2016-09-09,181093,0,false,,2023-05-18T16:35:15Z,"indie","Canvasback/ATL",0.647,0.661,9,-5.961,1,0.0316,0.0165,0,0.0549,0.725,98.042,4
spotify:track:11LmqTE2naFULdEP94AUBa,"Heart-Shaped Box","In Utero (Deluxe Edition)","Nirvana",1993-09-21,281160,83,false,,2023-05-11T17:57:16Z,"grunge,rock","Geffen",0.256,0.641,1,-10.283,1,0.0552,0.199,0.0329,0.0853,0.382,203.006,4
spotify:track:4WuOWVnAqvEQxgSRrspBgt,"Niagara Falls (Foot or 2) [with Travis Scott & 21 Savage]","HEROES & VILLAINS","Metro Boomin;Travis Scott;21 Savage",2022-12-02,207306,74,true,,2023-05-08T16:32:52Z,"rap","Republic Records",0.667,0.648,2,-5.117,1,0.284,0.175,0.000155,0.147,0.254,87.975,4
spotify:track:6gBFPUFcJLzWGx4lenP6h2,"goosebumps","Birds In The Trap Sing McKnight","Travis Scott",2016-09-16,243836,85,true,,2023-05-08T16:27:14Z,"rap","Cactus Jack / Epic",0.841,0.728,7,-3.37,1,0.0484,0.0847,0,0.149,0.43,130.049,4
spotify:track:6Nd6ntkzr4t8o1FKPGOSMt,"Here I Go Again - 2018 Remaster","Whitesnake (2018 Remaster)","Whitesnake",1987,275395,40,false,,2023-04-22T18:27:44Z,"glam metal,glam rock,hard rock","Rhino",0.292,0.823,7,-6.763,1,0.0407,0.0117,0.0000779,0.155,0.244,89.939,4
spotify:track:6mapJIPnQ23RTAevUoE0DL,"Swang","SremmLife 2 (Deluxe)","Rae Sremmurd",2016-08-12,208120,80,true,,2023-04-21T13:19:47Z,"","Mike WiLL Made-It",0.681,0.314,8,-9.319,1,0.0581,0.2,0.00000982,0.1,0.166,139.992,4
spotify:track:4gBuDTT5zCALOr2zJJFTaA,"Sandy Feels","Sandy Feels","Stan Morgley",2022-07-04,138352,16,false,,2023-04-20T16:44:43Z,"","Defective Tomato",0.55,0.453,6,-8.387,0,0.128,0.63,0.919,0.109,0.707,85.011,4
spotify:track:770oaEAcFBGCW1DN8HVv6H,"Meet me in paris","Meet me in paris","SPEERMINT",2023-01-20,131073,8,false,,2023-03-29T19:34:19Z,"","SPEERMINT",0.78,0.381,11,-5.17,1,0.149,0.514,0.823,0.103,0.633,111.98,4
spotify:track:2xLMifQCjDGFmkHkpNLD9h,"SICKO MODE","ASTROWORLD","Travis Scott",2018-08-03,312820,84,true,,2023-03-27T09:27:20Z,"rap","Cactus Jack / Epic",0.834,0.73,8,-3.714,1,0.222,0.00513,0,0.124,0.446,155.008,4
spotify:track:2bjwRfXMk4uRgOD9IBYl9h,"Portland","More Life","Drake;Quavo;Travis Scott",2017-03-18,236614,69,true,,2023-03-27T08:11:10Z,"rap","Cash Money Records/Young Money Ent./Universal Rec.",0.925,0.443,1,-8.216,1,0.264,0.0172,0,0.276,0.35,136.078,4
spotify:track:7KZ5MMVgBVox9ycroB2UrI,"CAROUSEL","ASTROWORLD","Travis Scott",2018-08-03,180182,65,true,,2023-03-27T07:54:19Z,"rap","Cactus Jack / Epic",0.428,0.403,5,-5.914,0,0.209,0.229,0,0.22,0.133,95.387,5
spotify:track:6BJbOXDlgVAXSaq6wYFYT2,"NC-17","ASTROWORLD","Travis Scott",2018-08-03,156885,64,true,,2023-03-27T07:25:53Z,"rap","Cactus Jack / Epic",0.804,0.763,2,-5.48,1,0.0519,0.0678,0,0.368,0.0585,136.052,4
spotify:track:4vO9dmzNRqDhFY3jD1a3P7,"Mississippi Queen","Climbing!","Mountain",1970,151293,69,false,,2023-03-22T07:37:43Z,"rock klasyczny,blues rock,southern rock","Columbia/Legacy",0.581,0.624,9,-8.346,1,0.0777,0.0987,0,0.0411,0.637,139.714,4
spotify:track:5QTxFnGygVM4jFQiBovmRo,"(Don't Fear) The Reaper","Agents Of Fortune","Blue Öyster Cult",1976,308123,78,false,,2023-03-21T12:09:57Z,"rock klasyczny,hard rock","Columbia",0.333,0.927,9,-8.55,0,0.0733,0.0029,0.000208,0.297,0.385,141.466,4
spotify:track:45Ia1U4KtIjAPPU7Wv1Sea,"Are You Gonna Go My Way","Are You Gonna Go My Way","Lenny Kravitz",1993-03-09,211933,75,false,,2023-03-21T10:45:38Z,"","Virgin Records",0.619,0.67,11,-10.322,0,0.0353,0.00165,0.0109,0.331,0.777,129.269,4
spotify:track:5e9TFTbltYBg2xThimr0rU,"The Chain - 2004 Remaster","Rumours (Super Deluxe)","Fleetwood Mac",1977-02-04,270213,89,false,,2023-03-21T10:28:48Z,"yacht rock,rock klasyczny,soft rock","Rhino/Warner Records",0.545,0.67,9,-8.81,1,0.0496,0.009,0.000822,0.0451,0.481,151.553,4
spotify:track:5LNiqEqpDc8TuqPy79kDBu,"Edge of Seventeen - 2016 Remaster","Bella Donna (Deluxe Edition)","Stevie Nicks",2016-11-04,329413,61,false,,2023-03-18T20:57:29Z,"","Rhino Atlantic",0.591,0.804,0,-7.299,1,0.0454,0.327,0.00000598,0.0818,0.658,111.457,4
spotify:track:3MODES4TNtygekLl146Dxd,"Ramble On - 1990 Remaster","Led Zeppelin II (1994 Remaster)","Led Zeppelin",1969-10-22,263333,71,false,,2023-03-18T17:02:58Z,"rock klasyczny,rock,hard rock,rock and roll","Rhino Atlantic",0.468,0.607,9,-11.367,1,0.0336,0.072,0.000852,0.225,0.886,98.429,4
spotify:track:1fnZtBU5wFERbmgPGp3fO0,"Abonent jest czasowo niedostępny","Café Belga","Taco Hemingway",2018-07-13,273960,0,true,,2023-03-02T16:53:55Z,"","Taco Corp",0.644,0.636,7,-9.27,0,0.142,0.391,0.00000124,0.132,0.149,110.15,4
spotify:track:7wCmS9TTVUcIhRalDYFgPy,"Where Is My Mind? - 2007 Remaster","Surfer Rosa (2007 Remaster)","Pixies",1988-03-21,234973,80,false,,2023-02-28T18:51:25Z,"rock alternatywny","4AD",0.519,0.441,4,-14.178,1,0.0353,0.0204,0.000453,0.076,0.25,81.334,4
spotify:track:1oYYd2gnWZYrt89EBXdFiO,"Message In A Bottle","Reggatta De Blanc (Remastered 2003)","The Police",1979-10-02,290280,80,false,,2023-02-28T18:43:52Z,"","Polydor Records",0.577,0.808,1,-7.04,0,0.039,0.0338,0.0000133,0.221,0.869,151.008,4
spotify:track:2K2M0TcglCRLLpFOzKeFZA,"Sunshine Of Your Love","Disraeli Gears (Deluxe Edition)","Cream",1967-11,250400,72,false,,2023-02-28T18:42:45Z,"rock klasyczny,rock psychodeliczny,acid rock,blues rock","Universal Records",0.683,0.594,2,-8.289,1,0.0347,0.385,0.0000861,0.121,0.734,115.099,4
spotify:track:2PifOBcFenGN8PGayF6oj3,"Chillage in the Village","Steppin' XL","WX//CLTV",2023-01-27,95981,4,false,,2023-02-17T16:49:42Z,"bity lofi,lofi","WX//CLTV",0.51,0.338,7,-17.642,0,0.0492,0.764,0.887,0.177,0.31,81.534,4
spotify:track:549Go7a66CX6k523uK9kUv,"Girls, Girls, Girls","Girls, Girls, Girls (Deluxe Version)","Mötley Crüe",1987-05-15,270426,2,false,,2023-02-14T14:25:26Z,"glam metal,glam rock,hard rock","BMG Rights Management (US) LLC",0.599,0.931,7,-4.653,1,0.0735,0.0302,0.0000669,0.392,0.536,140.123,4
spotify:track:0PdM2a6oIjqepoEfcJo0RO,"Pour Some Sugar On Me - Remastered 2017","Hysteria (Super Deluxe)","Def Leppard",1987-08-03,267306,77,false,,2023-02-14T13:02:33Z,"glam metal,glam rock,rock klasyczny","UMC (Universal Music Catalogue)",0.267,0.953,1,-4.899,0,0.096,0.00211,0,0.283,0.568,84.989,4
spotify:track:3dmqIB2Qxe2XZobw9gXxJ6,"Mary Jane's Last Dance","Greatest Hits","Tom Petty and the Heartbreakers",2008-05-20,273600,80,false,,2023-02-14T12:00:14Z,"rock klasyczny","Geffen",0.464,0.654,7,-9.058,0,0.0608,0.0276,0.00000134,0.328,0.53,169.512,4
spotify:track:1ffzVZF940JV7BVxwppeAE,"My Tunnels Are Long And Dark These Days","Gold Shadow","Asaf Avidan",2014-01-01,272053,0,false,,2023-02-07T09:13:24Z,"","Universal Music Division Label Panthéon",0.343,0.322,7,-10.314,0,0.0433,0.648,0.00387,0.0755,0.151,179.546,3
spotify:track:7F0xezgLJNUnBl2n0Wm48W,"Forest Thunderstorm","Thunder And Lightning Vol. 2","Earth Thunder Sounds 2021",2022-05-18,162851,57,false,,2023-01-31T22:30:24Z,"","Firefly Entertainment AB",0.278,0.869,1,-23.655,1,0.0653,0.326,0.945,0.489,0.0357,115.18,5
spotify:track:4GvPlSOKfN7aXEuGW8zKUx,"GOSSIP (feat. Tom Morello)","GOSSIP (feat. Tom Morello)","Måneskin;Tom Morello",2023-01-13,168280,69,true,,2023-01-17T20:43:58Z,"","Epic",0.706,0.821,9,-2.974,1,0.0617,0.00164,0,0.0981,0.918,139.914,4
spotify:track:6jZp2rNTYVlKwt20aMIcot,"Save Yourself","Save Yourself","ONE OK ROCK",2022-06-24,197995,49,false,,2023-01-16T14:35:44Z,"j-rock,j-pop","Fueled By Ramen",0.503,0.849,5,-2.709,1,0.0615,0.00428,0,0.0667,0.762,165.096,4
spotify:track:2e2SIW2xo0JDsYta88o32C,"Cold-Water Feels","Smile Up","Siktem",2022-06-05,133292,2,false,,2023-01-10T16:58:53Z,"","Chill Caterpillar",0.711,0.353,2,-11.474,0,0.506,0.554,0.0431,0.122,0.3,147.623,4
spotify:track:3Kk6pV3bCwxuCYOjeo57Dp,"KABRIOLETY","POCZTÓWKA Z WWA, LATO '19","Taco Hemingway",2019-07-24,328213,0,false,,2023-01-09T19:30:52Z,"","Taco Corp",0.717,0.602,0,-6.776,1,0.114,0.323,0,0.117,0.384,90.01,4
spotify:track:0hCB0YR03f6AmQaHbwWDe8,"Whole Lotta Love - 1990 Remaster","Led Zeppelin II (1994 Remaster)","Led Zeppelin",1969-10-22,333893,78,false,,2023-01-05T16:04:49Z,"rock klasyczny,rock,hard rock,rock and roll","Rhino Atlantic",0.412,0.902,9,-11.6,1,0.405,0.0484,0.131,0.405,0.422,89.74,4
spotify:track:70YvYr2hGlS01bKRIho1HM,"La Grange - 2005 Remaster","Tres Hombres (Expanded 2006 Remaster)","ZZ Top",1973-07-26,230480,9,false,,2023-01-04T17:11:05Z,"southern rock,rock klasyczny,blues rock,rock","Rhino/Warner Records",0.545,0.64,4,-9.937,0,0.224,0.00249,0.0304,0.196,0.606,80.544,4
spotify:track:3XmdK5uDU3rjibOz3aJTgn,"Midnight In Prague","Midnight In Prague","Lil Xan",2019-05-03,185756,30,true,,2023-01-02T15:40:15Z,"cloud rap","Xanarchy Music",0.376,0.612,1,-8.115,1,0.116,0.0644,0.0000199,0.0934,0.145,74.682,4
spotify:track:3VbGCXWRiouAq8VyMYN2MI,"Love Me Do - Remastered 2009","Please Please Me (Remastered)","The Beatles",1963-03-22,141693,71,false,,2022-12-26T18:00:49Z,"rock klasyczny,rock psychodeliczny","EMI Catalogue",0.52,0.829,0,-6.228,1,0.0806,0.386,0.000062,0.227,0.744,147.997,4
spotify:track:1FTSo4v6BOZH9QxKc3MbVM,"Song 2 - 2012 Remaster","Blur (Special Edition)","Blur",1997-02-10,121160,83,false,,2022-12-21T21:59:46Z,"britpop,madchester,rock alternatywny","Parlophone UK",0.674,0.789,8,-6.903,1,0.0676,0.00178,0.00708,0.0753,0.918,129.802,4
spotify:track:7e89621JPkKaeDSTQ3avtg,"Sweet Home Alabama","Second Helping (Expanded Edition)","Lynyrd Skynyrd",1974-04-15,283800,83,false,,2022-12-21T11:34:17Z,"southern rock,rock klasyczny,rock","Geffen*",0.596,0.606,7,-12.145,1,0.0255,0.181,0.000327,0.0863,0.886,97.785,4
spotify:track:1GqlvSEtMx5xbGptxOTTyk,"Peace of Mind","Boston","Boston",1976,303586,69,false,,2022-12-21T11:29:28Z,"rock klasyczny,aor","Epic/Legacy",0.419,0.677,4,-6.183,1,0.0343,0.00101,0.0000999,0.211,0.684,127.678,4
spotify:track:2fuCquhmrzHpu5xcA1ci9x,"Under Pressure - Remastered 2011","Hot Space (2011 Remaster)","Queen;David Bowie",1982-05-03,248440,84,false,,2022-12-21T11:28:44Z,"rock klasyczny,rock,glam rock,art rock","EMI",0.671,0.712,2,-7.815,1,0.0476,0.429,0,0.103,0.462,113.805,4
spotify:track:09wrW4mdaoBrOFY6KSR94h,"HEAVEN","DANCEHALL","The Blaze",2018-09-07,219280,60,false,,2022-12-19T20:13:12Z,"","Animal 63",0.613,0.461,1,-10.493,0,0.0313,0.0257,0.75,0.0776,0.0837,125.066,4
spotify:track:6nCYh6JwDiwqBzYxBaX84J,"Waiting on the Summer","Stereo Hype","VHS Collection",2016-09-30,254571,43,false,,2022-12-19T19:36:45Z,"","VHS Records",0.553,0.811,4,-5.832,1,0.111,0.045,0,0.101,0.629,104.99,4
spotify:track:4tCtwWceOPWzenK2HAIJSb,"Work from Home (feat. Ty Dolla $ign)","7/27 (Deluxe)","Fifth Harmony;Ty Dolla $ign",2016-05-27,214477,81,false,,2022-12-19T19:07:00Z,"trap soul","Syco Music/Epic",0.803,0.585,8,-5.861,1,0.0432,0.103,0.00000394,0.0644,0.593,105.017,4
spotify:track:59WN2psjkt1tyaxjspN8fp,"Killing In The Name","Rage Against The Machine - XX (20th Anniversary Special Edition)","Rage Against The Machine",1992,313573,82,true,,2022-12-12T09:39:11Z,"rap metal,rap rock,metal alternatywny,nu metal","Epic/Legacy",0.466,0.833,7,-4.215,1,0.304,0.0266,0,0.0327,0.661,88.785,4
spotify:track:4ItljeeAXtHsnsnnQojaO2,"D'yer Mak'er - Remaster","Houses of the Holy (Deluxe Edition)","Led Zeppelin",1973-03-28,262748,70,false,,2022-12-11T22:45:54Z,"rock klasyczny,rock,hard rock,rock and roll","Atlantic Records",0.525,0.929,9,-8.56,0,0.0784,0.262,0.000029,0.0754,0.556,163.503,4
spotify:track:78JmElAFmrPNhLjovDR9Jm,"All Day and All of the Night","Kinks (Deluxe)","The Kinks",1964-10-02,141506,1,false,,2022-12-11T20:18:15Z,"proto-punk,barokowy pop","Castle Communications",0.551,0.861,7,-7.839,1,0.0797,0.259,0.00000471,0.0545,0.724,136.918,4
spotify:track:2RsAajgo0g7bMCHxwH3Sk0,"Come As You Are","Nevermind (Remastered)","Nirvana",1991-09-26,218920,85,false,,2022-12-11T19:44:12Z,"grunge,rock","Geffen",0.5,0.824,4,-5.846,0,0.0388,0.00016,0.00161,0.0916,0.539,120.125,4
spotify:track:254bXAqt3zP6P50BdQvEsq,"Everywhere - 2017 Remaster","Tango In the Night (Deluxe Edition)","Fleetwood Mac",1987-04-13,226653,87,false,,2022-12-11T19:37:44Z,"yacht rock,rock klasyczny,soft rock","Rhino/Warner Records",0.73,0.487,4,-10.991,1,0.0303,0.258,0.01,0.0852,0.731,114.965,4
spotify:track:7snQQk1zcKl8gZ92AnueZW,"Sweet Child O' Mine","Appetite For Destruction","Guns N' Roses",1987-07-21,356066,90,false,,2022-12-11T19:15:07Z,"rock,glam metal,hard rock,rock klasyczny","Guns N Roses P&D",0.445,0.952,6,-5.321,1,0.0522,0.09,0.0843,0.112,0.624,125.304,4
spotify:track:1RJeiAIwR9pZBgJA8ndZLL,"Paint It, Black - Mono","The Rolling Stones In Mono (Remastered 2016)","The Rolling Stones",1966-01-01,204480,56,false,,2022-12-11T19:03:10Z,"rock klasyczny,rock","ABKCO Music & Records, Inc.",0.505,0.835,5,-7.384,0,0.0999,0.0103,0.0743,0.295,0.763,159.676,4
spotify:track:6xCoZQNLgnJTYuOxbYlqC5,"Plump","Llama Drama","Jobii",2021-10-08,129121,14,false,,2022-12-04T21:01:17Z,"bity lofi,lofi","Epidemic Sound",0.655,0.692,0,-8.707,0,0.0444,0.00981,0.727,0.489,0.113,139.064,4
spotify:track:5oWdA9tf8u8nBdMscpKtTx,"crying in the coupe","crying in the coupe","boone",2022-08-12,144000,7,false,,2022-12-04T20:14:22Z,"dark ambient,ambient,lofi hip-hop,lofi","boone",0.861,0.28,2,-13.863,1,0.0386,0.954,0.964,0.0843,0.15,120.022,5
spotify:track:5nRHqipQw774uJ6y3KmECc,"Stockholm","Stockholm","Chillide",2021-10-22,96000,19,false,,2022-12-04T19:24:30Z,"","Boshi Collective",0.729,0.485,5,-12.295,0,0.079,0.612,0.871,0.148,0.227,79.983,4
spotify:track:3uJCI9hrlUdjgmPh2yuv3W,"Who You Are","Who You Are","Grey Killer",2021-10-15,249600,18,false,,2022-12-04T18:11:08Z,"lofi house","Grey K.",0.832,0.424,9,-6.657,0,0.0564,0.124,0.91,0.0785,0.652,100.025,4
spotify:track:0ml0C3EBDZyRhUrT3p5cMu,"Push (feat. Andrew Wyatt)","Push","A-Trak;Andrew Wyatt",2014-10-29,213511,0,false,,2022-11-28T16:32:54Z,"disco house","Fool's Gold Records",0.644,0.874,7,-2.82,1,0.0466,0.00198,0.00192,0.0914,0.453,126.054,4
spotify:track:1B241LRKmK6qDDTZfUajmm,"Cocoon","The Balcony","Catfish and the Bottlemen",2014-09-15,236887,69,true,,2022-11-26T17:37:50Z,"indie,indie rock","Universal-Island Records Ltd.",0.446,0.91,7,-4.481,0,0.0652,0.000254,0.0000976,0.077,0.325,133.053,4
spotify:track:5GSoiFJwXZY3DfPDkVHwS6,"Saturday Afternoon","Back Alley Conversations","Sweet Oscar;soave lofi",2020-11-27,121500,23,false,,2022-11-26T17:37:43Z,"lofi","Soave lo-fi",0.683,0.517,0,-9.421,1,0.107,0.63,0.878,0.0961,0.443,160.038,4
spotify:track:6Q9NqbIsNZj8oOlP6BguS4,"Crystal Ball","The Physical World","Death From Above 1979",2014-09-09,171426,0,false,,2022-11-26T17:37:30Z,"garage rock","Last Gang",0.42,0.946,7,-2.588,0,0.0801,0.0000105,0.00000873,0.0415,0.52,147.988,4
spotify:track:6Ed1q0X8oSKSm4IIhiQbYg,"Daylight","Daylight","Joji;Diplo",2020-08-06,163905,65,true,,2022-11-26T17:37:16Z,"moombahton","88rising Music/12Tone Music, LLC/Columbia",0.528,0.749,7,-7.571,1,0.0479,0.00488,0.000096,0.0949,0.729,163.944,4
spotify:track:11IDICxxV514u6S6IrOqQj,"Ubud Sun","Ubud Sun","Dre Dilla",2021-08-05,198100,8,false,,2022-11-26T17:37:11Z,"","Easy Sundays",0.7,0.331,8,-11.948,0,0.0675,0.181,0.868,0.134,0.427,90.999,4
spotify:track:3sG4x1x5BQFmcluWZTWVyB,"The Valleys","The Mountains, The Valleys, The Lakes","The Mountains",2014-01-24,219362,45,false,,2022-11-26T17:37:02Z,"","Parlophone Denmark",0.652,0.705,4,-6.84,1,0.0314,0.596,0.00717,0.514,0.861,140.044,4
spotify:track:1do3E46FxwDoP5wqNlECjZ,"Come Alive (Shining)","Back to Life EP","FMLYBND",2014-10-07,203434,46,false,,2022-11-26T17:36:58Z,"","FMLYBND",0.531,0.855,6,-4.745,0,0.0448,0.0000902,0.000927,0.0724,0.406,114.995,4
spotify:track:0JSux25Te5HYMSr2D64d02,"Levanta e Anda","O Glorioso Retorno de Quem Nunca Esteve Aqui","Emicida;Rael",2013,150439,57,false,,2022-11-26T17:36:49Z,"brazylijski hip-hop,nowe mpb","Laboratório Fantasma",0.488,0.931,9,-4.185,1,0.327,0.0907,0,0.446,0.823,87.33,4
spotify:track:3CVPyuuD6HxWXgPbbGqbg6,"Are You What You Want to Be?","Supermodel","Foster The People",2014-03-14,270693,56,false,,2022-11-26T17:36:44Z,"","Columbia",0.599,0.816,6,-5.002,0,0.0514,0.00702,0.0000028,0.508,0.595,126.02,4
spotify:track:0OS5J4N4pYDqXlJjzSOamS,"My Story","My Story","Derregbeatz",2020-12-23,260560,0,false,,2022-11-26T17:36:19Z,"","DerreGBeatz",0.653,0.322,5,-16.346,0,0.161,0.0385,0.536,0.103,0.569,77.512,4
spotify:track:2kAIpGWnlFLQh48iut6Zzq,"Free Spirit","Free Spirit","Khalid",2019-04-05,182080,55,false,,2022-11-26T17:36:09Z,"","Right Hand Music Group, LLC/RCA Records",0.627,0.446,2,-9.477,0,0.0332,0.308,0.00077,0.111,0.11,139.994,4
spotify:track:313z5XYoZ7cOvTcwLrAApD,"Tongues","How Do You Feel?","Joywave;KOPPS",2014-03-11,231920,39,false,,2022-11-26T17:36:04Z,"","Cultco Music",0.827,0.689,6,-7.127,0,0.044,0.000624,0.039,0.0964,0.943,117.95,4
spotify:track:2QRIB4sCxfeFP3hoG3Z8MJ,"6pm in madrid","atlas hour (beats)","oh, the joy.",2020-12-21,159170,0,false,,2022-11-26T17:35:57Z,"ambient","Peace of Mind Studio",0.584,0.408,6,-11.921,0,0.114,0.669,0.94,0.146,0.245,79.846,4
spotify:track:2RBnpzJVq1ZX67qmZsSg34,"Better Tomorrow - Acoustic","Better Tomorrow (Acoustic)","Matt Simons",2020-11-12,207599,21,false,,2022-11-26T17:35:49Z,"","[PIAS] Recordings Holland",0.92,0.442,0,-10.394,1,0.0694,0.0517,0.00000431,0.152,0.359,100.054,4
spotify:track:5W5l9ysNngpGz2J4xK8Rsa,"Nie Pytaj O Polskę","Tak! Tak!","Obywatel G.C.",2017-04-11,362280,53,false,,2022-11-22T09:23:02Z,"cold wave","ZPR Media",0.723,0.679,4,-7.937,0,0.0312,0.25,0.00497,0.0988,0.774,130.332,4
spotify:track:6zeE5tKyr8Nu882DQhhSQI,"Dust in the Wind","Point Of Know Return (Expanded Edition)","Kansas",1977,206266,81,false,,2022-11-20T23:24:01Z,"rock klasyczny,rock progresywny,aor","Epic/Legacy",0.475,0.322,7,-10.687,1,0.0283,0.367,0.00056,0.11,0.387,93.503,4
spotify:track:2EqlS6tkEnglzr7tkKAAYD,"Come Together - Remastered 2009","Abbey Road (Remastered)","The Beatles",1969-09-26,259946,80,false,,2022-11-20T22:03:13Z,"rock klasyczny,rock psychodeliczny","EMI Catalogue",0.53,0.376,9,-11.913,0,0.04,0.0304,0.247,0.0926,0.188,164.775,4
spotify:track:4SZepBIPDRwPaHIjAKwRDb,"R.I.P. SCREW","ASTROWORLD","Travis Scott",2018-08-03,185610,65,true,,2022-11-12T14:22:41Z,"rap","Cactus Jack / Epic",0.607,0.609,0,-5.978,0,0.291,0.389,0.000016,0.111,0.556,74.946,4
spotify:track:11kDth1aKUEUMq9r1pqyds,"5% TINT","ASTROWORLD","Travis Scott",2018-08-03,196138,74,true,,2022-11-12T13:22:22Z,"rap","Cactus Jack / Epic",0.712,0.481,4,-5.415,0,0.0487,0.173,0,0.241,0.062,140,4
spotify:track:5cXg9IQS34FzLVdHhp7hu7,"Big Shot (with Travis Scott)","Black Panther The Album Music From And Inspired By","Kendrick Lamar;Travis Scott",2018-02-09,221826,60,true,,2022-11-12T13:19:47Z,"hip-hop,west coast hip-hop,rap","Black Panther (TDE/DMG) PS",0.855,0.478,1,-9.116,1,0.193,0.00759,0,0.101,0.283,130.018,4
spotify:track:0dgAgBQijLtATLnQ9wxjrk,"Principles","Eggz Benny","_91nova",2022-02-18,125560,15,false,,2022-11-11T19:14:24Z,"","Epidemic Sound",0.747,0.476,0,-7.668,1,0.0573,0.318,0.345,0.154,0.5,86.003,4
spotify:track:1cZlBZwnwGPtYeRIeQcoFh,"wonderful","Birds In The Trap Sing McKnight","Travis Scott",2016-09-16,216945,65,true,,2022-11-07T20:41:41Z,"rap","Cactus Jack / Epic",0.769,0.569,1,-5.591,0,0.0786,0.0737,0,0.0571,0.612,146.062,4
spotify:track:5WoaF1B5XIEnWfmb5NZikf,"Sky Walker (feat. Travis Scott)","War & Leisure","Miguel;Travis Scott",2017-12-01,259334,79,true,,2022-11-07T19:41:25Z,"r&b,rap","ByStorm Entertainment/RCA Records",0.674,0.506,6,-10.532,1,0.0434,0.173,0,0.0866,0.183,145.965,4
spotify:track:1Ci4wASMY4xtKVMeHA6Sd5,"through the late night","Birds In The Trap Sing McKnight","Travis Scott",2016-09-16,286235,66,true,,2022-11-03T19:58:45Z,"rap","Cactus Jack / Epic",0.744,0.589,5,-1.218,0,0.0359,0.36,0,0.119,0.242,127.051,4
spotify:track:3xby7fOyqmeON8jsnom0AT,"Nightcrawler (feat. Swae Lee & Chief Keef)","Rodeo","Travis Scott;Swae Lee;Chief Keef",2015-09-04,321560,77,true,,2022-11-03T18:05:27Z,"rap,chicago drill,drill","Cactus Jack / Epic",0.522,0.731,3,-3.803,0,0.0325,0.0013,0,0.132,0.179,124.055,4
spotify:track:1LdXpFzKjF7Jz6jA82DYs0,"Lost Cause","Happier Than Ever","Billie Eilish",2021-07-30,212496,62,false,,2022-11-01T16:36:32Z,"","Darkroom/Interscope Records",0.683,0.327,10,-8.565,0,0.269,0.711,0.00631,0.0578,0.509,75.009,4
spotify:track:5XfmcJMAaifjRrIdLaXVLm,"No. 4, Largo","Chopin: Préludes","Fryderyk Chopin;Alexandre Tharaud",2008-02-08,131200,0,false,,2022-11-01T13:30:42Z,"fortepian klasyczny,muzyka klasyczna,impresjonizm","harmonia mundi",0.376,0.0164,9,-25.933,0,0.0475,0.991,0.866,0.116,0.0364,108.821,4
spotify:track:4A6C6K8c8IukPda2f0rI8J,"Suhpratti","Hum","Parazal",2020-07-24,186542,17,false,,2022-10-30T14:30:19Z,"","Jorge Marron",0.564,0.0515,11,-15.118,0,0.0338,0.974,0.765,0.114,0.214,93.961,4
spotify:track:0vIdj6ZxZrHhHjkbsLHap8,"Polskie Tango","Jarmark","Taco Hemingway;Lanek",2020-08-28,183253,0,false,,2022-10-27T12:40:48Z,"","2020",0.743,0.843,9,-5.131,1,0.112,0.0991,0,0.226,0.459,98.006,4
spotify:track:3aaTX4QU67Z6AMmEXsejlp,"Polonaise No. 6 in A-Flat Major, Op. 53, ""Heroic""","Chopin: Polonaises, Vol. 1","Fryderyk Chopin;Idil Biret",1991-05-01,441000,34,false,,2022-10-26T19:04:03Z,"fortepian klasyczny,muzyka klasyczna","Naxos",0.302,0.163,8,-19.902,1,0.0361,0.986,0.886,0.11,0.21,76.354,4
spotify:track:5ZpJxN8sy3LE8fUaXLhMsb,"Piano Sonata No. 3 in B Minor, Op. 58: IV. Finale. Presto non tanto","Chopin: Piano Sonatas Nos. 2 & 3","Fryderyk Chopin;Mitsuko Uchida",1988-01-01,309200,32,false,,2022-10-26T16:25:12Z,"fortepian klasyczny,muzyka klasyczna,koncert","Decca Music Group Ltd.",0.258,0.189,11,-22.146,1,0.0322,0.991,0.886,0.112,0.16,89.461,3
spotify:track:2Xlee2YZ4eDf5BlGw6MalD,"Krwawa jesień","Marmur","Taco Hemingway",2016-11-02,262893,0,false,,2022-10-20T16:26:00Z,"","Taco Corp",0.77,0.619,1,-8.884,1,0.146,0.712,0,0.203,0.656,90.981,4
spotify:track:1TkkcIphD6SpylUEY9X9SJ,"Grubo-chude psy","Marmur","Taco Hemingway",2016-11-02,169520,0,false,,2022-10-20T14:59:22Z,"","Taco Corp",0.559,0.552,0,-11.148,1,0.275,0.54,0,0.0945,0.445,91,4
spotify:track:0NbYHoDDqCgDmDFOzfLzAK,"River","Ibeyi","Ibeyi",2015-02-16,252095,46,false,,2022-10-18T19:12:55Z,"","XL Recordings",0.654,0.292,2,-12.977,1,0.474,0.095,0.00309,0.106,0.102,153.547,4
spotify:track:5BKKy9fIJL5uM9fz1SnqyP,"Chicago","XSCAPE","Michael Jackson",2014-05-09,245565,85,false,,2022-10-16T11:27:39Z,"","Epic/MJJ",0.608,0.756,7,-2.675,0,0.176,0.0784,0,0.187,0.55,176.086,4
spotify:track:6iRgcGnxISRX7aGayWUyUG,"Dusty Donuts","Dusty Donuts/Two Lovers at Teatime","Burrito Eats",2022-09-23,113006,15,false,,2022-10-15T19:34:32Z,"bity lofi,lofi,jazzowe bity","Sichtexot digital",0.689,0.428,6,-8.71,0,0.0417,0.0477,0.736,0.781,0.531,81.493,4
spotify:track:3m4iAUrVsW0BFkyOmdeNrr,"Cavern","Cavern","Lil Joke",2022-04-22,117039,4,false,,2022-10-03T18:42:24Z,"lofi","Lodge Records",0.717,0.332,8,-11.535,0,0.109,0.359,0.914,0.106,0.558,80.001,4
spotify:track:5sICkBXVmaCQk5aISGR3x1,"Enter Sandman","Metallica","Metallica",1991-08-12,331266,18,false,,2022-10-01T18:57:57Z,"metal,thrash metal,rock,heavy metal,hard rock","Blackened Recordings / Universal Music",0.577,0.828,6,-8.691,0,0.0298,0.00213,0.0114,0.0581,0.604,123.257,4
spotify:track:4aVuWgvD0X63hcOCnZtNFA,"Hold the Line","Toto","TOTO",1978-10-10,235552,84,false,,2022-10-01T18:20:16Z,"yacht rock,soft rock","Columbia",0.473,0.898,6,-4.797,0,0.0561,0.00783,0.0618,0.173,0.808,96.556,4
spotify:track:08mG3Y1vljYA6bvDt4Wqkj,"Back In Black","Back In Black","AC/DC",1980-07-25,256000,87,false,,2022-10-01T12:32:30Z,"rock,hard rock,rock klasyczny,rock and roll","Columbia",0.31,0.7,9,-5.678,1,0.047,0.011,0.00965,0.0828,0.763,188.386,4
spotify:track:31AOj9sFz2gM0O3hMARRBx,"Losing My Religion","Out Of Time (25th Anniversary Edition)","R.E.M.",1991-03-12,268426,88,false,,2022-10-01T09:51:05Z,"jangle pop,rock alternatywny,rock","Concord Records",0.666,0.855,9,-5.051,0,0.0295,0.179,0.0000012,0.0987,0.803,125.639,4
spotify:track:4fXGWiVhlOLdhwRDP6pIFG,"Lemon Tree","Dish Of The Day","Fools Garden",1995-01-01,191026,2,false,,2022-09-25T09:36:07Z,"","Lemonade Music",0.663,0.475,1,-8.834,1,0.0417,0.643,0,0.122,0.644,143.175,4
spotify:track:0LoQuiekvzqx7n8flgEKzF,"Get It On","Electric Warrior","T. Rex",1971-09-24,262613,70,false,,2022-09-19T08:04:00Z,"glam rock,proto-punk","Universal Music Group International",0.728,0.878,11,-6.926,0,0.0564,0.176,0.856,0.61,0.911,126.59,4
spotify:track:7IohFKIwrb75c4XaqX7WWo,"This Is Love","#willpower (Deluxe)","will.i.am;Eva Simons",2013-01-01,279026,62,false,,2022-08-20T20:55:57Z,"","Interscope",0.535,0.796,0,-3.446,0,0.0445,0.00473,0,0.145,0.282,128.951,4
spotify:track:4nuUssdgKFy2QyYHHNkZQW,"Sunday Bloody Sunday - Remastered 2008","War (Deluxe Edition Remastered)","U2",1983-02-28,279440,60,false,,2022-08-05T09:32:21Z,"rock","Universal-Island Records Ltd.",0.543,0.944,6,-7.495,1,0.0543,0.402,0.000564,0.0373,0.735,101.174,4
spotify:track:6nek1Nin9q48AVZcWs9e9D,"Paradise","Mylo Xyloto","Coldplay",2011-10-24,278719,86,false,,2022-07-09T13:58:10Z,"","Parlophone UK",0.449,0.585,5,-6.761,1,0.0268,0.0509,0.0000875,0.0833,0.212,139.631,4
spotify:track:6gXrEUzibufX9xYPk3HD5p,"Life in the Fast Lane - 2013 Remaster","Hotel California (2013 Remaster)","Eagles",1976-12-08,286219,73,false,,2022-07-05T07:10:59Z,"rock klasyczny,yacht rock,soft rock","Rhino/Elektra",0.667,0.755,9,-7.246,1,0.069,0.0966,0.0000694,0.0523,0.883,109.535,4
spotify:track:0K6yUnIKNsFtfIpTgGtcHm,"Limelight","Moving Pictures (2011 Remaster)","Rush",1981-02-12,259839,68,false,,2022-07-05T07:08:51Z,"rock progresywny,rock klasyczny,hard rock,rock,aor","Mercury Records",0.581,0.854,1,-8.485,0,0.0428,0.00197,0.0013,0.111,0.788,131.18,4
spotify:track:52uHmP1z8nNstMAch3jfwA,"Szlugi I Kalafiory","Trójkąt warszawski","Taco Hemingway",2015-05-13,186045,0,false,,2022-06-28T13:00:32Z,"","Taco Corp",0.873,0.527,11,-12.053,0,0.247,0.0489,0.00000181,0.336,0.133,88.005,4
spotify:track:7tBwkDCvo75xDAoGOQLKeJ,"Ekodiesel","Soma 0,5 mg","TACONAFIDE;Quebonafide;Taco Hemingway",2018-04-13,218986,0,false,,2022-06-28T12:21:11Z,"","Step Dystrybucja",0.812,0.639,2,-6.129,1,0.176,0.159,0.000277,0.114,0.663,142.044,4
spotify:track:7dotHr8PXxHNmJcvr3tli3,"Wszystko Jedno","Trójkąt warszawski","Taco Hemingway",2015-05-13,310152,0,true,,2022-06-28T11:52:15Z,"","Taco Corp",0.449,0.381,6,-14.151,0,0.447,0.235,0,0.117,0.393,77.641,4
spotify:track:2oF7FZHIJbzjeEXZ3D0Ku4,"Good Vibrations - Remastered 2001","Good Vibrations 40th Anniversary","The Beach Boys",2006-01-01,217746,60,false,,2022-06-21T18:27:17Z,"barokowy pop","Capitol Records",0.403,0.494,1,-6.888,1,0.0313,0.387,0.00000756,0.147,0.379,132.969,4
spotify:track:4Y4Gd3ty8uut6Qw43c7yJc,"(Sittin' On) the Dock of the Bay","The Dock of the Bay","Otis Redding",1968-02-23,166826,61,false,,2022-06-21T18:19:15Z,"motown,soul,klasyczny soul,soul blues","Elektra Records",0.484,0.312,2,-13.522,1,0.0535,0.724,0.00000165,0.0601,0.598,205.981,4
spotify:track:2Cdvbe2G4hZsnhNMKyGrie,"I Love Rock 'N Roll","I Love Rock 'N' Roll (Expanded Edition)","Joan Jett & the Blackhearts",1981-11-18,175173,73,false,,2022-06-13T21:12:36Z,"rock","Legacy Recordings",0.535,0.716,4,-5.025,1,0.0431,0.326,0,0.659,0.901,94.379,4
spotify:track:3YBZIN3rekqsKxbJc9FZko,"Paradise City","Appetite For Destruction","Guns N' Roses",1987-07-21,405640,11,true,,2022-06-13T20:26:54Z,"rock,glam metal,hard rock,rock klasyczny","Guns N Roses P&D",0.273,0.952,11,-8.762,1,0.0843,0.0169,0.0111,0.142,0.472,100.271,4
spotify:track:7w5cxTEzp1rfV3KCy0Bd5N,"Home","Up from Below","Edward Sharpe & The Magnetic Zeros",2009-07-14,303200,2,false,,2022-06-13T19:14:05Z,"","Vagrant Records",0.542,0.589,2,-6.623,1,0.0318,0.292,0.000522,0.177,0.137,111.665,4
spotify:track:4F5zFaOhAVkf7sywxrdt8o,"Zamki na piasku","Lady Pank","Lady Pank",2003-01-01,270120,57,false,,2022-06-13T17:36:20Z,"disco polo","MTJ",0.651,0.717,11,-8.846,0,0.0508,0.04,0.00237,0.139,0.742,89.692,4
spotify:track:77s6rpwP3usU5q7t7tzcXt,"Heartbeats","Heartbeats","Tom Walker",2019-10-03,192233,31,false,,2022-06-09T18:20:47Z,"","Relentless Records",0.45,0.753,3,-5.461,0,0.11,0.0639,0,0.0952,0.399,169.996,4
spotify:track:6QgjcU0zLnzq5OrUoSZ3OK,"Feel It Still","Woodstock","Portugal. The Man",2017-06-16,163253,84,false,,2022-06-09T18:03:44Z,"","Atlantic Records",0.801,0.795,1,-5.115,0,0.0504,0.0417,0.000113,0.0717,0.754,79.028,4
spotify:track:2e9N4vHYVUwSwRorBzsZXE,"Almost (Sweet Music)","Almost (Sweet Music)","Hozier",2019-01-16,217480,0,false,,2022-06-09T17:45:46Z,"","Columbia",0.427,0.689,7,-5.589,1,0.135,0.021,0.00000169,0.203,0.706,88.875,4
spotify:track:7B4HbpZCSfLzKGapKzlUPD,"Pachelbel: Canon and Gigue for Three Violins and Continuo in D Major: Canon","Mozart: Academy in Concert","Johann Pachelbel;Sir Neville Marriner;Academy of St. Martin in the Fields",1986,301586,55,false,,2022-06-02T17:57:25Z,"muzyka klasyczna,barok,koncert,orkiestrowa,muzyka kameralna","Warner Classics",0.128,0.132,2,-17.67,1,0.0353,0.744,0.942,0.107,0.0988,85.314,4
spotify:track:0J6mQxEZnlRt9ymzFntA6z,"Livin' On A Prayer","Slippery When Wet","Bon Jovi",1986-01-01,249293,6,false,,2022-05-27T14:35:52Z,"glam metal","Universal/Island Def Jam",0.534,0.887,0,-3.777,1,0.0345,0.0768,0.0000993,0.325,0.72,122.494,4
spotify:track:21ZLxvFYTLuZd5qo54zep7,"Magnetic Fields, Pt. 1","Les Chants Magnétiques / Magnetic Fields","Jean-Michel Jarre",1981-05-22,1078826,0,false,,2022-05-25T10:37:54Z,"new age,muzyka elektroniczna,space music","Sony Music Catalog",0.261,0.903,7,-9.336,1,0.0769,0.018,0.853,0.577,0.192,139.489,4
spotify:track:1k112Kp1S5NecOi3bZ5CnL,"Czarna kawa czeka","Flagey EP","Taco Hemingway",2018-07-20,209840,0,true,,2022-05-25T09:57:58Z,"","Taco Corp",0.496,0.532,1,-8.309,1,0.407,0.297,0,0.567,0.177,169.944,4
spotify:track:1A0kkBkOz7kMyyaYegwysl,"Relief","Relief","Midnight Sleep",2022-04-05,156816,18,false,,2022-05-21T17:51:18Z,"bity lofi,lofi","Lopills",0.707,0.338,2,-10.023,1,0.0762,0.679,0.924,0.103,0.0396,150.117,4
spotify:track:6AnCrCwqMrMvAUlDjb2pLq,"Alicia","Alicia","Da Sacnite",2021-10-03,135529,13,false,,2022-05-19T14:30:19Z,"bity lofi,lofi","Boshi Collective",0.823,0.211,1,-8.711,1,0.0434,0.447,0.721,0.0974,0.765,85.012,4
spotify:track:57iDDD9N9tTWe75x6qhStw,"Bitter Sweet Symphony - Remastered 2016","Urban Hymns (Remastered 2016)","The Verve",1997-09-29,357266,87,false,,2022-05-17T17:44:05Z,"britpop,shoegaze","UMC (Universal Music Catalogue)",0.356,0.917,9,-6.006,1,0.0479,0.0335,0,0.406,0.518,171.176,4
spotify:track:57bgtoPSgt236HzfBOd8kj,"Thunderstruck","The Razors Edge","AC/DC",1990-09-24,292333,88,false,,2022-05-17T17:23:42Z,"rock,hard rock,rock klasyczny,rock and roll","Columbia",0.502,0.89,4,-5.175,1,0.0364,0.000147,0.0117,0.217,0.259,133.52,4
spotify:track:5Th6EdNVhxp0TPX41ZLZk6,"One Way Or Another - Remastered 2001","One Way Or Another","Blondie",1979,212706,60,false,,2022-05-17T15:20:43Z,"","Capitol Records",0.45,0.877,9,-6.403,1,0.0532,0.0118,0.0000495,0.0699,0.896,162.477,4
spotify:track:5wj4E6IsrVtn8IBJQOd0Cl,"Wonderwall (Remastered)","(What's The Story) Morning Glory? (Deluxe Edition) [Remastered]","Oasis",1995-10-02,258732,3,false,,2022-05-17T15:16:24Z,"britpop,madchester","Big Brother Recordings, Ltd.",0.372,0.865,2,-4.918,1,0.0381,0.000453,0,0.234,0.478,174.53,4
spotify:track:5UWwZ5lm5PKu6eKsHAGxOk,"Everlong","The Colour And The Shape","Foo Fighters",1997-05-20,250546,87,false,,2022-05-17T13:53:56Z,"rock,post-grunge,rock alternatywny,grunge","RCA Records Label",0.413,0.881,11,-5.541,0,0.0367,0.0000599,0.000308,0.0805,0.364,158.066,4
spotify:track:4SCbD68sf3dBfaE2X8uDSP,"Seven Nation Army","Seven Nation Army","Gaullin;Julian Perretta",2021-05-14,173658,61,false,,2022-05-12T16:27:40Z,"slap house","Columbia/B1 Recordings",0.822,0.89,4,-2.757,1,0.112,0.0382,0.00206,0.106,0.218,122.989,4
spotify:track:4ZhPLoMzZwewHLLjV1J15c,"99 Luftballons","Nena","Nena",1983-09-23,232466,6,false,,2022-05-10T17:29:45Z,"neue deutsche welle,schlager,niemiecki pop","BMG Rights Management GmbH",0.575,0.555,4,-7.495,1,0.0453,0.103,0.0000013,0.111,0.504,95.361,4
spotify:track:3IOQZRcEkplCXg6LofKqE9,"Iron Man - 2012 - Remaster","Paranoid (Remaster)","Black Sabbath",1970-09-18,355303,72,false,,2022-04-26T14:16:37Z,"metal,heavy metal,rock,stoner rock,doom metal,hard rock","Rhino/Warner Records",0.336,0.792,9,-10.875,1,0.084,0.00351,0.00175,0.0437,0.427,155.587,4
spotify:track:2SiXAy7TuUkycRVbbWDEpo,"You Shook Me All Night Long","Back In Black","AC/DC",1980-07-25,210328,85,false,,2022-04-26T14:13:39Z,"rock,hard rock,rock klasyczny,rock and roll","Columbia",0.532,0.767,7,-5.509,1,0.0574,0.00287,0.000513,0.39,0.755,127.361,4
spotify:track:5eYwDBLucWfWI5KsV7oYX2,"Mary Jane's Last Dance","Anthology: Through The Years","Tom Petty and the Heartbreakers",2000-01-01,272266,1,false,,2022-04-26T14:09:54Z,"rock klasyczny","Interscope",0.402,0.814,10,-4.954,1,0.14,0.0383,0.00000119,0.266,0.516,170.02,4
spotify:track:6mgKP4yo57GTSMc3fJlyWm,"Ingénue","Ingénue","Eline Moss",2019-11-18,158176,28,false,,2022-04-22T21:38:33Z,"","Eline Moss",0.283,0.122,9,-23.074,1,0.0285,0.993,0.905,0.0927,0.112,83.746,4
spotify:track:5X76oXHcR5uCXali0gOyX5,"White Room","Wheels Of Fire (Remastered)","Cream",1968-07-01,303200,0,false,,2022-04-21T19:22:59Z,"rock klasyczny,rock psychodeliczny,acid rock,blues rock","Universal Music Group",0.55,0.576,0,-13.475,1,0.0306,0.178,0.00935,0.0555,0.486,109.837,4
spotify:track:5hmek3mrSYvfSElBsPNbxo,"Immortal Rites","Altars of Madness","Morbid Angel",1989,243520,50,false,,2022-04-12T13:31:52Z,"death metal,grindcore,metal,thrash metal,black metal","Earache Records Ltd",0.19,0.934,1,-7.796,1,0.056,0.00000808,0.107,0.363,0.36,98.424,3
spotify:track:2IZZqH4K02UIYg5EohpNHF,"Zombie","No Need To Argue","The Cranberries",1994-10-03,306426,7,false,,2022-04-10T20:02:03Z,"","Island Records",0.307,0.635,7,-8.957,1,0.0339,0.0154,0.00483,0.366,0.304,166.973,4
spotify:track:0RO9W1xJoUEpq5MEelddFb,"Stairway to Heaven - Remaster","Led Zeppelin IV (Remaster)","Led Zeppelin",1971-11-08,482830,67,false,,2022-04-10T18:40:40Z,"rock klasyczny,rock,hard rock,rock and roll","Atlantic Records",0.338,0.34,9,-12.049,0,0.0339,0.58,0.0032,0.116,0.197,82.433,4
spotify:track:6L89mwZXSOwYl76YXfX13s,"Basket Case","Dookie","Green Day",1994-02-01,181533,86,false,,2022-04-10T18:33:14Z,"punk,pop punk","Reprise",0.442,0.943,3,-3.205,1,0.0602,0.00293,0.00000871,0.091,0.781,85.064,4
spotify:track:1Ly0ssAgeM7YqdHptao8Oe,"Paranoid","Greatest Hits","Black Sabbath",2014-03-28,168440,1,false,,2022-04-10T15:26:07Z,"metal,heavy metal,rock,stoner rock,doom metal,hard rock","Sanctuary",0.426,0.619,4,-11.501,0,0.0722,0.0000844,0.00239,0.17,0.382,162.721,4
spotify:track:70LcF31zb1H0PyJoS1Sx1r,"Creep","Pablo Honey","Radiohead",1993-02-22,238640,93,true,,2022-04-10T14:06:50Z,"art rock,rock alternatywny","XL Recordings",0.515,0.43,7,-9.935,1,0.0372,0.0097,0.000133,0.129,0.104,91.844,4
spotify:track:39shmbIHICJ2Wxnk1fPSdz,"Should I Stay or Should I Go - Remastered","Combat Rock (Remastered)","The Clash",1982,188987,84,false,,2022-04-08T16:10:55Z,"punk","Sony Music UK",0.743,0.836,2,-6.465,1,0.116,0.0804,0,0.384,0.82,113.375,4
spotify:track:3dPQuX8Gs42Y7b454ybpMR,"Seven Nation Army","Elephant","The White Stripes",2003-04-01,232106,86,false,,2022-04-07T20:03:24Z,"garage rock,blues rock,rock,rock alternatywny","Legacy Recordings",0.743,0.446,4,-7.807,0,0.0683,0.0039,0.118,0.337,0.278,123.596,4
spotify:track:1nFtiJxYdhtFfFtfXBv06s,"Something In The Way","Nevermind (Remastered)","Nirvana",1991-09-26,232146,71,false,,2022-04-07T19:39:13Z,"grunge,rock","Geffen",0.427,0.201,8,-13.044,1,0.0317,0.745,0.263,0.109,0.0668,105.218,4
spotify:track:57JVGBtBLCfHw2muk5416J,"Another One Bites The Dust - Remastered 2011","The Game (Deluxe Remastered Version)","Queen",1980-06-27,214653,76,false,,2022-04-01T14:53:18Z,"rock klasyczny,rock,glam rock","Hollywood Records",0.932,0.528,5,-6.472,0,0.161,0.115,0.329,0.163,0.757,109.975,4
spotify:track:0gC1ltoVLrVfP8wcBlqaVH,"Polonaise No. 3 in A Major, Op. 40, No. 1 'Military'","Chopin: Polonaises","Fryderyk Chopin;Rafal Blechacz",2013-01-01,306053,34,false,,2022-03-20T15:43:27Z,"fortepian klasyczny,muzyka klasyczna","Deutsche Grammophon (DG)",0.326,0.291,9,-14.985,1,0.0293,0.972,0.862,0.139,0.247,96.02,3
spotify:track:6IRdLKIyS4p7XNiP8r6rsx,"all the good girls go to hell","WHEN WE ALL FALL ASLEEP, WHERE DO WE GO?","Billie Eilish",2019-03-29,168839,73,false,,2022-02-10T18:39:17Z,"","Darkroom/Interscope Records",0.726,0.444,8,-8.922,0,0.372,0.283,0.143,0.177,0.569,185.044,4
spotify:track:3yrSvpt2l1xhsV9Em88Pul,"Brown Eyed Girl","Blowin' Your Mind!","Van Morrison",1967-09,183306,20,false,,2022-01-31T19:06:19Z,"","Columbia/Legacy",0.491,0.583,7,-10.964,1,0.0376,0.185,0,0.406,0.908,150.566,4
spotify:track:0Y9BzZGT2FuLVPrHoq1g2G,"Fantaisie-Impromptu in C-Sharp Minor, Op. 66","Chopin: Fantaisie-Impromptu In C Sharp Minor, Op. 66","Fryderyk Chopin;Daniil Trifonov",2017-08-25,336093,54,false,,2022-01-30T11:43:52Z,"fortepian klasyczny,muzyka klasyczna","Deutsche Grammophon (DG)",0.155,0.0522,1,-25.087,1,0.0413,0.993,0.894,0.105,0.0585,70.473,3
spotify:track:4Gjn2xoEw001ZaYKz76s7T,"Waltz No. 6 in D-Flat Major, Op. 64 No. 1 ""Minute Waltz""","Chopin: Complete Waltzes","Fryderyk Chopin;Alice Sara Ott",2010-01-01,114400,46,false,,2022-01-28T17:44:26Z,"fortepian klasyczny,muzyka klasyczna","Deutsche Grammophon (DG)",0.192,0.0393,8,-31.841,1,0.0462,0.988,0.933,0.147,0.28,167.022,4
spotify:track:41AE8ODX2JETBCa6muhSLY,"Heart Of Glass","Greatest Hits: Blondie","Blondie",2006-01-01,252186,68,false,,2022-01-26T11:52:06Z,"","Capitol Records",0.726,0.696,4,-8.017,1,0.0333,0.00114,0.0771,0.0563,0.41,114.691,4
spotify:track:79DjvbtNrHbQ1AOJPbo5qe,"Keep My Coo","Keep My Coo","Lil Peep",2014-11-18,266186,0,true,,2022-01-20T12:23:21Z,"emo rap,cloud rap","Lil Peep",0.816,0.723,2,-7.02,1,0.0412,0.00618,0,0.263,0.0473,119.973,4
spotify:track:2xWVD6aecDSHroyPVVcPpa,"Love Me Right","Conexão - EP","Amber Mark",2018-05-04,291900,48,false,,2022-01-13T11:50:24Z,"alternatywne r&b,indie soul","EMI",0.53,0.525,5,-6.767,0,0.0522,0.0842,0.0000211,0.109,0.231,179.944,4
spotify:track:0FfqyjhB6Kspvit1oOo7ax,"GOLDWING","Happier Than Ever","Billie Eilish",2021-07-30,151536,68,false,,2022-01-13T11:44:24Z,"","Darkroom/Interscope Records",0.654,0.303,5,-13.943,0,0.126,0.755,0.159,0.0957,0.168,160.095,4
spotify:track:02MWAaffLxlfxAUY7c5dvx,"Heat Waves","Dreamland (+ Bonus Levels)","Glass Animals",2020-08-06,238805,10,false,,2022-01-13T11:08:20Z,"","Polydor Records",0.761,0.525,11,-6.9,1,0.0944,0.44,0.0000067,0.0921,0.531,80.87,4
spotify:track:16lscXk0JZ078EVRAIN7Bs,"24 Preludes, Op. 28: No. 15 in D Flat Major. Sostenuto ""Raindrop""","Chopin: 24 Preludes, Op. 28: No. 15 in D Flat Major. Sostenuto ""Raindrop""","Fryderyk Chopin;Alice Sara Ott",2021-06-11,379666,46,false,,2022-01-09T21:49:44Z,"fortepian klasyczny,muzyka klasyczna","Deutsche Grammophon (DG)",0.401,0.0127,1,-23.075,1,0.0586,0.995,0.906,0.0859,0.0691,130.857,4
spotify:track:4t2OeILB07eMGTXSUbMPEu,"Oxytocin","Happier Than Ever","Billie Eilish",2021-07-30,210232,71,false,,2022-01-06T20:41:59Z,"","Darkroom/Interscope Records",0.757,0.598,11,-7.777,1,0.058,0.0904,0.551,0.15,0.18,124.951,4
spotify:track:7bcy34fBT2ap1L4bfPsl9q,"I Didn't Change My Number","Happier Than Ever","Billie Eilish",2021-07-30,158463,73,true,,2022-01-06T13:25:39Z,"","Darkroom/Interscope Records",0.849,0.48,9,-5.835,1,0.226,0.612,0.269,0.295,0.677,142.021,4
spotify:track:4SSnFejRGlZikf02HLewEF,"bury a friend","WHEN WE ALL FALL ASLEEP, WHERE DO WE GO?","Billie Eilish",2019-03-29,193143,75,false,,2022-01-04T08:59:32Z,"","Darkroom/Interscope Records",0.905,0.389,8,-14.505,1,0.332,0.74,0.162,0.106,0.196,120.046,4
spotify:track:2njUxZ4151DWIrfIK3loFj,"COPYCAT - Sofi Tukker Remix","COPYCAT (Sofi Tukker Remix)","Billie Eilish;SOFI TUKKER",2018-01-12,198684,52,false,,2022-01-04T08:39:34Z,"","Darkroom",0.682,0.955,4,-5.02,0,0.0591,0.0585,0.0000318,0.226,0.451,124.999,4
spotify:track:73SpzrcaHk0RQPFP73vqVR,"No Time To Die","No Time To Die","Billie Eilish",2020-02-13,242265,77,false,,2022-01-04T08:05:30Z,"","Darkroom/Interscope Records",0.344,0.22,4,-13.218,0,0.0365,0.917,0.0107,0.0827,0.0522,70.895,4
spotify:track:1YQWosTIljIvxAgHWTp7KP,"Take Five","Time Out","The Dave Brubeck Quartet",1959-12-14,328831,71,false,,2021-11-25T18:00:37Z,"jazz,cool jazz","Columbia/Legacy",0.454,0.26,8,-13.193,0,0.0401,0.539,0.00078,0.0675,0.598,174.322,5
spotify:track:17i5jLpzndlQhbS4SrTd0B,"Cello Suite No. 1 in G Major, BWV 1007: I. Prélude","Bach: Cello Suites Nos. 1, 5 & 6","Johann Sebastian Bach;Yo-Yo Ma",1983,152280,70,false,,2021-11-20T20:43:18Z,"barok,muzyka klasyczna,fortepian klasyczny,koncert,muzyka dawna,muzyka kameralna","Sony Classical",0.275,0.157,7,-18.752,1,0.0636,0.89,0.842,0.186,0.304,73.289,4
spotify:track:0aJDvIeUkceMRueD84rRDR,"Waltz in A Minor, Op. Posth., B. 150","Chopin: Waltzes","Fryderyk Chopin;Vittorio Forte",2018-08-03,148830,0,false,,2021-11-09T19:35:46Z,"fortepian klasyczny,muzyka klasyczna","Aevea Classics",0.461,0.0457,9,-28.398,0,0.0587,0.988,0.913,0.0619,0.122,73.86,3
spotify:track:63SevszngYpZOwf63o61K4,"Nevermind","Nevermind","Dennis Lloyd",2017-06-30,156600,80,false,,2021-10-27T05:22:08Z,"","WM Italy",0.6,0.688,5,-8.339,0,0.201,0.159,0.0000129,0.409,0.0793,99.977,4
spotify:track:0SFq19lgG4qbQAZaNZ3xhO,"Movement","Wasteland, Baby!","Hozier",2019-03-01,237800,67,false,,2021-10-27T05:19:09Z,"","Universal-Island Records Ltd.",0.381,0.502,1,-5.505,0,0.037,0.16,0.0000698,0.0842,0.148,144.204,4
spotify:track:2qTZ6o9q4vxxVlGbsJCFTA,"Summer","Summer","Sweet Oscar;soave lofi",2021-08-13,116470,30,false,,2021-10-23T16:03:33Z,"lofi","Soave lo-fi",0.789,0.475,0,-17.032,1,0.065,0.618,0.881,0.111,0.271,169.94,4
spotify:track:2UbVnbE5FH6008mAm6Mmgw,"Run","Run","OneRepublic",2021-05-05,169010,69,false,,2021-09-12T18:46:04Z,"soft pop","Mosley Music/Interscope Records",0.682,0.72,11,-8.173,0,0.0381,0.326,0,0.148,0.673,117.003,4
spotify:track:2OwKfQWsrkGJGULGijojrv,"Remember (Walking In the Sand)","Choice Rock Cuts, Vol. 1","The Shangri-Las",2005-08-19,139773,0,false,,2021-09-11T20:20:51Z,"doo-wop","San Juan Music Group",0.498,0.516,10,-9.714,1,0.0365,0.734,0.306,0.206,0.354,66.209,4
spotify:track:2S6XOQqWqUBIySUU00vMru,"Beggin'","New Gold Hits","The Four Seasons",1967-05-01,170626,55,false,,2021-09-11T11:17:58Z,"","Rhino",0.59,0.356,2,-14.656,0,0.0404,0.0651,0,0.167,0.375,129.639,4
spotify:track:20R4HfKloPKgXDqU7UKk3x,"Therefore I Am","Happier Than Ever","Billie Eilish",2021-07-30,173539,73,false,,2021-08-01T10:58:21Z,"","Darkroom/Interscope Records",0.879,0.365,2,-7.781,1,0.0924,0.227,0.135,0.0583,0.663,94.016,4
spotify:track:6gi6y1xwmVszDWkUqab1qw,"OUT WEST (feat. Young Thug)","JACKBOYS","JACKBOYS;Travis Scott;Young Thug",2019-12-27,157712,77,true,,2021-06-19T13:34:01Z,"rap,melodyjny rap,trap","Cactus Jack/Epic",0.802,0.591,8,-4.895,1,0.225,0.0104,0,0.196,0.309,139.864,4
spotify:track:3Us3fs73Osemh7jsxkGjol,"Żyrandol","Marmur","Taco Hemingway",2016-11-02,230986,0,false,,2021-06-14T08:16:10Z,"","Taco Corp",0.728,0.634,11,-8.255,1,0.361,0.229,0,0.554,0.635,79.857,4
spotify:track:54qmGkfYnt4bmpAW7354eS,"Keep My Coo","EVERYBODY'S EVERYTHING","Lil Peep",2019-11-15,266186,0,true,,2021-06-02T16:15:37Z,"emo rap,cloud rap","Columbia",0.815,0.722,11,-6.99,0,0.0408,0.00578,0,0.254,0.0482,119.998,4
spotify:track:4Mk182JPhy1MEwIvSV5VME,"Illest","Illest","Baker Grace",2019-04-25,222237,0,false,,2021-06-02T06:31:29Z,"","Baker Grace",0.742,0.526,11,-7.075,0,0.0533,0.0373,0.000195,0.145,0.342,119.968,4
spotify:track:5FKkbyGm42hw1y08l2knlO,"(I Can't Get No) Satisfaction - Mono","Hot Rocks 1964-1971","The Rolling Stones",1971-12-20,222746,54,false,,2021-05-27T17:36:23Z,"rock klasyczny,rock","ABKCO Music and Records, Inc.",0.731,0.837,9,-8.673,1,0.0477,0.000287,0.15,0.0978,0.832,135.603,4
spotify:track:0wz1LjDb9ZNEYwOmDJ3Q4b,"Surfin' U.S.A. - Remastered 2001","Surfin' USA (Remastered)","The Beach Boys",1963-03-25,149373,72,false,,2021-05-27T17:31:37Z,"barokowy pop","Capitol Records",0.55,0.854,3,-5.968,1,0.036,0.661,0,0.112,0.965,159.231,4
spotify:track:3kYARoLSAvt86VFZ55BQcq,"Head In The Clouds","Head In The Clouds","88rising;Joji",2018-07-20,178022,0,false,,2021-05-26T12:56:51Z,"","88rising Music/Warner Records",0.516,0.456,9,-9.242,1,0.0397,0.281,0.0000127,0.0847,0.238,145.843,4
spotify:track:6H167kbd8gY2Eewzf14YjD,"777","Nectar","Joji",2020-09-25,181772,0,false,,2021-05-25T19:23:47Z,"","88rising Music/Warner Records",0.574,0.604,1,-9.933,0,0.0863,0.268,0.00000298,0.139,0.181,179.636,4
spotify:track:5dl8x4xLEzZC0f927WBTUG,"High Hopes (feat. Omar Apollo)","Nectar","Joji;Omar Apollo",2020-09-25,182400,0,true,,2021-05-25T17:31:28Z,"bedroom pop","88rising Music/Warner Records",0.719,0.369,1,-9.12,0,0.193,0.472,0.0572,0.102,0.364,150.076,4
spotify:track:5E7p95xh9Ul4vZp4LEoJwi,"Tick Tock","Nectar","Joji",2020-09-25,132215,0,false,,2021-05-25T17:16:46Z,"","88rising Music/Warner Records",0.781,0.613,4,-5.582,0,0.0524,0.0399,0.00713,0.0976,0.613,80.53,4
spotify:track:5sbZj8hcae2ebXVBonKQ6g,"Your Man","Nectar","Joji",2020-09-25,163758,0,false,,2021-05-24T18:22:54Z,"","88rising Music/Warner Records",0.785,0.818,7,-8.711,1,0.099,0.624,0.149,0.149,0.0503,117.98,4
spotify:track:6dktyiCWz2JYGmcPQ5D5dY,"Peach Jam","Head In The Clouds","88rising;Joji;BlocBoy JB",2018-07-20,161713,0,true,,2021-05-24T17:15:29Z,"","88rising Music/Warner Records",0.857,0.668,7,-6.816,1,0.052,0.0175,0.000595,0.101,0.624,89.986,4
spotify:track:6Ww8GHdPCl8MqZBhPn4LKd,"Daylight","Nectar","Joji;Diplo",2020-09-25,163905,0,true,,2021-05-22T12:11:49Z,"moombahton","88rising Music/Warner Records",0.526,0.751,7,-7.573,1,0.0479,0.00517,0.000112,0.0954,0.739,163.933,4
spotify:track:5SjtAe7xzUgHDtNTmt8zS7,"MODUS","Nectar","Joji",2020-09-25,207265,0,false,,2021-05-22T12:08:28Z,"","88rising Music/Warner Records",0.738,0.533,7,-7.617,1,0.0492,0.183,0.000252,0.115,0.262,132.008,4
spotify:track:0rKtyWc8bvkriBthvHKY8d,"SLOW DANCING IN THE DARK","BALLADS 1","Joji",2018-10-26,209273,5,true,,2021-05-22T11:32:53Z,"","88rising Music/Warner Records",0.515,0.479,3,-7.458,1,0.0261,0.544,0.00598,0.191,0.284,88.964,4
spotify:track:3wvhIkvzZKCab1FpZXkWI7,"2031","Café Belga","Taco Hemingway",2018-07-13,299546,0,true,,2021-05-05T15:16:37Z,"","Taco Corp",0.859,0.524,5,-8.45,1,0.351,0.225,0,0.0922,0.7,138.027,4
spotify:track:5mv7w7lsmOAWhSMYPz7vSN,"Głupi byt","Szprycer","Taco Hemingway",2017-07-31,250106,0,false,,2021-05-05T15:08:40Z,"","Asfalt Records",0.825,0.525,2,-8.744,0,0.219,0.173,0.0000054,0.101,0.34,109.952,4
spotify:track:4nwWregLYkgfB3FyryTAJj,"Metallica 808","Metallica 808","TACONAFIDE;Quebonafide;Taco Hemingway",2018-04-04,187965,0,false,,2021-05-05T13:12:16Z,"","Step Dystrybucja",0.621,0.789,2,-6.262,1,0.235,0.181,0,0.128,0.327,169.984,4
spotify:track:2Mxs1xRmWFdxtpyRLiFsVM,"WYTRAWNE (Z NUTĄ DESPERACJI)","POCZTÓWKA Z WWA, LATO '19","Taco Hemingway",2019-07-24,191173,0,false,,2021-05-04T18:41:01Z,"","Taco Corp",0.792,0.496,2,-8.103,1,0.179,0.124,0.000067,0.566,0.156,89.974,4
spotify:track:3NkZ6DpmPCqBQlYSIZbEOA,"Anja","Flagey","Taco Hemingway",2018-07-20,189240,0,true,,2021-05-04T18:21:58Z,"","Taco Corp",0.674,0.598,9,-7.125,0,0.249,0.619,0,0.349,0.689,147.923,4
spotify:track:6aNkqtxWpCbP6fwMuscKEU,"Nowy Kolor","Nowy Kolor","Otsochodzi;Taco Hemingway",2017-08-09,188112,0,true,,2021-05-04T17:58:33Z,"","Asfalt",0.694,0.663,11,-6.882,0,0.334,0.631,0,0.0906,0.214,154.852,4
spotify:track:0RyvsxeRLp3Kt0TnoCU6an,"Marmur","Marmur","Taco Hemingway",2016-11-02,309997,0,false,,2021-05-04T17:11:23Z,"","Asfalt Records",0.75,0.504,11,-11.815,1,0.295,0.417,0.0000107,0.529,0.309,100.035,4
spotify:track:6FfKeJ8HgE8YfZ14a4WjTA,"515","Wosk","Taco Hemingway",2016-07-26,192131,0,false,,2021-04-22T17:57:43Z,"","Taco Corp",0.852,0.273,8,-10.174,1,0.459,0.294,0,0.155,0.478,97.01,4
spotify:track:3IlWfeFjBDWJkTXQdWNvSS,"ANTYSMOGOWA MASKA W MOIM CARRY-ON BAGGAGE","POCZTÓWKA Z WWA, LATO '19","Taco Hemingway;Pezet",2019-07-24,243200,0,false,,2021-04-21T18:42:58Z,"","Taco Corp",0.662,0.618,6,-8.768,0,0.361,0.0972,0.00000104,0.61,0.503,90,4
spotify:track:2OF6wgZkl1KcoZARqbuRJk,"Wosk","Wosk","Taco Hemingway",2016-07-26,233726,0,false,,2021-04-19T17:43:51Z,"","Taco Corp",0.644,0.503,10,-12.027,0,0.52,0.18,0,0.463,0.526,190.093,4
spotify:track:5gPY9LslN50XF8KM5KYnhv,"Ślepe sumy","Marmur","Taco Hemingway",2016-11-02,216253,0,false,,2021-04-19T16:25:42Z,"","Taco Corp",0.732,0.496,7,-9.029,1,0.151,0.661,0.0035,0.108,0.385,88.979,4
spotify:track:0uoNvYGFiUPtF0OM9j92DS,"Szczerze","Wosk","Taco Hemingway",2016-07-26,201344,0,false,,2021-04-19T15:09:05Z,"","Taco Corp",0.765,0.374,1,-14.687,1,0.403,0.768,0.00156,0.267,0.609,160.027,4
spotify:track:3j7hocAJDvXDglkKBHkDe7,"Od zera","Umowa o dzieło","Taco Hemingway",2015-06-28,116920,0,false,,2021-04-19T15:02:21Z,"","Taco Corp",0.461,0.57,5,-11.559,0,0.0498,0.827,0,0.38,0.691,140.072,4
spotify:track:0KY3vzMW9Ke1lYUeeuQ8xO,"bigos","bigos","schafter;Sergiusz;Taco Hemingway",2019-11-06,219320,35,true,,2021-04-17T20:12:40Z,"","Universal Music Polska Sp. z o.o.",0.829,0.826,6,-7.952,1,0.161,0.3,0.0000294,0.0825,0.925,152.045,4
spotify:track:3DpfBzwnGRSdxN2iFKC1eq,"Do Ziomów","NieKumam","Żabson",2015-07-22,248484,36,false,,2021-02-19T08:08:37Z,"","2015 Żabson",0.716,0.755,0,-8.07,1,0.157,0.232,0,0.228,0.688,124.968,4
spotify:track:4nmGP4PTzHM71yQIuwFMnU,"Biznesmen","Passion Fruits","Żabson",2016-06-20,243564,0,false,,2021-02-19T08:07:57Z,"","QueQuality",0.732,0.769,8,-3.477,1,0.0338,0.0301,0,0.114,0.319,138.053,5
spotify:track:4pGqFOfzvfe6avb9kbZicC,"Sweater Weather","I'm Sorry...","The Neighbourhood",2012-08-07,240040,65,false,,2021-02-12T19:45:48Z,"","the [r]evolve group",0.695,0.615,7,-5.325,0,0.042,0.15,0.000212,0.0879,0.414,124.015,4
spotify:track:1xYpVRspgaLxdJLOTQkTjg,"STOP TRYING TO BE GOD","ASTROWORLD","Travis Scott",2018-08-03,338438,67,true,,2021-02-11T10:52:11Z,"rap","Cactus Jack / Epic",0.588,0.567,4,-3.738,0,0.0628,0.221,0,0.135,0.113,150.009,4
spotify:track:1fewSx2d5KIZ04wsooEBOz,"Space Cadet (feat. Gunna)","NOT ALL HEROES WEAR CAPES (Deluxe)","Metro Boomin;Gunna",2018-11-06,203266,77,true,,2021-02-11T10:33:38Z,"melodyjny rap","Republic Records",0.901,0.464,5,-9.789,0,0.0645,0.368,0.0000182,0.238,0.638,109.004,4
spotify:track:2cYqizR4lgvp4Qu6IQ3qGN,"BUTTERFLY EFFECT","ASTROWORLD","Travis Scott",2018-08-03,190557,82,false,,2021-02-11T10:25:45Z,"rap","Cactus Jack / Epic",0.763,0.628,11,-5.85,1,0.05,0.0531,0,0.114,0.193,140.958,4
spotify:track:1wHZx0LgzFHyeIZkUydNXq,"Antidote","Rodeo","Travis Scott",2015-09-04,262693,73,true,,2021-02-10T11:37:16Z,"rap","Cactus Jack / Epic",0.714,0.527,1,-5.046,1,0.0322,0.00787,0.00015,0.124,0.123,131.046,4
spotify:track:20dP2DaMHIAmwWAbp7peSr,"pick up the phone (feat. Quavo)","Birds In The Trap Sing McKnight","Young Thug;Travis Scott;Quavo",2016-09-16,252256,69,true,,2021-02-10T11:22:39Z,"rap,melodyjny rap,trap","Cactus Jack / Epic",0.711,0.739,7,-3.804,0,0.129,0.114,0,0.226,0.43,136.919,4
spotify:track:5cgEadiGKjtTP1Q6NJqVP5,"A-Team","A-Team","Travis Scott",2016-02-06,176640,58,true,,2021-02-10T10:58:37Z,"rap","Cactus Jack / Epic",0.626,0.526,7,-4.112,0,0.0452,0.0485,0.00627,0.107,0.17,127.977,4
spotify:track:7lAK3oHbfEnvUQWosrMMpR,"YOSEMITE","ASTROWORLD","Travis Scott",2018-08-03,150043,77,false,,2021-02-04T18:49:39Z,"rap","Cactus Jack / Epic",0.785,0.554,0,-6.571,1,0.0409,0.283,0.0000034,0.116,0.144,128.047,4
spotify:track:3eekarcy7kvN4yt5ZFzltW,"HIGHEST IN THE ROOM","HIGHEST IN THE ROOM","Travis Scott",2019-10-04,175720,84,true,,2021-02-03T10:18:48Z,"rap","Cactus Jack/Epic",0.598,0.427,7,-8.764,0,0.0317,0.0546,0.00000583,0.21,0.0605,76.469,4
spotify:track:0wjEBh3jHeQsjH82v4rjRE,"6 zer","Umowa o dzieło","Taco Hemingway",2015-06-28,237146,0,true,,2021-01-31T10:18:16Z,"","Taco Corp",0.74,0.476,1,-10.292,1,0.341,0.815,0.0000176,0.355,0.322,91.986,4
spotify:track:5jumw9HzKWgSruqVgfajuk,"WUJEK DOBRA RADA","POCZTÓWKA Z WWA, LATO '19","Taco Hemingway",2019-07-24,173786,0,false,,2021-01-31T10:14:39Z,"","Taco Corp",0.869,0.685,6,-5.031,0,0.285,0.076,0,0.642,0.652,91.997,4
spotify:track:5IapkCl4Hi7NsK0qsDmeiS,"Art-B","Art-B","TACONAFIDE;Quebonafide;Taco Hemingway",2018-03-16,199006,0,false,,2021-01-29T11:35:44Z,"","Step Dystrybucja",0.783,0.803,7,-5.926,1,0.27,0.208,0,0.177,0.486,111.958,4
spotify:track:6VfGN9E3V4VVOlbtt0VbgN,"8 kobiet","Soma 0,5 mg","TACONAFIDE;Quebonafide;Taco Hemingway",2018-04-13,199093,0,false,,2021-01-29T10:43:44Z,"","Step Dystrybucja",0.709,0.602,8,-7.697,1,0.0623,0.422,0,0.121,0.322,139.987,4
spotify:track:3FaQgxX3YENJdih4LIQhFF,"CZŁOWIEK Z DZIURĄ ZAMIAST KRTANI","POCZTÓWKA Z WWA, LATO '19","Taco Hemingway",2019-07-24,248400,0,false,,2021-01-28T10:53:33Z,"","Taco Corp",0.766,0.566,10,-7.475,0,0.26,0.548,0,0.374,0.709,123.967,4
spotify:track:4DVPJXPqKLIon9BHklap1w,"LECI NOWY FUTURE","POCZTÓWKA Z WWA, LATO '19","Taco Hemingway",2019-07-24,219293,0,false,,2021-01-19T12:06:43Z,"","Taco Corp",0.713,0.769,0,-6.613,0,0.0478,0.624,0.0000482,0.296,0.876,150.027,4
spotify:track:2voNi0GLxkdLdDXp5MVZi0,"Bakayoko","Flagey EP","Taco Hemingway",2018-07-20,218706,0,true,,2021-01-16T22:11:15Z,"","Taco Corp",0.761,0.694,1,-6.939,0,0.226,0.109,0,0.0867,0.351,139.979,4
spotify:track:6nrdQZP3LI6sxADohoXKtE,"Mięso","Trójkąt warszawski","Taco Hemingway;Bebun",2015-05-13,257672,0,true,,2021-01-16T22:11:08Z,"","Taco Corp",0.794,0.438,6,-13.475,1,0.379,0.74,0,0.0835,0.569,145.792,4
spotify:track:6R8j20ELXQsaLTqOGbB48h,"YIN YANG","STAMINA","Gedz;Taco Hemingway;Sokos",2020-11-19,234893,33,true,,2020-11-25T07:17:02Z,"witch house","Universal Music Polska Sp. z o.o.",0.698,0.768,0,-5.532,0,0.0553,0.226,0,0.172,0.538,141.101,4
spotify:track:7Gx2q0ueNwvDp2BOZYGCMO,"Money - 2011 Remastered Version","The Dark Side Of The Moon (2011 Remastered Version)","Pink Floyd",1973-03-01,380080,2,false,,2020-11-25T06:12:18Z,"rock progresywny,rock psychodeliczny,rock klasyczny,art rock,rock","Pink Floyd Records",0.47,0.505,11,-11.966,0,0.171,0.0194,0.00104,0.206,0.767,124.065,1
spotify:track:5YEOzOojehCqxGQCcQiyR4,"Panda","New English","Desiigner",2016-06-26,246761,71,true,,2020-11-16T12:50:41Z,"","Getting Out Our Dreams Inc. (G.O.O.D.) Music / IDJ",0.576,0.766,10,-4.943,0,0.449,0.0278,0.00000171,0.366,0.236,144.836,4
spotify:track:6i0V12jOa3mr6uu4WYhUBr,"Heathens","Heathens","Twenty One Pilots",2016-06-16,195920,85,false,,2020-11-16T12:37:25Z,"","Atlantic Records",0.732,0.396,4,-9.348,0,0.0286,0.0841,0.0000358,0.105,0.548,90.024,4
spotify:track:7zsXy7vlHdItvUSH8EwQss,"Cold Water","Cold Water","Major Lazer;Justin Bieber;MØ",2016-07-22,185360,76,false,,2020-11-15T19:17:34Z,"moombahton","Mad Decent PS (Bieber/Major Lazer)",0.608,0.798,6,-5.092,0,0.0432,0.0736,0,0.156,0.5,92.946,4
spotify:track:2TYx5h3sQMNbDvX2ymvlDX,"Toskania Outro","Europa","Taco Hemingway;Keeko;Zeppy Zep",2020-09-04,307840,0,false,,2020-11-14T21:11:20Z,"","2020",0.638,0.61,8,-9.588,0,0.256,0.64,0.0000325,0.219,0.473,89.927,4
spotify:track:4hPdYHFBqvj2uxE8SdBjIE,"Świecące Prostokąty","Marmur","Taco Hemingway",2016-11-02,257153,0,false,,2020-11-12T00:15:07Z,"","Asfalt Records",0.783,0.575,1,-10.269,0,0.162,0.46,0,0.179,0.835,140.135,4
spotify:track:7kvJcfaqkbn3CgRunJIdum,"WWA NIE Berlin","Europa","Taco Hemingway;Szpaku",2020-09-04,220986,0,false,,2020-11-11T22:47:11Z,"","2020",0.829,0.77,11,-7.061,0,0.151,0.317,0.0000528,0.174,0.759,88.988,4
spotify:track:3qP7mVYYiXk9BbhH4VM9Mw,"Białkoholicy","Umowa o Dzieło","Taco Hemingway",2015-06-28,280764,0,true,,2020-11-11T22:14:49Z,"","582450 Records DK",0.792,0.623,10,-9.297,0,0.269,0.814,0.00000208,0.385,0.662,93.038,4
spotify:track:5G1cYTNVBpadIwuiViqYDg,"A mówiłem ci","Umowa o Dzieło","Taco Hemingway",2015-06-28,338155,0,true,,2020-11-11T22:09:04Z,"","582450 Records DK",0.809,0.583,11,-6.438,0,0.294,0.331,0,0.107,0.716,149.994,4
spotify:track:3D0E9oVbTGMmo3SSAAvXdj,"Następna stacja","Umowa o Dzieło","Taco Hemingway",2015-06-28,250853,0,true,,2020-11-11T22:09:02Z,"","582450 Records DK",0.728,0.599,11,-8.128,0,0.216,0.584,0,0.0766,0.875,91.001,4
spotify:track:7oJ5ujI4NyTOV8GvrmA23A,"Metallica 808","Soma 0,5 mg","TACONAFIDE;Quebonafide;Taco Hemingway",2018-04-13,187958,0,false,,2020-11-06T22:40:32Z,"","Step Dystrybucja",0.628,0.778,2,-6.34,1,0.25,0.173,0,0.141,0.362,170.069,4
spotify:track:5LCHYPVcy2cetTQ4aFVMp4,"SANATORIUM","POCZTÓWKA Z WWA, LATO '19","Taco Hemingway;Dawid Podsiadło;Rosalie.",2019-07-24,274040,0,false,,2020-11-06T21:19:12Z,"turecki hip-hop","Taco Corp",0.832,0.667,0,-7.167,1,0.0592,0.143,0.0000471,0.269,0.494,140.045,4
spotify:track:7DA7LfFdRDVqSnZ4AmWOrh,"WWA VHS","POCZTÓWKA Z WWA, LATO '19","Taco Hemingway;Ras",2019-07-24,281333,0,false,,2020-11-06T20:58:22Z,"","Taco Corp",0.769,0.691,1,-7.55,1,0.289,0.167,0.00000149,0.521,0.877,119.968,4
spotify:track:4uCdeMF8lssw0kMKtp5vOo,"Na Paryskie Getto Pada Deszcz","Europa","Taco Hemingway;Borucci;Lanek",2020-09-04,222720,0,false,,2020-11-06T19:02:12Z,"","2020",0.844,0.733,5,-5.477,0,0.23,0.539,0,0.119,0.617,92.507,4
spotify:track:1VStjLgfPZDS6QMR2iQNcZ,"Sztylet","Europa","Taco Hemingway",2020-09-04,175920,0,false,,2020-11-06T18:47:55Z,"","2020",0.734,0.678,1,-7.248,0,0.286,0.11,0.0000289,0.0761,0.314,85.006,4
spotify:track:2rkV6eLI8aPQcIdwBF1Rvd,"Pireneje","Europa","Taco Hemingway",2020-09-04,215213,0,false,,2020-11-06T18:37:15Z,"","2020",0.727,0.568,6,-7.209,1,0.341,0.339,0.0000655,0.517,0.3,139.963,4
spotify:track:6jwHyp1E0e1bKvvTtIJmgr,"Michael Essien Birthday Party","Europa","Taco Hemingway;Keeko;Zeppy Zep",2020-09-04,257293,0,false,,2020-11-06T18:21:14Z,"","2020",0.729,0.787,7,-7.077,0,0.157,0.365,0.0000211,0.236,0.386,106.018,4
spotify:track:56QAgaKiMLjyGDWZB9hjsr,"Somebody's Watching Me - Single Version","The Scariest Party","Rockwell",2020-10-16,236480,11,false,,2020-11-03T17:33:25Z,"","UME - Global Clearing House",0.781,0.599,1,-6.348,0,0.0315,0.0355,0.000244,0.0917,0.854,124.112,4
spotify:track:2g0jE8oC141QYXvdOrOdm0,"1990s Utopia","Jarmark","Taco Hemingway;Kacha Kowalczyk",2020-08-28,240506,0,false,,2020-11-01T20:22:40Z,"","2020",0.638,0.577,11,-9.148,0,0.151,0.525,0.0000171,0.176,0.337,140.04,4
spotify:track:3lbSzTMBDuzSPUKSj7CNYe,"W.N.P","Jarmark","Taco Hemingway;CatchUp",2020-08-28,203013,0,false,,2020-11-01T20:22:38Z,"","2020",0.755,0.618,9,-8.05,0,0.294,0.414,0,0.141,0.501,107.107,4
spotify:track:6ylgfbnMGbhHqnIIlvSlff,"Dwuzłotówki Dancing","Jarmark","Taco Hemingway",2020-08-28,284373,0,false,,2020-11-01T20:22:35Z,"","2020",0.687,0.74,2,-6.581,1,0.32,0.74,0.00000145,0.343,0.754,155.005,4
spotify:track:5eqx5ndViv08Vz5FIGpZdg,"Panie, to Wyście!","Jarmark","Taco Hemingway",2020-08-28,225200,0,false,,2020-11-01T20:22:33Z,"","2020",0.799,0.705,2,-8.052,1,0.138,0.344,0.00000807,0.544,0.543,94.007,4
spotify:track:1ImgOZNj6j0pnU9Ti29nkl,"Nie Ufam Sobie Sam","Europa","Taco Hemingway;Borucci",2020-09-04,155200,0,false,,2020-11-01T20:22:26Z,"","2020",0.637,0.489,0,-8.597,0,0.4,0.544,0,0.131,0.387,94.098,4
spotify:track:7sQVxh5ylPBHeYnNoRCZHY,"Ortalion","Europa","Taco Hemingway",2020-09-04,232400,0,false,,2020-10-30T07:30:08Z,"","2020",0.741,0.666,5,-6.803,1,0.0919,0.364,0.0000358,0.163,0.702,80.098,4
spotify:track:0wuuk1Hr5j9uDT5j4J28s3,"Luxembourg","Europa","Taco Hemingway;Lanek",2020-09-04,196946,0,false,,2020-10-30T07:30:00Z,"","2020",0.751,0.627,7,-7.338,1,0.357,0.691,0.0000013,0.0895,0.5,89.518,4
spotify:track:4aVbwkLJ7G4b972zlYhPJa,"Grand Prix","Europa","Taco Hemingway;Borucci",2020-09-04,184546,0,false,,2020-10-30T07:29:52Z,"","2020",0.695,0.745,0,-6.59,0,0.212,0.666,0.0000173,0.342,0.592,87.039,4
spotify:track:2cEgLBtZ9lnBHv0h0JXgaV,"Nie Mam Czasu","Jarmark","Taco Hemingway;CatchUp",2020-08-28,202613,0,false,,2020-10-30T07:29:45Z,"","2020",0.822,0.628,6,-6.817,1,0.216,0.546,0,0.112,0.857,140.052,4
spotify:track:7ukaoNlqUpqUwtER7lHuMg,"Influenza","Jarmark","Taco Hemingway;Gruby Mielzky;Borucci",2020-08-28,268906,0,false,,2020-10-30T07:29:40Z,"","2020",0.759,0.678,6,-8.021,0,0.216,0.633,0.00000122,0.0934,0.373,100.036,4
spotify:track:1MvKqm1tHKFUF88IKx7MKs,"Europa","Europa","Taco Hemingway;Bedoes 2115;Zeppy Zep",2020-09-04,198186,0,false,,2020-10-30T07:29:35Z,"","2020",0.754,0.638,11,-7.382,0,0.115,0.385,0.0000144,0.0999,0.539,169.999,4
spotify:track:4AbMMSPlEZmU5QMBexmBW5,"Break My Stride","Clublagoon","Blue Lagoon",2005,181301,31,false,,2020-10-26T18:07:14Z,"","Magic Records",0.782,0.821,4,-7.097,0,0.0381,0.141,0.00000486,0.282,0.646,105.011,4
spotify:track:5SAUIWdZ04OxYfJFDchC7S,"Smoke on the Water","Machine Head","Deep Purple",1972-03-25,342173,66,false,,2020-10-25T12:43:37Z,"hard rock,rock klasyczny,rock","Rhino/Warner Records",0.632,0.586,0,-11.333,1,0.0284,0.0983,0.581,0.0535,0.89,114.243,4
spotify:track:3m6KkYKdnbffMpGd9Pm9FP,"Seven Nation Army","Elephant","The White Stripes",2003-04-01,231920,7,false,,2020-10-22T19:57:19Z,"garage rock,blues rock,rock,rock alternatywny","XL Recordings",0.745,0.466,4,-7.62,0,0.0864,0.00666,0.35,0.272,0.303,123.889,4
spotify:track:1f3yAtsJtY87CTmM8RLnxf,"Smells Like Teen Spirit","Nevermind (Deluxe Edition)","Nirvana",1991-09-26,301920,12,false,,2020-10-16T11:43:29Z,"grunge,rock","Geffen",0.502,0.912,1,-4.556,1,0.0564,0.0000255,0.000173,0.106,0.72,116.761,4
spotify:track:3CRDbSIZ4r5MsZ0YwxuEkn,"Stressed Out","Blurryface","Twenty One Pilots",2015-05-15,202333,88,false,,2020-10-12T20:22:47Z,"","Fueled By Ramen",0.734,0.637,4,-5.677,0,0.141,0.0462,0.0000229,0.0602,0.648,169.977,4
spotify:track:41PdMtfNMiY4kLLyUtXOQC,"+4822","Umowa o Dzieło","Taco Hemingway",2015-06-28,236068,0,true,,2020-10-12T20:22:34Z,"","582450 Records DK",0.707,0.576,5,-11.723,0,0.47,0.84,0,0.122,0.727,96.217,4
spotify:track:1fidCEsYlaVE3pHwKCvpFZ,"Am I Wrong","Black Star Elephant","Nico & Vinz",2014,245866,81,false,,2020-10-12T20:22:01Z,"","Warner Records",0.729,0.675,8,-6.003,1,0.0312,0.175,0.00000158,0.55,0.779,119.968,4
spotify:track:50kpGaPAhYJ3sGmk6vplg0,"Love Yourself","Purpose (Deluxe)","Justin Bieber",2015-11-13,233720,92,false,,2020-10-12T20:21:23Z,"","RBMG/Def Jam",0.609,0.378,4,-9.828,1,0.438,0.835,0,0.28,0.515,100.43,4
spotify:track:3gbBpTdY8lnQwqxNCcf795,"Pompeii","Bad Blood","Bastille",2013-01-01,214147,74,false,,2020-10-12T20:20:55Z,"","EMI (Virgin)",0.679,0.715,9,-6.383,1,0.0407,0.0755,0,0.271,0.571,127.435,4
spotify:track:5YLHLxoZsodDWjqSgjhBf3,"Myself","COSMIC","Bazzi",2018-04-12,167552,67,false,,2020-10-11T13:38:54Z,"","iamcosmic",0.745,0.561,9,-5.513,0,0.072,0.465,0.00000112,0.0338,0.902,195.918,4
spotify:track:7dbnPDB4gAJVTduLcixNMT,"Demons (Lapalux Remix)","In Tongues (Deluxe)","Joji;Lapalux",2018-02-14,132110,30,true,,2020-10-11T13:34:36Z,"idm","88rising Music / EMPIRE",0.552,0.286,9,-9.519,0,0.038,0.672,0.0000943,0.122,0.201,119.382,4
spotify:track:3Tc57t9l2O8FwQZtQOvPXK,"my strange addiction","WHEN WE ALL FALL ASLEEP, WHERE DO WE GO?","Billie Eilish",2019-03-29,179889,76,false,,2020-10-11T11:23:21Z,"","Darkroom/Interscope Records",0.939,0.305,8,-10.952,0,0.354,0.35,0.000169,0.105,0.563,100.029,4
spotify:track:2Fxmhks0bxGSBdJ92vM42m,"bad guy","WHEN WE ALL FALL ASLEEP, WHERE DO WE GO?","Billie Eilish",2019-03-29,194087,83,false,,2020-10-06T18:04:48Z,"","Darkroom/Interscope Records",0.701,0.425,7,-10.965,1,0.375,0.328,0.13,0.1,0.562,135.128,4
spotify:track:0e7ipj03S05BNilyu5bRzt,"rockstar (feat. 21 Savage)","beerbongs & bentleys","Post Malone;21 Savage",2018-04-27,218146,84,true,,2020-10-06T18:00:38Z,"","Republic Records",0.585,0.52,5,-6.136,0,0.0713,0.124,0.0000775,0.131,0.129,159.798,4
spotify:track:1lOe9qE0vR9zwWQAOk6CoO,"Ransom","We Love You Tecca","Lil Tecca",2019-08-30,131240,83,true,,2020-10-06T17:57:15Z,"melodyjny rap,rap","Republic Records",0.745,0.642,7,-6.257,0,0.287,0.0204,0,0.0658,0.226,179.974,4
spotify:track:1OOtq8tRnDM8kG2gqUPjAj,"Beat It","Thriller 25 Super Deluxe Edition","Michael Jackson",2008-02-08,258040,77,false,,2020-10-04T19:55:54Z,"","Epic/Legacy",0.776,0.867,3,-3.704,0,0.0479,0.0495,0.00000792,0.197,0.918,138.827,4
spotify:track:1RgUcHLTLSMiNG941CYzQL,"Café Belga","Café Belga","Taco Hemingway",2018-07-13,249653,0,true,,2020-10-02T16:25:01Z,"","Taco Corp",0.67,0.607,8,-7.606,1,0.164,0.46,0.00000183,0.384,0.246,174.017,4
spotify:track:3MTef0fYROWYMP8b3ZAepO,"Demons (Lunice Remix)","In Tongues (Deluxe)","Joji;Lunice",2018-02-14,260010,29,true,,2020-10-02T16:17:20Z,"edm trap","88rising Music / EMPIRE",0.834,0.966,0,-3.943,1,0.0425,0.101,0.843,0.14,0.882,119.99,4
spotify:track:4bOr88BuLILM22g8FKQWrG,"Will He (Medasin Remix)","In Tongues (Deluxe)","Joji;Medasin",2018-02-14,222147,37,true,,2020-10-01T18:08:53Z,"future bass","88rising Music / EMPIRE",0.686,0.539,1,-9.408,0,0.092,0.545,0.000564,0.14,0.36,123.929,4
spotify:track:1zmgEIHE0eXH0IhBGuoTkP,"Run","Nectar","Joji",2020-09-24,195000,0,false,,2020-10-01T13:46:07Z,"","88rising Music/Warner Records",0.448,0.72,7,-3.954,1,0.0332,0.0427,0.000292,0.614,0.361,157.919,3
spotify:track:1VGzxJnVQND7Cg5H5wGj14,"YEAH RIGHT","BALLADS 1","Joji",2018-10-26,174357,2,true,,2020-10-01T13:28:53Z,"","88rising Music/Warner Records",0.672,0.588,1,-9.573,1,0.133,0.619,0.241,0.0992,0.204,169.033,4
spotify:track:5ChkMS8OtdzJeqyybCc9R5,"Billie Jean","Thriller 25 Super Deluxe Edition","Michael Jackson",2008-02-08,293826,80,false,,2020-04-02T17:55:57Z,"","Epic/Legacy",0.92,0.654,11,-3.051,0,0.0401,0.0236,0.0153,0.036,0.847,117.046,4
spotify:track:0Y9D1Bc4fAkeZnVsGKdij6,"WANTED U","BALLADS 1","Joji",2018-10-26,251015,0,true,,2019-09-16T20:51:26Z,"","88rising Music/Warner Records",0.305,0.715,7,-7.54,1,0.0554,0.105,0.0495,0.0906,0.29,82.977,4
spotify:track:3xaugmCyXrVkrDTXbFkMW3,"Sanctuary","Sanctuary","Joji",2019-06-14,180018,1,false,,2019-09-07T20:46:42Z,"","88rising Music/Warner Records",0.552,0.65,1,-7.199,1,0.128,0.422,0.000275,0.372,0.316,167.788,4
